Log file open, 05/02/26 12:54:09
LogWindows: Failed to load 'aqProf.dll' (GetLastError=126)
LogWindows: File 'aqProf.dll' does not exist
LogWindows: Failed to load 'VtuneApi.dll' (GetLastError=126)
LogWindows: File 'VtuneApi.dll' does not exist
LogWindows: Failed to load 'VtuneApi32e.dll' (GetLastError=126)
LogWindows: File 'VtuneApi32e.dll' does not exist
LogConsoleResponse: Display: Failed to find resolution value strings in scalability ini. Falling back to default.
LogConsoleResponse: Display: Failed to find resolution value strings in scalability ini. Falling back to default.
LogInit: Display: Running engine for game: Snake
LogPlatformFile: Not using cached read wrapper
LogTaskGraph: Started task graph with 5 named threads and 47 total threads with 3 sets of task threads.
LogStats: Stats thread started at 0.456600
LogICUInternationalization: ICU TimeZone Detection - Raw Offset: +3:00, Platform Override: ''
LogInit: Display: Loading text-based GConfig....
LogPluginManager: Mounting plugin MeshPainting
LogPluginManager: Mounting plugin XGEController
LogPluginManager: Mounting plugin Paper2D
LogPluginManager: Mounting plugin AISupport
LogPluginManager: Mounting plugin EnvironmentQueryEditor
LogPluginManager: Mounting plugin LiveLink
LogPluginManager: Mounting plugin LightPropagationVolume
LogPluginManager: Mounting plugin CameraShakePreviewer
LogPluginManager: Mounting plugin GameplayCameras
LogPluginManager: Mounting plugin OodleData
LogPluginManager: Mounting plugin AnimationSharing
LogPluginManager: Mounting plugin CLionSourceCodeAccess
LogPluginManager: Mounting plugin OodleNetwork
LogPluginManager: Mounting plugin CodeLiteSourceCodeAccess
LogPluginManager: Mounting plugin KDevelopSourceCodeAccess
LogPluginManager: Mounting plugin GitSourceControl
LogPluginManager: Mounting plugin NullSourceCodeAccess
LogPluginManager: Mounting plugin PerforceSourceControl
LogPluginManager: Mounting plugin PixWinPlugin
LogPluginManager: Mounting plugin PluginUtils
LogPluginManager: Mounting plugin PlasticSourceControl
LogPluginManager: Mounting plugin PropertyAccessNode
LogPluginManager: Mounting plugin SubversionSourceControl
LogPluginManager: Mounting plugin TextureFormatOodle
LogPluginManager: Mounting plugin UObjectPlugin
LogPluginManager: Mounting plugin RiderSourceCodeAccess
LogPluginManager: Mounting plugin VisualStudioSourceCodeAccess
LogPluginManager: Mounting plugin VisualStudioCodeSourceCodeAccess
LogPluginManager: Mounting plugin XCodeSourceCodeAccess
LogPluginManager: Mounting plugin AssetManagerEditor
LogPluginManager: Mounting plugin CryptoKeys
LogPluginManager: Mounting plugin DataValidation
LogPluginManager: Mounting plugin GameplayTagsEditor
LogPluginManager: Mounting plugin FacialAnimation
LogPluginManager: Mounting plugin MacGraphicsSwitching
LogPluginManager: Mounting plugin GeometryMode
LogPluginManager: Mounting plugin CurveEditorTools
LogPluginManager: Mounting plugin MaterialAnalyzer
LogPluginManager: Mounting plugin PluginBrowser
LogPluginManager: Mounting plugin MobileLauncherProfileWizard
LogPluginManager: Mounting plugin SpeedTreeImporter
LogPluginManager: Mounting plugin DatasmithContent
LogPluginManager: Mounting plugin VariantManagerContent
LogPluginManager: Mounting plugin AlembicImporter
LogPluginManager: Mounting plugin AutomationUtils
LogPluginManager: Mounting plugin BackChannel
LogPluginManager: Mounting plugin ChaosClothEditor
LogPluginManager: Mounting plugin ChaosCloth
LogPluginManager: Mounting plugin ChaosEditor
LogPluginManager: Mounting plugin ChaosNiagara
LogPluginManager: Mounting plugin ChaosSolverPlugin
LogPluginManager: Mounting plugin CharacterAI
LogPluginManager: Mounting plugin GeometryCache
LogPluginManager: Mounting plugin Niagara
LogPluginManager: Mounting plugin MotoSynth
LogPluginManager: Mounting plugin PlanarCut
LogPluginManager: Mounting plugin PlatformCrypto
LogPluginManager: Mounting plugin PythonScriptPlugin
LogPluginManager: Mounting plugin ProxyLODPlugin
LogPluginManager: Mounting plugin SkeletalReduction
LogPluginManager: Mounting plugin LuminPlatformFeatures
LogPluginManager: Mounting plugin MagicLeap
LogPluginManager: Mounting plugin MagicLeapLightEstimation
LogPluginManager: Mounting plugin MagicLeapMedia
LogPluginManager: Mounting plugin MagicLeapPassableWorld
LogPluginManager: Mounting plugin MLSDK
LogPluginManager: Mounting plugin GeometryProcessing
LogPluginManager: Mounting plugin AndroidMedia
LogPluginManager: Mounting plugin OpenImageDenoise
LogPluginManager: Mounting plugin ImgMedia
LogPluginManager: Mounting plugin MediaCompositing
LogPluginManager: Mounting plugin TcpMessaging
LogPluginManager: Mounting plugin AvfMedia
LogPluginManager: Mounting plugin UdpMessaging
LogPluginManager: Mounting plugin ActorSequence
LogPluginManager: Mounting plugin LevelSequenceEditor
LogPluginManager: Mounting plugin MatineeToLevelSequence
LogPluginManager: Mounting plugin MediaPlayerEditor
LogPluginManager: Mounting plugin WebMMedia
LogPluginManager: Mounting plugin WmfMedia
LogPluginManager: Mounting plugin TemplateSequence
LogPluginManager: Mounting plugin OnlineSubsystem
LogPluginManager: Mounting plugin OnlineSubsystemNull
LogPluginManager: Mounting plugin OnlineSubsystemUtils
LogPluginManager: Mounting plugin ActorLayerUtilities
LogPluginManager: Mounting plugin LauncherChunkInstaller
LogPluginManager: Mounting plugin AndroidDeviceProfileSelector
LogPluginManager: Mounting plugin AndroidMoviePlayer
LogPluginManager: Mounting plugin AndroidPermission
LogPluginManager: Mounting plugin GeometryCollectionPlugin
LogPluginManager: Mounting plugin AppleImageUtils
LogPluginManager: Mounting plugin AppleMoviePlayer
LogPluginManager: Mounting plugin ArchVisCharacter
LogPluginManager: Mounting plugin CustomMeshComponent
LogPluginManager: Mounting plugin ExampleDeviceProfileSelector
LogPluginManager: Mounting plugin EditableMesh
LogPluginManager: Mounting plugin AudioCapture
LogPluginManager: Mounting plugin AudioSynesthesia
LogPluginManager: Mounting plugin ChunkDownloader
LogPluginManager: Mounting plugin CableComponent
LogPluginManager: Mounting plugin GoogleCloudMessaging
LogPluginManager: Mounting plugin GooglePAD
LogPluginManager: Mounting plugin LocationServicesBPLibrary
LogPluginManager: Mounting plugin AssetTags
LogPluginManager: Mounting plugin IOSDeviceProfileSelector
LogPluginManager: Mounting plugin MobilePatchingUtils
LogPluginManager: Mounting plugin ScreenshotTools
LogPluginManager: Mounting plugin OpenXREyeTracker
LogPluginManager: Mounting plugin OpenXRHandTracking
LogPluginManager: Mounting plugin LinuxDeviceProfileSelector
LogPluginManager: Mounting plugin PhysXVehicles
LogPluginManager: Mounting plugin Takes
LogPluginManager: Mounting plugin PostSplashScreen
LogPluginManager: Mounting plugin ProceduralMeshComponent
LogPluginManager: Mounting plugin PropertyAccessEditor
LogPluginManager: Mounting plugin RuntimePhysXCooking
LogPluginManager: Mounting plugin SignificanceManager
LogPluginManager: Mounting plugin SoundFields
LogPluginManager: Mounting plugin OpenXR
LogPluginManager: Mounting plugin WebMMoviePlayer
LogPluginManager: Mounting plugin Synthesis
LogPluginManager: Mounting plugin WindowsMoviePlayer
LogPluginManager: Mounting plugin ContentBrowserAssetDataSource
LogPluginManager: Mounting plugin ContentBrowserFileDataSource
LogPluginManager: Mounting plugin ContentBrowserClassDataSource
LogPluginManager: Mounting plugin OnlineSubsystemGooglePlay
LogPluginManager: Mounting plugin OnlineSubsystemIOS
LogPluginManager: Mounting plugin OculusVR
LogPluginManager: Mounting plugin SteamVR
PixWinPlugin: PIX capture plugin failed to initialize! Check that the process is launched from PIX.
LogInit: Using libcurl 7.55.1-DEV
LogInit:  - built for x86_64-pc-win32
LogInit:  - supports SSL with OpenSSL/1.1.1
LogInit:  - supports HTTP deflate (compression) using libz 1.2.8
LogInit:  - other features:
LogInit:      CURL_VERSION_SSL
LogInit:      CURL_VERSION_LIBZ
LogInit:      CURL_VERSION_IPV6
LogInit:      CURL_VERSION_ASYNCHDNS
LogInit:      CURL_VERSION_LARGEFILE
LogInit:      CURL_VERSION_IDN
LogInit:  CurlRequestOptions (configurable via config and command line):
LogInit:  - bVerifyPeer = true  - Libcurl will verify peer certificate
LogInit:  - bUseHttpProxy = true  - Libcurl will use HTTP proxy
LogInit:  - HttpProxyAddress = '127.0.0.1:12334'
LogInit:  - bDontReuseConnections = false  - Libcurl will reuse connections
LogInit:  - MaxHostConnections = 16  - Libcurl will limit the number of connections to a host
LogInit:  - LocalHostAddr = Default
LogInit:  - BufferSize = 65536
LogOnline: OSS: Creating online subsystem instance for: NULL
LogInit: WinSock: version 1.1 (2.2), MaxSocks=32767, MaxUdp=65467
LogOnline: OSS: TryLoadSubsystemAndSetDefault: Loaded subsystem for module [NULL]
LogOculusPluginWrapper: OculusPlugin initialized successfully
LogHMD: Failed initializing OVRPlugin 1.59.0
LogInit: Build: ++UE4+Release-4.27-CL-18319896
LogInit: Engine Version: 4.27.2-18319896+++UE4+Release-4.27
LogInit: Compatible Engine Version: 4.27.0-17155196+++UE4+Release-4.27
LogInit: Net CL: 17155196
LogInit: OS: Windows 10 (Release 2009) (), CPU: AMD Ryzen 7 5700U with Radeon Graphics         , GPU: AMD Radeon(TM) Graphics
LogInit: Compiled (64-bit): Nov 30 2021 07:12:08
LogInit: Compiled with Visual C++: 19.24.28315.00
LogInit: Build Configuration: Development
LogInit: Branch Name: ++UE4+Release-4.27
LogInit: Command Line:  -skipcompile
LogInit: Base Directory: C:/Program Files/Epic Games/UE_4.27/Engine/Binaries/Win64/
LogInit: Allocator: TBB
LogInit: Installed Engine Build: 1
LogDevObjectVersion: Number of dev versions registered: 29
LogDevObjectVersion:   Dev-Blueprints (B0D832E4-1F89-4F0D-ACCF-7EB736FD4AA2): 10
LogDevObjectVersion:   Dev-Build (E1C64328-A22C-4D53-A36C-8E866417BD8C): 0
LogDevObjectVersion:   Dev-Core (375EC13C-06E4-48FB-B500-84F0262A717E): 4
LogDevObjectVersion:   Dev-Editor (E4B068ED-F494-42E9-A231-DA0B2E46BB41): 40
LogDevObjectVersion:   Dev-Framework (CFFC743F-43B0-4480-9391-14DF171D2073): 37
LogDevObjectVersion:   Dev-Mobile (B02B49B5-BB20-44E9-A304-32B752E40360): 3
LogDevObjectVersion:   Dev-Networking (A4E4105C-59A1-49B5-A7C5-40C4547EDFEE): 0
LogDevObjectVersion:   Dev-Online (39C831C9-5AE6-47DC-9A44-9C173E1C8E7C): 0
LogDevObjectVersion:   Dev-Physics (78F01B33-EBEA-4F98-B9B4-84EACCB95AA2): 14
LogDevObjectVersion:   Dev-Platform (6631380F-2D4D-43E0-8009-CF276956A95A): 0
LogDevObjectVersion:   Dev-Rendering (12F88B9F-8875-4AFC-A67C-D90C383ABD29): 45
LogDevObjectVersion:   Dev-Sequencer (7B5AE74C-D270-4C10-A958-57980B212A5A): 13
LogDevObjectVersion:   Dev-VR (D7296918-1DD6-4BDD-9DE2-64A83CC13884): 3
LogDevObjectVersion:   Dev-LoadTimes (C2A15278-BFE7-4AFE-6C17-90FF531DF755): 1
LogDevObjectVersion:   Private-Geometry (6EACA3D4-40EC-4CC1-B786-8BED09428FC5): 3
LogDevObjectVersion:   Dev-AnimPhys (29E575DD-E0A3-4627-9D10-D276232CDCEA): 17
LogDevObjectVersion:   Dev-Anim (AF43A65D-7FD3-4947-9873-3E8ED9C1BB05): 15
LogDevObjectVersion:   Dev-ReflectionCapture (6B266CEC-1EC7-4B8F-A30B-E4D90942FC07): 1
LogDevObjectVersion:   Dev-Automation (0DF73D61-A23F-47EA-B727-89E90C41499A): 1
LogDevObjectVersion:   FortniteMain (601D1886-AC64-4F84-AA16-D3DE0DEAC7D6): 47
LogDevObjectVersion:   FortniteRelease (E7086368-6B23-4C58-8439-1B7016265E91): 1
LogDevObjectVersion:   Dev-Enterprise (9DFFBCD6-494F-0158-E221-12823C92A888): 10
LogDevObjectVersion:   Dev-Niagara (F2AED0AC-9AFE-416F-8664-AA7FFA26D6FC): 1
LogDevObjectVersion:   Dev-Destruction (174F1F0B-B4C6-45A5-B13F-2EE8D0FB917D): 10
LogDevObjectVersion:   Dev-Physics-Ext (35F94A83-E258-406C-A318-09F59610247C): 41
LogDevObjectVersion:   Dev-PhysicsMaterial-Chaos (B68FC16E-8B1B-42E2-B453-215C058844FE): 1
LogDevObjectVersion:   Dev-CineCamera (B2E18506-4273-CFC2-A54E-F4BB758BBA07): 1
LogDevObjectVersion:   Dev-VirtualProduction (64F58936-FD1B-42BA-BA96-7289D5D0FA4E): 1
LogDevObjectVersion:   Dev-MediaFramework (6F0ED827-A609-4895-9C91-998D90180EA4): 2
LogInit: Presizing for max 25165824 objects, including 0 objects not considered by GC, pre-allocating 0 bytes for permanent pool.
LogConfig: Applying CVar settings from Section [/Script/Engine.StreamingSettings] File [C:/Users/user/Documents/GitHub Unreal/Snake/Snake/Saved/Config/Windows/Engine.ini]
LogConfig: Setting CVar [[s.MinBulkDataSizeForAsyncLoading:131072]]
LogConfig: Setting CVar [[s.AsyncLoadingThreadEnabled:0]]
LogConfig: Setting CVar [[s.EventDrivenLoaderEnabled:1]]
LogConfig: Setting CVar [[s.WarnIfTimeLimitExceeded:0]]
LogConfig: Setting CVar [[s.TimeLimitExceededMultiplier:1.5]]
LogConfig: Setting CVar [[s.TimeLimitExceededMinTime:0.005]]
LogConfig: Setting CVar [[s.UseBackgroundLevelStreaming:1]]
LogConfig: Setting CVar [[s.PriorityAsyncLoadingExtraTime:15.0]]
LogConfig: Setting CVar [[s.LevelStreamingActorsUpdateTimeLimit:5.0]]
LogConfig: Setting CVar [[s.PriorityLevelStreamingActorsUpdateExtraTime:5.0]]
LogConfig: Setting CVar [[s.LevelStreamingComponentsRegistrationGranularity:10]]
LogConfig: Setting CVar [[s.UnregisterComponentsTimeLimit:1.0]]
LogConfig: Setting CVar [[s.LevelStreamingComponentsUnregistrationGranularity:5]]
LogConfig: Setting CVar [[s.FlushStreamingOnExit:1]]
LogInit: Object subsystem initialized
LogConfig: Setting CVar [[con.DebugEarlyDefault:1]]
LogConfig: Setting CVar [[r.setres:1280x720]]
[2026.05.02-09.54.10:310][  0]LogConfig: Setting CVar [[r.VSync:0]]
[2026.05.02-09.54.10:310][  0]LogConfig: Setting CVar [[r.RHICmdBypass:0]]
[2026.05.02-09.54.10:310][  0]LogConfig: Applying CVar settings from Section [/Script/Engine.RendererSettings] File [C:/Users/user/Documents/GitHub Unreal/Snake/Snake/Saved/Config/Windows/Engine.ini]
[2026.05.02-09.54.10:310][  0]LogConfig: Setting CVar [[r.GPUCrashDebugging:0]]
[2026.05.02-09.54.10:311][  0]LogConfig: Applying CVar settings from Section [/Script/Engine.RendererOverrideSettings] File [C:/Users/user/Documents/GitHub Unreal/Snake/Snake/Saved/Config/Windows/Engine.ini]
[2026.05.02-09.54.10:311][  0]LogConfig: Applying CVar settings from Section [/Script/Engine.StreamingSettings] File [C:/Users/user/Documents/GitHub Unreal/Snake/Snake/Saved/Config/Windows/Engine.ini]
[2026.05.02-09.54.10:311][  0]LogConfig: Setting CVar [[s.MinBulkDataSizeForAsyncLoading:131072]]
[2026.05.02-09.54.10:311][  0]LogConfig: Setting CVar [[s.AsyncLoadingThreadEnabled:0]]
[2026.05.02-09.54.10:311][  0]LogConfig: Setting CVar [[s.EventDrivenLoaderEnabled:1]]
[2026.05.02-09.54.10:311][  0]LogConfig: Setting CVar [[s.WarnIfTimeLimitExceeded:0]]
[2026.05.02-09.54.10:311][  0]LogConfig: Setting CVar [[s.TimeLimitExceededMultiplier:1.5]]
[2026.05.02-09.54.10:311][  0]LogConfig: Setting CVar [[s.TimeLimitExceededMinTime:0.005]]
[2026.05.02-09.54.10:311][  0]LogConfig: Setting CVar [[s.UseBackgroundLevelStreaming:1]]
[2026.05.02-09.54.10:312][  0]LogConfig: Setting CVar [[s.PriorityAsyncLoadingExtraTime:15.0]]
[2026.05.02-09.54.10:312][  0]LogConfig: Setting CVar [[s.LevelStreamingActorsUpdateTimeLimit:5.0]]
[2026.05.02-09.54.10:312][  0]LogConfig: Setting CVar [[s.PriorityLevelStreamingActorsUpdateExtraTime:5.0]]
[2026.05.02-09.54.10:312][  0]LogConfig: Setting CVar [[s.LevelStreamingComponentsRegistrationGranularity:10]]
[2026.05.02-09.54.10:312][  0]LogConfig: Setting CVar [[s.UnregisterComponentsTimeLimit:1.0]]
[2026.05.02-09.54.10:312][  0]LogConfig: Setting CVar [[s.LevelStreamingComponentsUnregistrationGranularity:5]]
[2026.05.02-09.54.10:312][  0]LogConfig: Setting CVar [[s.FlushStreamingOnExit:1]]
[2026.05.02-09.54.10:312][  0]LogConfig: Applying CVar settings from Section [/Script/Engine.GarbageCollectionSettings] File [C:/Users/user/Documents/GitHub Unreal/Snake/Snake/Saved/Config/Windows/Engine.ini]
[2026.05.02-09.54.10:312][  0]LogConfig: Setting CVar [[gc.MaxObjectsNotConsideredByGC:1]]
[2026.05.02-09.54.10:313][  0]LogConfig: Setting CVar [[gc.SizeOfPermanentObjectPool:0]]
[2026.05.02-09.54.10:313][  0]LogConfig: Setting CVar [[gc.FlushStreamingOnGC:0]]
[2026.05.02-09.54.10:313][  0]LogConfig: Setting CVar [[gc.NumRetriesBeforeForcingGC:10]]
[2026.05.02-09.54.10:313][  0]LogConfig: Setting CVar [[gc.AllowParallelGC:1]]
[2026.05.02-09.54.10:313][  0]LogConfig: Setting CVar [[gc.TimeBetweenPurgingPendingKillObjects:61.1]]
[2026.05.02-09.54.10:313][  0]LogConfig: Setting CVar [[gc.MaxObjectsInEditor:25165824]]
[2026.05.02-09.54.10:313][  0]LogConfig: Setting CVar [[gc.IncrementalBeginDestroyEnabled:1]]
[2026.05.02-09.54.10:313][  0]LogConfig: Setting CVar [[gc.CreateGCClusters:1]]
[2026.05.02-09.54.10:313][  0]LogConfig: Setting CVar [[gc.MinGCClusterSize:5]]
[2026.05.02-09.54.10:313][  0]LogConfig: Setting CVar [[gc.ActorClusteringEnabled:0]]
[2026.05.02-09.54.10:313][  0]LogConfig: Setting CVar [[gc.BlueprintClusteringEnabled:0]]
[2026.05.02-09.54.10:313][  0]LogConfig: Setting CVar [[gc.UseDisregardForGCOnDedicatedServers:0]]
[2026.05.02-09.54.10:315][  0]LogConfig: Setting CVar [[gc.MultithreadedDestructionEnabled:1]]
[2026.05.02-09.54.10:315][  0]LogConfig: Applying CVar settings from Section [/Script/Engine.NetworkSettings] File [C:/Users/user/Documents/GitHub Unreal/Snake/Snake/Saved/Config/Windows/Engine.ini]
[2026.05.02-09.54.10:315][  0]LogConfig: Applying CVar settings from Section [/Script/UnrealEd.CookerSettings] File [C:/Users/user/Documents/GitHub Unreal/Snake/Snake/Saved/Config/Windows/Engine.ini]
[2026.05.02-09.54.10:322][  0]LogConfig: Applying CVar settings from Section [ViewDistanceQuality@3] File [C:/Users/user/Documents/GitHub Unreal/Snake/Snake/Saved/Config/Windows/Scalability.ini]
[2026.05.02-09.54.10:323][  0]LogConfig: Setting CVar [[r.SkeletalMeshLODBias:0]]
[2026.05.02-09.54.10:323][  0]LogConfig: Setting CVar [[r.ViewDistanceScale:1.0]]
[2026.05.02-09.54.10:323][  0]LogConfig: Applying CVar settings from Section [AntiAliasingQuality@3] File [C:/Users/user/Documents/GitHub Unreal/Snake/Snake/Saved/Config/Windows/Scalability.ini]
[2026.05.02-09.54.10:323][  0]LogConfig: Setting CVar [[r.PostProcessAAQuality:4]]
[2026.05.02-09.54.10:323][  0]LogConfig: Applying CVar settings from Section [ShadowQuality@3] File [C:/Users/user/Documents/GitHub Unreal/Snake/Snake/Saved/Config/Windows/Scalability.ini]
[2026.05.02-09.54.10:324][  0]LogConfig: Setting CVar [[r.LightFunctionQuality:1]]
[2026.05.02-09.54.10:324][  0]LogConfig: Setting CVar [[r.ShadowQuality:5]]
[2026.05.02-09.54.10:324][  0]LogConfig: Setting CVar [[r.Shadow.CSM.MaxCascades:10]]
[2026.05.02-09.54.10:324][  0]LogConfig: Setting CVar [[r.Shadow.MaxResolution:2048]]
[2026.05.02-09.54.10:324][  0]LogConfig: Setting CVar [[r.Shadow.MaxCSMResolution:2048]]
[2026.05.02-09.54.10:324][  0]LogConfig: Setting CVar [[r.Shadow.RadiusThreshold:0.01]]
[2026.05.02-09.54.10:324][  0]LogConfig: Setting CVar [[r.Shadow.DistanceScale:1.0]]
[2026.05.02-09.54.10:324][  0]LogConfig: Setting CVar [[r.Shadow.CSM.TransitionScale:1.0]]
[2026.05.02-09.54.10:324][  0]LogConfig: Setting CVar [[r.Shadow.PreShadowResolutionFactor:1.0]]
[2026.05.02-09.54.10:324][  0]LogConfig: Setting CVar [[r.DistanceFieldShadowing:1]]
[2026.05.02-09.54.10:324][  0]LogConfig: Setting CVar [[r.DistanceFieldAO:1]]
[2026.05.02-09.54.10:324][  0]LogConfig: Setting CVar [[r.AOQuality:2]]
[2026.05.02-09.54.10:325][  0]LogConfig: Setting CVar [[r.VolumetricFog:1]]
[2026.05.02-09.54.10:325][  0]LogConfig: Setting CVar [[r.VolumetricFog.GridPixelSize:8]]
[2026.05.02-09.54.10:325][  0]LogConfig: Setting CVar [[r.VolumetricFog.GridSizeZ:128]]
[2026.05.02-09.54.10:325][  0]LogConfig: Setting CVar [[r.VolumetricFog.HistoryMissSupersampleCount:4]]
[2026.05.02-09.54.10:325][  0]LogConfig: Setting CVar [[r.LightMaxDrawDistanceScale:1]]
[2026.05.02-09.54.10:325][  0]LogConfig: Setting CVar [[r.CapsuleShadows:1]]
[2026.05.02-09.54.10:325][  0]LogConfig: Applying CVar settings from Section [PostProcessQuality@3] File [C:/Users/user/Documents/GitHub Unreal/Snake/Snake/Saved/Config/Windows/Scalability.ini]
[2026.05.02-09.54.10:325][  0]LogConfig: Setting CVar [[r.MotionBlurQuality:4]]
[2026.05.02-09.54.10:325][  0]LogConfig: Setting CVar [[r.AmbientOcclusionMipLevelFactor:0.4]]
[2026.05.02-09.54.10:325][  0]LogConfig: Setting CVar [[r.AmbientOcclusionMaxQuality:100]]
[2026.05.02-09.54.10:326][  0]LogConfig: Setting CVar [[r.AmbientOcclusionLevels:-1]]
[2026.05.02-09.54.10:326][  0]LogConfig: Setting CVar [[r.AmbientOcclusionRadiusScale:1.0]]
[2026.05.02-09.54.10:326][  0]LogConfig: Setting CVar [[r.DepthOfFieldQuality:2]]
[2026.05.02-09.54.10:326][  0]LogConfig: Setting CVar [[r.RenderTargetPoolMin:400]]
[2026.05.02-09.54.10:326][  0]LogConfig: Setting CVar [[r.LensFlareQuality:2]]
[2026.05.02-09.54.10:326][  0]LogConfig: Setting CVar [[r.SceneColorFringeQuality:1]]
[2026.05.02-09.54.10:326][  0]LogConfig: Setting CVar [[r.EyeAdaptationQuality:2]]
[2026.05.02-09.54.10:326][  0]LogConfig: Setting CVar [[r.BloomQuality:5]]
[2026.05.02-09.54.10:326][  0]LogConfig: Setting CVar [[r.FastBlurThreshold:100]]
[2026.05.02-09.54.10:326][  0]LogConfig: Setting CVar [[r.Upscale.Quality:3]]
[2026.05.02-09.54.10:326][  0]LogConfig: Setting CVar [[r.Tonemapper.GrainQuantization:1]]
[2026.05.02-09.54.10:326][  0]LogConfig: Setting CVar [[r.LightShaftQuality:1]]
[2026.05.02-09.54.10:326][  0]LogConfig: Setting CVar [[r.Filter.SizeScale:1]]
[2026.05.02-09.54.10:327][  0]LogConfig: Setting CVar [[r.Tonemapper.Quality:5]]
[2026.05.02-09.54.10:327][  0]LogConfig: Setting CVar [[r.DOF.Gather.AccumulatorQuality:1        ; higher gathering accumulator quality]]
[2026.05.02-09.54.10:327][  0]LogConfig: Setting CVar [[r.DOF.Gather.PostfilterMethod:1          ; Median3x3 postfilering method]]
[2026.05.02-09.54.10:327][  0]LogConfig: Setting CVar [[r.DOF.Gather.EnableBokehSettings:0       ; no bokeh simulation when gathering]]
[2026.05.02-09.54.10:327][  0]LogConfig: Setting CVar [[r.DOF.Gather.RingCount:4                 ; medium number of samples when gathering]]
[2026.05.02-09.54.10:327][  0]LogConfig: Setting CVar [[r.DOF.Scatter.ForegroundCompositing:1    ; additive foreground scattering]]
[2026.05.02-09.54.10:327][  0]LogConfig: Setting CVar [[r.DOF.Scatter.BackgroundCompositing:2    ; additive background scattering]]
[2026.05.02-09.54.10:327][  0]LogConfig: Setting CVar [[r.DOF.Scatter.EnableBokehSettings:1      ; bokeh simulation when scattering]]
[2026.05.02-09.54.10:327][  0]LogConfig: Setting CVar [[r.DOF.Scatter.MaxSpriteRatio:0.1         ; only a maximum of 10% of scattered bokeh]]
[2026.05.02-09.54.10:327][  0]LogConfig: Setting CVar [[r.DOF.Recombine.Quality:1                ; cheap slight out of focus]]
[2026.05.02-09.54.10:327][  0]LogConfig: Setting CVar [[r.DOF.Recombine.EnableBokehSettings:0    ; no bokeh simulation on slight out of focus]]
[2026.05.02-09.54.10:327][  0]LogConfig: Setting CVar [[r.DOF.TemporalAAQuality:1                ; more stable temporal accumulation]]
[2026.05.02-09.54.10:327][  0]LogConfig: Setting CVar [[r.DOF.Kernel.MaxForegroundRadius:0.025]]
[2026.05.02-09.54.10:328][  0]LogConfig: Setting CVar [[r.DOF.Kernel.MaxBackgroundRadius:0.025]]
[2026.05.02-09.54.10:328][  0]LogConfig: Applying CVar settings from Section [TextureQuality@3] File [C:/Users/user/Documents/GitHub Unreal/Snake/Snake/Saved/Config/Windows/Scalability.ini]
[2026.05.02-09.54.10:328][  0]LogConfig: Setting CVar [[r.Streaming.MipBias:0]]
[2026.05.02-09.54.10:328][  0]LogConfig: Setting CVar [[r.Streaming.AmortizeCPUToGPUCopy:0]]
[2026.05.02-09.54.10:328][  0]LogConfig: Setting CVar [[r.Streaming.MaxNumTexturesToStreamPerFrame:0]]
[2026.05.02-09.54.10:328][  0]LogConfig: Setting CVar [[r.Streaming.Boost:1]]
[2026.05.02-09.54.10:328][  0]LogConfig: Setting CVar [[r.MaxAnisotropy:8]]
[2026.05.02-09.54.10:328][  0]LogConfig: Setting CVar [[r.VT.MaxAnisotropy:8]]
[2026.05.02-09.54.10:328][  0]LogConfig: Setting CVar [[r.Streaming.LimitPoolSizeToVRAM:0]]
[2026.05.02-09.54.10:328][  0]LogConfig: Setting CVar [[r.Streaming.PoolSize:1000]]
[2026.05.02-09.54.10:328][  0]LogConfig: Setting CVar [[r.Streaming.MaxEffectiveScreenSize:0]]
[2026.05.02-09.54.10:328][  0]LogConfig: Applying CVar settings from Section [EffectsQuality@3] File [C:/Users/user/Documents/GitHub Unreal/Snake/Snake/Saved/Config/Windows/Scalability.ini]
[2026.05.02-09.54.10:328][  0]LogConfig: Setting CVar [[r.TranslucencyLightingVolumeDim:64]]
[2026.05.02-09.54.10:328][  0]LogConfig: Setting CVar [[r.RefractionQuality:2]]
[2026.05.02-09.54.10:328][  0]LogConfig: Setting CVar [[r.SSR.Quality:3]]
[2026.05.02-09.54.10:328][  0]LogConfig: Setting CVar [[r.SSR.HalfResSceneColor:0]]
[2026.05.02-09.54.10:328][  0]LogConfig: Setting CVar [[r.SceneColorFormat:4]]
[2026.05.02-09.54.10:329][  0]LogConfig: Setting CVar [[r.DetailMode:2]]
[2026.05.02-09.54.10:329][  0]LogConfig: Setting CVar [[r.TranslucencyVolumeBlur:1]]
[2026.05.02-09.54.10:329][  0]LogConfig: Setting CVar [[r.MaterialQualityLevel:1 ; High quality]]
[2026.05.02-09.54.10:329][  0]LogConfig: Setting CVar [[r.AnisotropicMaterials:1]]
[2026.05.02-09.54.10:329][  0]LogConfig: Setting CVar [[r.SSS.Scale:1]]
[2026.05.02-09.54.10:329][  0]LogConfig: Setting CVar [[r.SSS.SampleSet:2]]
[2026.05.02-09.54.10:329][  0]LogConfig: Setting CVar [[r.SSS.Quality:1]]
[2026.05.02-09.54.10:329][  0]LogConfig: Setting CVar [[r.SSS.HalfRes:0]]
[2026.05.02-09.54.10:329][  0]LogConfig: Setting CVar [[r.SSGI.Quality:3]]
[2026.05.02-09.54.10:329][  0]LogConfig: Setting CVar [[r.EmitterSpawnRateScale:1.0]]
[2026.05.02-09.54.10:329][  0]LogConfig: Setting CVar [[r.ParticleLightQuality:2]]
[2026.05.02-09.54.10:329][  0]LogConfig: Setting CVar [[r.SkyAtmosphere.AerialPerspectiveLUT.FastApplyOnOpaque:1 ; Always have FastSkyLUT 1 in this case to avoid wrong sky]]
[2026.05.02-09.54.10:329][  0]LogConfig: Setting CVar [[r.SkyAtmosphere.AerialPerspectiveLUT.SampleCountMaxPerSlice:4]]
[2026.05.02-09.54.10:329][  0]LogConfig: Setting CVar [[r.SkyAtmosphere.AerialPerspectiveLUT.DepthResolution:16.0]]
[2026.05.02-09.54.10:329][  0]LogConfig: Setting CVar [[r.SkyAtmosphere.FastSkyLUT:1]]
[2026.05.02-09.54.10:329][  0]LogConfig: Setting CVar [[r.SkyAtmosphere.FastSkyLUT.SampleCountMin:4.0]]
[2026.05.02-09.54.10:331][  0]LogConfig: Setting CVar [[r.SkyAtmosphere.FastSkyLUT.SampleCountMax:128.0]]
[2026.05.02-09.54.10:331][  0]LogConfig: Setting CVar [[r.SkyAtmosphere.SampleCountMin:4.0]]
[2026.05.02-09.54.10:331][  0]LogConfig: Setting CVar [[r.SkyAtmosphere.SampleCountMax:128.0]]
[2026.05.02-09.54.10:331][  0]LogConfig: Setting CVar [[r.SkyAtmosphere.TransmittanceLUT.UseSmallFormat:0]]
[2026.05.02-09.54.10:331][  0]LogConfig: Setting CVar [[r.SkyAtmosphere.TransmittanceLUT.SampleCount:10.0]]
[2026.05.02-09.54.10:331][  0]LogConfig: Setting CVar [[r.SkyAtmosphere.MultiScatteringLUT.SampleCount:15.0]]
[2026.05.02-09.54.10:331][  0]LogConfig: Setting CVar [[r.SkyLight.RealTimeReflectionCapture:1]]
[2026.05.02-09.54.10:331][  0]LogConfig: Applying CVar settings from Section [FoliageQuality@3] File [C:/Users/user/Documents/GitHub Unreal/Snake/Snake/Saved/Config/Windows/Scalability.ini]
[2026.05.02-09.54.10:331][  0]LogConfig: Setting CVar [[foliage.DensityScale:1.0]]
[2026.05.02-09.54.10:331][  0]LogConfig: Setting CVar [[grass.DensityScale:1.0]]
[2026.05.02-09.54.10:331][  0]LogConfig: Applying CVar settings from Section [ShadingQuality@3] File [C:/Users/user/Documents/GitHub Unreal/Snake/Snake/Saved/Config/Windows/Scalability.ini]
[2026.05.02-09.54.10:331][  0]LogConfig: Setting CVar [[r.HairStrands.SkyLighting.IntegrationType:2]]
[2026.05.02-09.54.10:331][  0]LogConfig: Setting CVar [[r.HairStrands.SkyAO.SampleCount:4]]
[2026.05.02-09.54.10:331][  0]LogConfig: Setting CVar [[r.HairStrands.Visibility.MSAA.SamplePerPixel:4]]
[2026.05.02-09.54.10:332][  0]LogInit: Selected Device Profile: [Windows]
[2026.05.02-09.54.10:332][  0]LogInit: Applying CVar settings loaded from the selected device profile: [Windows]
[2026.05.02-09.54.10:332][  0]LogHAL: Display: Platform has ~ 16 GB [16469520384 / 17179869184 / 16], which maps to Larger [LargestMinGB=32, LargerMinGB=12, DefaultMinGB=8, SmallerMinGB=6, SmallestMinGB=0)
[2026.05.02-09.54.10:332][  0]LogInit: Going up to parent DeviceProfile []
[2026.05.02-09.54.10:332][  0]LogConfig: Applying CVar settings from Section [ViewDistanceQuality@1] File [C:/Users/user/Documents/GitHub Unreal/Snake/Snake/Saved/Config/Windows/Scalability.ini]
[2026.05.02-09.54.10:332][  0]LogConfig: Setting CVar [[r.SkeletalMeshLODBias:1]]
[2026.05.02-09.54.10:332][  0]LogConfig: Setting CVar [[r.ViewDistanceScale:0.6]]
[2026.05.02-09.54.10:332][  0]LogConfig: Applying CVar settings from Section [AntiAliasingQuality@1] File [C:/Users/user/Documents/GitHub Unreal/Snake/Snake/Saved/Config/Windows/Scalability.ini]
[2026.05.02-09.54.10:332][  0]LogConfig: Setting CVar [[r.PostProcessAAQuality:2]]
[2026.05.02-09.54.10:332][  0]LogConfig: Applying CVar settings from Section [ShadowQuality@1] File [C:/Users/user/Documents/GitHub Unreal/Snake/Snake/Saved/Config/Windows/Scalability.ini]
[2026.05.02-09.54.10:332][  0]LogConfig: Setting CVar [[r.LightFunctionQuality:1]]
[2026.05.02-09.54.10:332][  0]LogConfig: Setting CVar [[r.ShadowQuality:3]]
[2026.05.02-09.54.10:332][  0]LogConfig: Setting CVar [[r.Shadow.CSM.MaxCascades:1]]
[2026.05.02-09.54.10:332][  0]LogConfig: Setting CVar [[r.Shadow.MaxResolution:1024]]
[2026.05.02-09.54.10:333][  0]LogConfig: Setting CVar [[r.Shadow.MaxCSMResolution:1024]]
[2026.05.02-09.54.10:333][  0]LogConfig: Setting CVar [[r.Shadow.RadiusThreshold:0.05]]
[2026.05.02-09.54.10:333][  0]LogConfig: Setting CVar [[r.Shadow.DistanceScale:0.7]]
[2026.05.02-09.54.10:333][  0]LogConfig: Setting CVar [[r.Shadow.CSM.TransitionScale:0.25]]
[2026.05.02-09.54.10:333][  0]LogConfig: Setting CVar [[r.Shadow.PreShadowResolutionFactor:0.5]]
[2026.05.02-09.54.10:333][  0]LogConfig: Setting CVar [[r.DistanceFieldShadowing:0]]
[2026.05.02-09.54.10:333][  0]LogConfig: Setting CVar [[r.DistanceFieldAO:0]]
[2026.05.02-09.54.10:333][  0]LogConfig: Setting CVar [[r.VolumetricFog:0]]
[2026.05.02-09.54.10:333][  0]LogConfig: Setting CVar [[r.LightMaxDrawDistanceScale:.5]]
[2026.05.02-09.54.10:333][  0]LogConfig: Setting CVar [[r.CapsuleShadows:1]]
[2026.05.02-09.54.10:333][  0]LogConfig: Applying CVar settings from Section [PostProcessQuality@1] File [C:/Users/user/Documents/GitHub Unreal/Snake/Snake/Saved/Config/Windows/Scalability.ini]
[2026.05.02-09.54.10:333][  0]LogConfig: Setting CVar [[r.MotionBlurQuality:3]]
[2026.05.02-09.54.10:333][  0]LogConfig: Setting CVar [[r.AmbientOcclusionMipLevelFactor:1.0]]
[2026.05.02-09.54.10:333][  0]LogConfig: Setting CVar [[r.AmbientOcclusionMaxQuality:60]]
[2026.05.02-09.54.10:333][  0]LogConfig: Setting CVar [[r.AmbientOcclusionLevels:-1]]
[2026.05.02-09.54.10:333][  0]LogConfig: Setting CVar [[r.AmbientOcclusionRadiusScale:1.5]]
[2026.05.02-09.54.10:333][  0]LogConfig: Setting CVar [[r.DepthOfFieldQuality:1]]
[2026.05.02-09.54.10:334][  0]LogConfig: Setting CVar [[r.RenderTargetPoolMin:350]]
[2026.05.02-09.54.10:334][  0]LogConfig: Setting CVar [[r.LensFlareQuality:0]]
[2026.05.02-09.54.10:334][  0]LogConfig: Setting CVar [[r.SceneColorFringeQuality:0]]
[2026.05.02-09.54.10:334][  0]LogConfig: Setting CVar [[r.EyeAdaptationQuality:2]]
[2026.05.02-09.54.10:334][  0]LogConfig: Setting CVar [[r.BloomQuality:4]]
[2026.05.02-09.54.10:334][  0]LogConfig: Setting CVar [[r.FastBlurThreshold:2]]
[2026.05.02-09.54.10:334][  0]LogConfig: Setting CVar [[r.Upscale.Quality:2]]
[2026.05.02-09.54.10:334][  0]LogConfig: Setting CVar [[r.Tonemapper.GrainQuantization:0]]
[2026.05.02-09.54.10:334][  0]LogConfig: Setting CVar [[r.LightShaftQuality:0]]
[2026.05.02-09.54.10:334][  0]LogConfig: Setting CVar [[r.Filter.SizeScale:0.7]]
[2026.05.02-09.54.10:334][  0]LogConfig: Setting CVar [[r.Tonemapper.Quality:2]]
[2026.05.02-09.54.10:334][  0]LogConfig: Setting CVar [[r.DOF.Gather.AccumulatorQuality:0        ; lower gathering accumulator quality]]
[2026.05.02-09.54.10:334][  0]LogConfig: Setting CVar [[r.DOF.Gather.PostfilterMethod:2          ; Max3x3 postfilering method]]
[2026.05.02-09.54.10:334][  0]LogConfig: Setting CVar [[r.DOF.Gather.EnableBokehSettings:0       ; no bokeh simulation when gathering]]
[2026.05.02-09.54.10:334][  0]LogConfig: Setting CVar [[r.DOF.Gather.RingCount:3                 ; low number of samples when gathering]]
[2026.05.02-09.54.10:334][  0]LogConfig: Setting CVar [[r.DOF.Scatter.ForegroundCompositing:0    ; no foreground scattering]]
[2026.05.02-09.54.10:335][  0]LogConfig: Setting CVar [[r.DOF.Scatter.BackgroundCompositing:0    ; no foreground scattering]]
[2026.05.02-09.54.10:335][  0]LogConfig: Setting CVar [[r.DOF.Recombine.Quality:0                ; no slight out of focus]]
[2026.05.02-09.54.10:335][  0]LogConfig: Setting CVar [[r.DOF.TemporalAAQuality:0                ; faster temporal accumulation]]
[2026.05.02-09.54.10:335][  0]LogConfig: Setting CVar [[r.DOF.Kernel.MaxForegroundRadius:0.006   ; required because low gathering and no scattering and not looking great at 1080p]]
[2026.05.02-09.54.10:335][  0]LogConfig: Setting CVar [[r.DOF.Kernel.MaxBackgroundRadius:0.006   ; required because low gathering and no scattering and not looking great at 1080p]]
[2026.05.02-09.54.10:335][  0]LogConfig: Applying CVar settings from Section [TextureQuality@1] File [C:/Users/user/Documents/GitHub Unreal/Snake/Snake/Saved/Config/Windows/Scalability.ini]
[2026.05.02-09.54.10:335][  0]LogConfig: Setting CVar [[r.Streaming.MipBias:1]]
[2026.05.02-09.54.10:335][  0]LogConfig: Setting CVar [[r.Streaming.AmortizeCPUToGPUCopy:0]]
[2026.05.02-09.54.10:335][  0]LogConfig: Setting CVar [[r.Streaming.MaxNumTexturesToStreamPerFrame:0]]
[2026.05.02-09.54.10:335][  0]LogConfig: Setting CVar [[r.Streaming.Boost:1]]
[2026.05.02-09.54.10:335][  0]LogConfig: Setting CVar [[r.MaxAnisotropy:2]]
[2026.05.02-09.54.10:335][  0]LogConfig: Setting CVar [[r.VT.MaxAnisotropy:4]]
[2026.05.02-09.54.10:335][  0]LogConfig: Setting CVar [[r.Streaming.LimitPoolSizeToVRAM:1]]
[2026.05.02-09.54.10:335][  0]LogConfig: Setting CVar [[r.Streaming.PoolSize:600]]
[2026.05.02-09.54.10:335][  0]LogConfig: Setting CVar [[r.Streaming.MaxEffectiveScreenSize:0]]
[2026.05.02-09.54.10:335][  0]LogConfig: Applying CVar settings from Section [EffectsQuality@1] File [C:/Users/user/Documents/GitHub Unreal/Snake/Snake/Saved/Config/Windows/Scalability.ini]
[2026.05.02-09.54.10:336][  0]LogConfig: Setting CVar [[r.TranslucencyLightingVolumeDim:32]]
[2026.05.02-09.54.10:336][  0]LogConfig: Setting CVar [[r.RefractionQuality:0]]
[2026.05.02-09.54.10:336][  0]LogConfig: Setting CVar [[r.SSR.Quality:0]]
[2026.05.02-09.54.10:336][  0]LogConfig: Setting CVar [[r.SSR.HalfResSceneColor:1]]
[2026.05.02-09.54.10:336][  0]LogConfig: Setting CVar [[r.SceneColorFormat:3]]
[2026.05.02-09.54.10:336][  0]LogConfig: Setting CVar [[r.DetailMode:1]]
[2026.05.02-09.54.10:336][  0]LogConfig: Setting CVar [[r.TranslucencyVolumeBlur:0]]
[2026.05.02-09.54.10:336][  0]LogConfig: Setting CVar [[r.MaterialQualityLevel:2 ; Medium quality]]
[2026.05.02-09.54.10:336][  0]LogConfig: Setting CVar [[r.AnisotropicMaterials:0]]
[2026.05.02-09.54.10:336][  0]LogConfig: Setting CVar [[r.SSS.Scale:0.75]]
[2026.05.02-09.54.10:336][  0]LogConfig: Setting CVar [[r.SSS.SampleSet:0]]
[2026.05.02-09.54.10:336][  0]LogConfig: Setting CVar [[r.SSS.Quality:0]]
[2026.05.02-09.54.10:336][  0]LogConfig: Setting CVar [[r.SSS.HalfRes:1]]
[2026.05.02-09.54.10:336][  0]LogConfig: Setting CVar [[r.SSGI.Quality:1]]
[2026.05.02-09.54.10:336][  0]LogConfig: Setting CVar [[r.EmitterSpawnRateScale:0.25]]
[2026.05.02-09.54.10:336][  0]LogConfig: Setting CVar [[r.ParticleLightQuality:0]]
[2026.05.02-09.54.10:336][  0]LogConfig: Setting CVar [[r.SkyAtmosphere.AerialPerspectiveLUT.FastApplyOnOpaque:1 ; Always have FastSkyLUT 1 in this case to avoid wrong sky]]
[2026.05.02-09.54.10:336][  0]LogConfig: Setting CVar [[r.SkyAtmosphere.AerialPerspectiveLUT.SampleCountMaxPerSlice:1]]
[2026.05.02-09.54.10:337][  0]LogConfig: Setting CVar [[r.SkyAtmosphere.AerialPerspectiveLUT.DepthResolution:16.0]]
[2026.05.02-09.54.10:337][  0]LogConfig: Setting CVar [[r.SkyAtmosphere.FastSkyLUT:1]]
[2026.05.02-09.54.10:337][  0]LogConfig: Setting CVar [[r.SkyAtmosphere.FastSkyLUT.SampleCountMin:4.0]]
[2026.05.02-09.54.10:337][  0]LogConfig: Setting CVar [[r.SkyAtmosphere.FastSkyLUT.SampleCountMax:32.0]]
[2026.05.02-09.54.10:337][  0]LogConfig: Setting CVar [[r.SkyAtmosphere.SampleCountMin:4.0]]
[2026.05.02-09.54.10:337][  0]LogConfig: Setting CVar [[r.SkyAtmosphere.SampleCountMax:32.0]]
[2026.05.02-09.54.10:337][  0]LogConfig: Setting CVar [[r.SkyAtmosphere.TransmittanceLUT.UseSmallFormat:0]]
[2026.05.02-09.54.10:337][  0]LogConfig: Setting CVar [[r.SkyAtmosphere.TransmittanceLUT.SampleCount:10.0]]
[2026.05.02-09.54.10:337][  0]LogConfig: Setting CVar [[r.SkyAtmosphere.MultiScatteringLUT.SampleCount:15.0]]
[2026.05.02-09.54.10:337][  0]LogConfig: Setting CVar [[r.SkyLight.RealTimeReflectionCapture:0]]
[2026.05.02-09.54.10:337][  0]LogConfig: Applying CVar settings from Section [FoliageQuality@1] File [C:/Users/user/Documents/GitHub Unreal/Snake/Snake/Saved/Config/Windows/Scalability.ini]
[2026.05.02-09.54.10:337][  0]LogConfig: Setting CVar [[foliage.DensityScale:0.4]]
[2026.05.02-09.54.10:338][  0]LogConfig: Setting CVar [[grass.DensityScale:0.4]]
[2026.05.02-09.54.10:338][  0]LogConfig: Applying CVar settings from Section [ShadingQuality@1] File [C:/Users/user/Documents/GitHub Unreal/Snake/Snake/Saved/Config/Windows/Scalability.ini]
[2026.05.02-09.54.10:338][  0]LogConfig: Setting CVar [[r.HairStrands.SkyLighting.IntegrationType:2]]
[2026.05.02-09.54.10:338][  0]LogConfig: Setting CVar [[r.HairStrands.SkyAO.SampleCount:4]]
[2026.05.02-09.54.10:338][  0]LogConfig: Setting CVar [[r.HairStrands.Visibility.MSAA.SamplePerPixel:1]]
[2026.05.02-09.54.10:338][  0]LogConfig: Applying CVar settings from Section [Startup] File [../../../Engine/Config/ConsoleVariables.ini]
[2026.05.02-09.54.10:338][  0]LogConfig: Setting CVar [[net.UseAdaptiveNetUpdateFrequency:0]]
[2026.05.02-09.54.10:338][  0]LogConfig: Setting CVar [[p.chaos.AllowCreatePhysxBodies:1]]
[2026.05.02-09.54.10:339][  0]LogConfig: Setting CVar [[fx.SkipVectorVMBackendOptimizations:1]]
[2026.05.02-09.54.10:339][  0]LogConfig: Applying CVar settings from Section [ConsoleVariables] File [C:/Users/user/Documents/GitHub Unreal/Snake/Snake/Saved/Config/Windows/Engine.ini]
[2026.05.02-09.54.10:339][  0]LogConfig: Applying CVar settings from Section [ConsoleVariables] File [C:/Users/user/Documents/GitHub Unreal/Snake/Snake/Saved/Config/Windows/Editor.ini]
[2026.05.02-09.54.10:339][  0]LogInit: Computer: WIN-F0BR1M2G8QI
[2026.05.02-09.54.10:339][  0]LogInit: User: user
[2026.05.02-09.54.10:339][  0]LogInit: CPU Page size=4096, Cores=8
[2026.05.02-09.54.10:339][  0]LogInit: High frequency timer resolution =10.000000 MHz
[2026.05.02-09.54.10:340][  0]LogMemory: Memory total: Physical=15.3GB (16GB approx)
[2026.05.02-09.54.10:340][  0]LogMemory: Platform Memory Stats for Windows
[2026.05.02-09.54.10:340][  0]LogMemory: Process Physical Memory: 150.90 MB used, 150.90 MB peak
[2026.05.02-09.54.10:340][  0]LogMemory: Process Virtual Memory: 129.71 MB used, 129.71 MB peak
[2026.05.02-09.54.10:340][  0]LogMemory: Physical Memory: 11556.52 MB used,  4150.04 MB free, 15706.56 MB total
[2026.05.02-09.54.10:340][  0]LogMemory: Virtual Memory: 134213688.00 MB used,  4042.94 MB free, 134217728.00 MB total
[2026.05.02-09.54.10:403][  0]LogWindows: WindowsPlatformFeatures enabled
[2026.05.02-09.54.10:520][  0]LogInit: Physics initialised using underlying interface: PhysX
[2026.05.02-09.54.10:522][  0]LogInit: Using OS detected language (ru-RU).
[2026.05.02-09.54.10:522][  0]LogInit: Using OS detected locale (ru-RU).
[2026.05.02-09.54.10:530][  0]LogTextLocalizationManager: No specific localization for 'ru-RU' exists, so the 'ru' localization will be used.
[2026.05.02-09.54.10:530][  0]LogTextLocalizationResource: LocRes '../../../Engine/Content/Localization/Editor/ru/Editor.locres' could not be opened for reading!
[2026.05.02-09.54.10:531][  0]LogTextLocalizationResource: LocRes '../../../Engine/Content/Localization/EditorTutorials/ru/EditorTutorials.locres' could not be opened for reading!
[2026.05.02-09.54.10:531][  0]LogTextLocalizationResource: LocRes '../../../Engine/Content/Localization/Keywords/ru/Keywords.locres' could not be opened for reading!
[2026.05.02-09.54.10:532][  0]LogTextLocalizationResource: LocRes '../../../Engine/Content/Localization/Category/ru/Category.locres' could not be opened for reading!
[2026.05.02-09.54.10:532][  0]LogTextLocalizationResource: LocRes '../../../Engine/Content/Localization/ToolTips/ru/ToolTips.locres' could not be opened for reading!
[2026.05.02-09.54.10:532][  0]LogTextLocalizationResource: LocRes '../../../Engine/Content/Localization/PropertyNames/ru/PropertyNames.locres' could not be opened for reading!
[2026.05.02-09.54.10:532][  0]LogTextLocalizationResource: LocRes '../../../Engine/Content/Localization/Engine/ru/Engine.locres' could not be opened for reading!
[2026.05.02-09.54.10:535][  0]LogInit: Setting process to per monitor DPI aware
[2026.05.02-09.54.10:569][  0]LogWindowsTextInputMethodSystem: Display: IME system deactivated.
[2026.05.02-09.54.10:601][  0]LogSlate: New Slate User Created.  User Index 0, Is Virtual User: 0
[2026.05.02-09.54.10:601][  0]LogSlate: Slate User Registered.  User Index 0, Is Virtual User: 0
[2026.05.02-09.54.10:805][  0]LogD3D11RHI: Loaded GFSDK_Aftermath_Lib.x64.dll
[2026.05.02-09.54.10:826][  0]LogHMD: Failed to initialize OpenVR with code 110
[2026.05.02-09.54.10:827][  0]LogD3D11RHI: D3D11 min allowed feature level: 11_0
[2026.05.02-09.54.10:827][  0]LogD3D11RHI: D3D11 max allowed feature level: 11_0
[2026.05.02-09.54.10:827][  0]LogD3D11RHI: D3D11 adapters:
[2026.05.02-09.54.10:911][  0]LogD3D11RHI:    0. 'AMD Radeon(TM) Graphics' (Feature Level 11_0)
[2026.05.02-09.54.10:911][  0]LogD3D11RHI:       495/0/7853 MB DedicatedVideo/DedicatedSystem/SharedSystem, Outputs:1, VendorId:0x1002
[2026.05.02-09.54.10:919][  0]LogD3D11RHI:    1. 'Microsoft Basic Render Driver' (Feature Level 11_0)
[2026.05.02-09.54.10:919][  0]LogD3D11RHI:       0/0/7853 MB DedicatedVideo/DedicatedSystem/SharedSystem, Outputs:0, VendorId:0x1414
[2026.05.02-09.54.10:991][  0]LogD3D11RHI:    2. 'AMD Radeon(TM) Graphics' (Feature Level 11_0)
[2026.05.02-09.54.10:992][  0]LogD3D11RHI:       495/0/7853 MB DedicatedVideo/DedicatedSystem/SharedSystem, Outputs:0, VendorId:0x1002
[2026.05.02-09.54.10:992][  0]LogD3D11RHI: Chosen D3D11 Adapter:
[2026.05.02-09.54.10:992][  0]LogD3D11RHI:     Description : AMD Radeon(TM) Graphics
[2026.05.02-09.54.10:992][  0]LogD3D11RHI:     VendorId    : 1002
[2026.05.02-09.54.10:992][  0]LogD3D11RHI:     DeviceId    : 164c
[2026.05.02-09.54.10:992][  0]LogD3D11RHI:     SubSysId    : 1410152d
[2026.05.02-09.54.10:992][  0]LogD3D11RHI:     Revision    : 00c1
[2026.05.02-09.54.10:992][  0]LogD3D11RHI:     DedicatedVideoMemory : 519634944 bytes
[2026.05.02-09.54.10:992][  0]LogD3D11RHI:     DedicatedSystemMemory : 0 bytes
[2026.05.02-09.54.10:992][  0]LogD3D11RHI:     SharedSystemMemory : 8234760192 bytes
[2026.05.02-09.54.10:992][  0]LogD3D11RHI:     AdapterLuid : 0 45828
[2026.05.02-09.54.11:005][  0]LogD3D11RHI: Creating new Direct3DDevice
[2026.05.02-09.54.11:005][  0]LogD3D11RHI:     GPU DeviceId: 0x164c (for the marketing name, search the web for "GPU Device Id")
[2026.05.02-09.54.11:006][  0]LogWindows: EnumDisplayDevices:
[2026.05.02-09.54.11:006][  0]LogWindows:    0. 'AMD Radeon(TM) Graphics' (P:1 D:1)
[2026.05.02-09.54.11:007][  0]LogWindows:    1. 'AMD Radeon(TM) Graphics' (P:0 D:0)
[2026.05.02-09.54.11:007][  0]LogWindows:    2. 'AMD Radeon(TM) Graphics' (P:0 D:0)
[2026.05.02-09.54.11:009][  0]LogWindows:    3. 'IddDesk Device' (P:0 D:0)
[2026.05.02-09.54.11:010][  0]LogWindows:    4. 'IddDesk Device' (P:0 D:0)
[2026.05.02-09.54.11:011][  0]LogWindows:    5. 'IddDesk Device' (P:0 D:0)
[2026.05.02-09.54.11:013][  0]LogWindows:    6. 'IddDesk Device' (P:0 D:0)
[2026.05.02-09.54.11:013][  0]LogWindows:    7. 'IddDesk Device' (P:0 D:0)
[2026.05.02-09.54.11:013][  0]LogWindows:    8. 'IddDesk Device' (P:0 D:0)
[2026.05.02-09.54.11:014][  0]LogWindows:    9. 'IddDesk Device' (P:0 D:0)
[2026.05.02-09.54.11:015][  0]LogWindows:    10. 'IddDesk Device' (P:0 D:0)
[2026.05.02-09.54.11:015][  0]LogWindows:    11. 'IddDesk Device' (P:0 D:0)
[2026.05.02-09.54.11:016][  0]LogWindows:    12. 'IddDesk Device' (P:0 D:0)
[2026.05.02-09.54.11:016][  0]LogWindows: DebugString: GetVideoDriverDetailsInvalid PrimaryIsNotTheChoosenAdapter GetVideoDriverDetailsInvalid PrimaryIsNotTheChoosenAdapter GetVideoDriverDetailsInvalid PrimaryIsNotTheChoosenAdapter GetVideoDriverDetailsInvalid PrimaryIsNotTheChoosenAdapter GetVideoDriverDetailsInvalid PrimaryIsNotTheChoosenAdapter GetVideoDriverDetailsInvalid PrimaryIsNotTheChoosenAdapter GetVideoDriverDetailsInvalid PrimaryIsNotTheChoosenAdapter GetVideoDriverDetailsInvalid PrimaryIsNotTheChoosenAdapter GetVideoDriverDetailsInvalid PrimaryIsNotTheChoosenAdapter GetVideoDriverDetailsInvalid PrimaryIsNotTheChoosenAdapter FoundDriverCount:3 
[2026.05.02-09.54.11:016][  0]LogD3D11RHI:     Adapter Name: AMD Radeon(TM) Graphics
[2026.05.02-09.54.11:016][  0]LogD3D11RHI:   Driver Version: AMD Software: Adrenalin Edition 26.1.1 (internal:31.0.21924.61, unified:31.0.21924.61)
[2026.05.02-09.54.11:016][  0]LogD3D11RHI:      Driver Date: 12-11-2025
[2026.05.02-09.54.11:016][  0]LogRHI: Texture pool is 5372 MB (70% of 7675 MB)
[2026.05.02-09.54.11:268][  0]LogD3D11RHI: Creating D3DDevice with AMD AGS, using adapter:
[2026.05.02-09.54.11:269][  0]LogD3D11RHI:     Description : AMD Radeon(TM) Graphics
[2026.05.02-09.54.11:269][  0]LogD3D11RHI:     VendorId    : 1002
[2026.05.02-09.54.11:269][  0]LogD3D11RHI:     DeviceId    : 164c
[2026.05.02-09.54.11:269][  0]LogD3D11RHI:     SubSysId    : 1410152d
[2026.05.02-09.54.11:269][  0]LogD3D11RHI:     Revision    : 00c1
[2026.05.02-09.54.11:269][  0]LogD3D11RHI:     DedicatedVideoMemory : 519634944 bytes
[2026.05.02-09.54.11:269][  0]LogD3D11RHI:     DedicatedSystemMemory : 0 bytes
[2026.05.02-09.54.11:269][  0]LogD3D11RHI:     SharedSystemMemory : 8234760192 bytes
[2026.05.02-09.54.11:269][  0]LogD3D11RHI:     AdapterLuid : 0 45828
[2026.05.02-09.54.11:346][  0]LogD3D11RHI: Created device via AGS, feature level 11_0, supported extensions 1fffffbf.
[2026.05.02-09.54.11:346][  0]LogD3D11RHI: RHI has support for 64 bit atomics
[2026.05.02-09.54.11:347][  0]LogD3D11RHI: Async texture creation enabled
[2026.05.02-09.54.11:347][  0]LogD3D11RHI: Array index from any shader is supported
[2026.05.02-09.54.11:366][  0]LogD3D11RHI: GPU Timing Frequency: 100.000000 (Debug: 2 1)
[2026.05.02-09.54.12:008][  0]LogTargetPlatformManager: Display: Loaded TargetPlatform 'AllDesktop'
[2026.05.02-09.54.12:035][  0]LogTargetPlatformManager: Display: Loaded TargetPlatform 'Android'
[2026.05.02-09.54.12:035][  0]LogTargetPlatformManager: Display: Loaded TargetPlatform 'Android_ASTC'
[2026.05.02-09.54.12:035][  0]LogTargetPlatformManager: Display: Loaded TargetPlatform 'Android_DXT'
[2026.05.02-09.54.12:035][  0]LogTargetPlatformManager: Display: Loaded TargetPlatform 'Android_ETC2'
[2026.05.02-09.54.12:035][  0]LogTargetPlatformManager: Display: Loaded TargetPlatform 'AndroidClient'
[2026.05.02-09.54.12:035][  0]LogTargetPlatformManager: Display: Loaded TargetPlatform 'Android_ASTCClient'
[2026.05.02-09.54.12:035][  0]LogTargetPlatformManager: Display: Loaded TargetPlatform 'Android_DXTClient'
[2026.05.02-09.54.12:035][  0]LogTargetPlatformManager: Display: Loaded TargetPlatform 'Android_ETC2Client'
[2026.05.02-09.54.12:035][  0]LogTargetPlatformManager: Display: Loaded TargetPlatform 'Android_Multi'
[2026.05.02-09.54.12:035][  0]LogTargetPlatformManager: Display: Loaded TargetPlatform 'Android_MultiClient'
[2026.05.02-09.54.12:074][  0]LogTargetPlatformManager: Display: Loaded TargetPlatform 'IOSClient'
[2026.05.02-09.54.12:075][  0]LogTargetPlatformManager: Display: Loaded TargetPlatform 'IOS'
[2026.05.02-09.54.12:091][  0]LogTargetPlatformManager: Display: Loaded TargetPlatform 'Linux'
[2026.05.02-09.54.12:104][  0]LogTargetPlatformManager: Display: Loaded TargetPlatform 'LinuxNoEditor'
[2026.05.02-09.54.12:114][  0]LogTargetPlatformManager: Display: Loaded TargetPlatform 'LinuxClient'
[2026.05.02-09.54.12:124][  0]LogTargetPlatformManager: Display: Loaded TargetPlatform 'LinuxServer'
[2026.05.02-09.54.12:141][  0]LogTargetPlatformManager: Display: Loaded TargetPlatform 'LinuxAArch64NoEditor'
[2026.05.02-09.54.12:153][  0]LogTargetPlatformManager: Display: Loaded TargetPlatform 'LinuxAArch64Client'
[2026.05.02-09.54.12:164][  0]LogTargetPlatformManager: Display: Loaded TargetPlatform 'LinuxAArch64Server'
[2026.05.02-09.54.12:195][  0]LogTargetPlatformManager: Display: Loaded TargetPlatform 'Lumin'
[2026.05.02-09.54.12:195][  0]LogTargetPlatformManager: Display: Loaded TargetPlatform 'LuminClient'
[2026.05.02-09.54.12:211][  0]LogTargetPlatformManager: Display: Loaded TargetPlatform 'MacNoEditor'
[2026.05.02-09.54.12:223][  0]LogTargetPlatformManager: Display: Loaded TargetPlatform 'Mac'
[2026.05.02-09.54.12:233][  0]LogTargetPlatformManager: Display: Loaded TargetPlatform 'MacClient'
[2026.05.02-09.54.12:242][  0]LogTargetPlatformManager: Display: Loaded TargetPlatform 'MacServer'
[2026.05.02-09.54.12:260][  0]LogTargetPlatformManager: Display: Loaded TargetPlatform 'TVOSClient'
[2026.05.02-09.54.12:260][  0]LogTargetPlatformManager: Display: Loaded TargetPlatform 'TVOS'
[2026.05.02-09.54.12:275][  0]LogTargetPlatformManager: Display: Loaded TargetPlatform 'WindowsNoEditor'
[2026.05.02-09.54.12:287][  0]LogTargetPlatformManager: Display: Loaded TargetPlatform 'Windows'
[2026.05.02-09.54.12:298][  0]LogTargetPlatformManager: Display: Loaded TargetPlatform 'WindowsClient'
[2026.05.02-09.54.12:310][  0]LogTargetPlatformManager: Display: Loaded TargetPlatform 'WindowsServer'
[2026.05.02-09.54.12:310][  0]LogTargetPlatformManager: Display: Building Assets For Windows
[2026.05.02-09.54.12:339][  0]LogAudioDebug: Display: Lib vorbis DLL was dynamically loaded.
[2026.05.02-09.54.12:441][  0]LogTextureFormatOodle: Display: Oodle Texture 2.9.0 init RDO Off
[2026.05.02-09.54.12:549][  0]LogRendererCore: Ray tracing is disabled. Reason: r.RayTracing=0.
[2026.05.02-09.54.12:549][  0]LogShaderCompilers: Guid format shader working directory is -20 characters bigger than the processId version (../../../../../../Users/user/Documents/GitHub Unreal/Snake/Snake/Intermediate/Shaders/WorkingDirectory/32192/).
[2026.05.02-09.54.12:549][  0]LogShaderCompilers: Cleaned the shader compiler working directory 'C:/Users/user/AppData/Local/Temp/UnrealShaderWorkingDir/871D11D64420AC14B64A91ACF5D03125/'.
[2026.05.02-09.54.12:550][  0]LogXGEController: Cannot use XGE Controller as Incredibuild is not installed on this machine.
[2026.05.02-09.54.12:550][  0]LogShaderCompilers: Cannot use XGE Shader Compiler as Incredibuild is not installed on this machine.
[2026.05.02-09.54.12:550][  0]LogShaderCompilers: Display: Using Local Shader Compiler.
[2026.05.02-09.54.13:309][  0]LogDerivedDataCache: Display: Max Cache Size: 512 MB
[2026.05.02-09.54.13:369][  0]LogDerivedDataCache: Loaded boot cache 0.06s 94MB C:/Users/user/AppData/Local/UnrealEngine/4.27/DerivedDataCache/Boot.ddc.
[2026.05.02-09.54.13:369][  0]LogDerivedDataCache: Display: Loaded Boot cache: C:/Users/user/AppData/Local/UnrealEngine/4.27/DerivedDataCache/Boot.ddc
[2026.05.02-09.54.13:369][  0]LogDerivedDataCache: FDerivedDataBackendGraph:  Pak pak cache file ../../../../../../Users/user/Documents/GitHub Unreal/Snake/Snake/DerivedDataCache/DDC.ddp not found, will not use a pak cache.
[2026.05.02-09.54.13:369][  0]LogDerivedDataCache: Unable to find inner node Pak for hierarchical cache Hierarchy.
[2026.05.02-09.54.13:369][  0]LogDerivedDataCache: FDerivedDataBackendGraph:  CompressedPak pak cache file ../../../../../../Users/user/Documents/GitHub Unreal/Snake/Snake/DerivedDataCache/Compressed.ddp not found, will not use a pak cache.
[2026.05.02-09.54.13:370][  0]LogDerivedDataCache: Unable to find inner node CompressedPak for hierarchical cache Hierarchy.
[2026.05.02-09.54.13:386][  0]LogDerivedDataCache: Display: Pak cache opened for reading ../../../Engine/DerivedDataCache/Compressed.ddp.
[2026.05.02-09.54.13:387][  0]LogDerivedDataCache: FDerivedDataBackendGraph:  EnterprisePak pak cache file ../../../Enterprise/DerivedDataCache/Compressed.ddp not found, will not use a pak cache.
[2026.05.02-09.54.13:387][  0]LogDerivedDataCache: Unable to find inner node EnterprisePak for hierarchical cache Hierarchy.
[2026.05.02-09.54.13:403][  0]LogDerivedDataCache: Speed tests for C:/Users/user/AppData/Local/UnrealEngine/Common/DerivedDataCache took 0.02 seconds
[2026.05.02-09.54.13:404][  0]LogDerivedDataCache: Display: Performance to C:/Users/user/AppData/Local/UnrealEngine/Common/DerivedDataCache: Latency=0.07ms. RandomReadSpeed=499.27MBs, RandomWriteSpeed=71.63MBs. Assigned SpeedClass 'Local'
[2026.05.02-09.54.13:408][  0]LogDerivedDataCache: Using Local data cache path C:/Users/user/AppData/Local/UnrealEngine/Common/DerivedDataCache: Writable
[2026.05.02-09.54.13:409][  0]LogDerivedDataCache: Shared data cache path not found in *engine.ini, will not use an Shared cache.
[2026.05.02-09.54.13:409][  0]LogDerivedDataCache: Unable to find inner node Shared for hierarchical cache Hierarchy.
[2026.05.02-09.54.13:458][  0]LogSlate: Using FreeType 2.10.0
[2026.05.02-09.54.13:459][  0]LogSlate: SlateFontServices - WITH_FREETYPE: 1, WITH_HARFBUZZ: 1
[2026.05.02-09.54.13:496][  0]LogAssetRegistry: FAssetRegistry took 0.0063 seconds to start up
[2026.05.02-09.54.13:761][  0]LogInit: Selected Device Profile: [Windows]
[2026.05.02-09.54.13:761][  0]LogInit: Active device profile: [000002C781CC0700][000002C780B07C00 49] Windows
[2026.05.02-09.54.13:761][  0]LogInit: Profiles: [000002C781CC0700][000002C780B07C00 49] Windows, [000002C781C97700][000002C7F8E3A200 49] WindowsNoEditor, [000002C781CC3300][000002C780BFA380 49] WindowsServer, [000002C781C94F00][000002C780970500 49] WindowsClient, [000002C781CC3500][000002C7FF414640 49] IOS, [000002C781C87F00][000002C780974780 49] iPadAir, [000002C781C97B00][000002C7FF14C8C0 49] iPadAir2, [000002C781C44500][000002C7FF158B80 49] IPadPro, [000002C781C44600][000002C7FF154BC0 49] iPadAir3, [000002C781C84100][000002C780A6CD40 49] iPadAir4, [000002C781C46C00][000002C780A70EC0 49] iPadMini2, [000002C781C86500][000002C780A75040 49] iPadMini3, [000002C781C47400][000002C780A791C0 49] iPadMini4, [000002C781C84F00][000002C780A7D340 49] iPadMini5, [000002C781C43E00][000002C780A85600 49] iPhone6, [000002C781C43F00][000002C780A81640 49] iPodTouch6, [000002C781CC3900][000002C780A8D900 49] iPhone7, [000002C781CC2100][000002C780A89940 49] iPodTouch7, [000002C781C40400][000002C780A91AC0 49] iPhone5S, [000002C781C47D00][000002C780A940C0 49] iPhone6Plus, [000002C781CC3400][000002C780A98240 49] iPhone6S, [000002C781C46000][000002C780A9C3C0 49] iPhone6SPlus, [000002C781CC0900][000002C780AA0540 49] iPhone7Plus, [000002C781C44E00][000002C780AA46C0 49] iPhoneSE, [000002C781CC0200][000002C7FF150800 49] iPhone8, [000002C781C46400][000002C7809A6940 49] iPhone8Plus, [000002C781CC1E00][000002C7809AAA80 49] iPhoneX, [000002C781C47E00][000002C7809AEBC0 49] iPhoneXS, [000002C781CC1600][000002C7809B6D40 49] iPhoneXSMax, [000002C781C46500][000002C7809BAEC0 49] iPhoneXR, [000002C781CC2A00][000002C7809BF040 49] iPhone11, [000002C781C47A00][000002C7809C31C0 49] iPhone11Pro, [000002C781CC0F00][000002C7809C7340 49] iPhone11ProMax, [000002C781C46300][000002C7809CB4C0 49] iPhoneSE2, [000002C781CC2700][000002C7809CF640 49] iPhone12Mini, [000002C781C44700][000002C7809D37C0 49] iPhone12, [000002C781CC3100][000002C7809D7940 49] iPhone12Pro, [000002C781C47500][000002C7809DBAC0 49] iPhone12ProMax, [000002C781CC0800][000002C7809DE0C0 49] iPadPro105, [000002C781C45C00][000002C7809E2240 49] iPadPro129, [000002C781CC0300][000002C7809E63C0 49] iPadPro97, [000002C781C45D00][000002C7809EA540 49] iPadPro2_129, [000002C781CC0C00][000002C7809EE6C0 49] iPad5, [000002C781C47000][000002C7809F2840 49] iPad6, [000002C781CC2C00][000002C7809B2980 49] iPad7, [000002C781C46E00][000002C7809F6AC0 49] iPad8, [000002C781CC1800][000002C7809FAC00 49] iPadPro11, [000002C781C45B00][000002C7809FED40 49] iPadPro2_11, [000002C781CC1500][000002C780A06EC0 49] iPadPro3_129, [000002C781C46700][000002C780A0B040 49] iPadPro4_129, [000002C781CC0100][000002C780A0F1C0 49] AppleTV, [000002C781C46B00][000002C780A13340 49] AppleTV4K, [000002C781CC1B00][000002C780A174C0 49] TVOS, [000002C781C44900][000002C780A1B640 49] Mac, [000002C781CC1700][000002C780A1F7C0 49] MacClient, [000002C781C46F00][000002C780A23940 49] MacNoEditor, [000002C781CC0D00][000002C780A27AC0 49] MacServer, [000002C781C44300][000002C780A2A0C0 49] Linux, [000002C781CC2E00][000002C780A2E240 49] LinuxAArch64, [000002C781C45500][000002C780A323C0 49] LinuxNoEditor, [000002C781CC2400][000002C780A36540 49] LinuxAArch64NoEditor, [000002C781C44200][000002C7F94B26C0 49] LinuxClient, [000002C781CC2D00][000002C7F94B6840 49] LinuxAArch64Client, [000002C781C44C00][000002C7F94BA9C0 49] LinuxServer, [000002C781CC0400][000002C7F94BEB40 49] LinuxAArch64Server, [000002C781C45000][000002C780A02C80 49] Android, [000002C781C87900][000002C7F94C2DC0 49] Android_Low, [000002C781C41B00][000002C7F94C6F00 49] Android_Mid, [000002C781C87000][000002C7F94CF080 49] Android_High, [000002C781C42300][000002C7F94D3200 49] Android_Default, [000002C781C86000][000002C7F94D7380 49] Android_Adreno4xx, [000002C781C40100][000002C7F94DB500 49] Android_Adreno5xx_Low, [000002C781C84B00][000002C7F94DF680 49] Android_Adreno5xx, [000002C781C41800][000002C780ACD800 49] Android_Adreno6xx, [000002C781C85100][000002C780AD1980 49] Android_Adreno6xx_Vulkan, [000002C781C40800][000002C780AD5B00 49] Android_Mali_T6xx, [000002C781C87600][000002C780AD8100 49] Android_Mali_T7xx, [000002C781C40D00][000002C780ADC280 49] Android_Mali_T8xx, [000002C781C87C00][000002C780AE0400 49] Android_Mali_G71, [000002C781C41500][000002C780AE4580 49] Android_Mali_G72, [000002C781C87E00][000002C780AE8700 49] Android_Mali_G72_Vulkan, [000002C781C43D00][000002C780AEC880 49] Android_Mali_G76, [000002C781C87A00][000002C780AF0A00 49] Android_Mali_G76_Vulkan, [000002C781C43600][000002C780AF4B80 49] Android_Mali_G77, [000002C781C86200][000002C780AF8D00 49] Android_Mali_G77_Vulkan, [000002C781C41200][000002C7F94CAE40 49] Android_Mali_G78, [000002C781C84A00][000002C780AFCF80 49] Android_Mali_G78_Vulkan, [000002C781C43000][000002C780B010C0 49] Android_Mali_G710, [000002C781C85400][000002C780C15240 49] Android_Mali_G710_Vulkan, [000002C781C40700][000002C780C193C0 49] Android_Vulkan_SM5, [000002C781C85800][000002C780C1D540 49] Android_PowerVR_G6xxx, [000002C781C40E00][000002C780C216C0 49] Android_PowerVR_GT7xxx, [000002C781C84200][000002C780C25840 49] Android_PowerVR_GE8xxx, [000002C781C40600][000002C780C299C0 49] Android_PowerVR_GM9xxx, [000002C781C86600][000002C780C2DB40 49] Android_PowerVR_GM9xxx_Vulkan, [000002C781C44F00][000002C780C30140 49] Android_TegraK1, [000002C781C86A00][000002C780C342C0 49] Android_Unknown_Vulkan, [000002C781C44D00][000002C780C38440 49] Lumin, [000002C781C85200][000002C780C3C5C0 49] Lumin_Desktop, [000002C781C44B00][000002C780C40740 49] HoloLens, 
[2026.05.02-09.54.13:949][  0]LogMeshReduction: Using QuadricMeshReduction for automatic static mesh reduction
[2026.05.02-09.54.13:949][  0]LogMeshReduction: Using SimplygonMeshReduction for automatic skeletal mesh reduction
[2026.05.02-09.54.13:950][  0]LogMeshReduction: Using ProxyLODMeshReduction for automatic mesh merging
[2026.05.02-09.54.13:950][  0]LogMeshReduction: No distributed automatic mesh merging module available
[2026.05.02-09.54.13:950][  0]LogMeshMerging: No distributed automatic mesh merging module available
[2026.05.02-09.54.13:974][  0]LogNetVersion: Snake 1.0.0, NetCL: 17155196, EngineNetVer: 17, GameNetVer: 0 (Checksum: 56763789)
[2026.05.02-09.54.14:394][  0]LogTexture: Default maximum texture size for cubemaps generated from long-lat sources has been changed from 512 to unlimited. In order to preserve old behaiour for '/Engine/MapTemplates/Sky/DaylightAmbientCubemap.DaylightAmbientCubemap', its maximum texture size has been explicitly set to 512.
[2026.05.02-09.54.14:445][  0]LogHMD: PokeAHoleMaterial loaded successfully
[2026.05.02-09.54.14:451][  0]LogUObjectArray: 17178 objects as part of root set at end of initial load.
[2026.05.02-09.54.14:451][  0]LogUObjectAllocator: 4302048 out of 0 bytes used by permanent object pool.
[2026.05.02-09.54.14:451][  0]LogUObjectArray: CloseDisregardForGC: 0/0 objects in disregard for GC pool
[2026.05.02-09.54.15:082][  0]LogNiagaraDebuggerClient: Niagara Debugger Client Initialized | Session: 0725BF0F443B3F7AE115DCA9344F7CD6 | Instance: B55FCDB9428E7FE46FE81C860BAEEB06 (WIN-F0BR1M2G8QI-32192).
[2026.05.02-09.54.15:151][  0]LogPython: Using Python 3.7.7
[2026.05.02-09.54.15:848][  0]LogTcpMessaging: Initializing TcpMessaging bridge
[2026.05.02-09.54.15:861][  0]LogUdpMessaging: Initializing bridge on interface 0.0.0.0:0 to multicast group 230.0.0.1:6666.
[2026.05.02-09.54.16:290][  0]SourceControl: Source control is disabled
[2026.05.02-09.54.16:290][  0]SourceControl: Source control is disabled
[2026.05.02-09.54.16:301][  0]SourceControl: Source control is disabled
[2026.05.02-09.54.16:318][  0]SourceControl: Source control is disabled
[2026.05.02-09.54.16:328][  0]SourceControl: Source control is disabled
[2026.05.02-09.54.16:358][  0]LogUProjectInfo: Found projects:
[2026.05.02-09.54.16:861][  0]LogOpenImageDenoise: OIDN starting up
[2026.05.02-09.54.16:945][  0]LogAndroidPermission: UAndroidPermissionCallbackProxy::GetInstance
[2026.05.02-09.54.17:048][  0]LogAudioCaptureCore: Display: No Audio Capture implementations found. Audio input will be silent.
[2026.05.02-09.54.17:048][  0]LogAudioCaptureCore: Display: No Audio Capture implementations found. Audio input will be silent.
[2026.05.02-09.54.17:255][  0]LogCollectionManager: Loaded 0 collections in 0.002532 seconds
[2026.05.02-09.54.17:311][  0]LogFileCache: Scanning file cache for directory 'C:/Users/user/Documents/GitHub Unreal/Snake/Snake/Saved/Collections/' took 0.00s
[2026.05.02-09.54.17:313][  0]LogFileCache: Scanning file cache for directory 'C:/Users/user/Documents/GitHub Unreal/Snake/Snake/Content/Developers/user/Collections/' took 0.00s
[2026.05.02-09.54.17:313][  0]LogFileCache: Scanning file cache for directory 'C:/Users/user/Documents/GitHub Unreal/Snake/Snake/Content/Collections/' took 0.00s
[2026.05.02-09.54.17:313][  0]LogOcInput: OculusInput pre-init called
[2026.05.02-09.54.17:617][  0]LogEngine: Initializing Engine...
[2026.05.02-09.54.17:624][  0]LogHMD: Failed to enumerate extensions. Please check that you have a valid OpenXR runtime installed.
[2026.05.02-09.54.17:625][  0]LogHMD: Failed to initialize OpenVR with code 110
[2026.05.02-09.54.17:625][  0]LogMagicLeap: Warning: VR disabled because ZI is not enabled.  To enable, in the editor, Edit -> Project Settings -> Plugins -> Magic Leap Plugin -> Enable Zero Iteration
[2026.05.02-09.54.17:626][  0]LogStats: UGameplayTagsManager::InitializeManager -  0.000 s
[2026.05.02-09.54.17:785][  0]LogInit: Initializing FReadOnlyCVARCache
[2026.05.02-09.54.17:802][  0]LogAIModule: Creating AISystem for world Untitled
[2026.05.02-09.54.17:803][  0]LogAudio: Display: Initializing Audio Device Manager...
[2026.05.02-09.54.17:813][  0]LogAudio: Display: Loading Default Audio Settings Objects...
[2026.05.02-09.54.17:814][  0]LogAudio: Display: No default SoundConcurrencyObject specified (or failed to load).
[2026.05.02-09.54.17:814][  0]LogAudio: Display: Audio Device Manager Initialized
[2026.05.02-09.54.17:814][  0]LogAudio: Display: Creating Audio Device:                 Id: 1, Scope: Shared, Realtime: True
[2026.05.02-09.54.17:816][  0]LogAudioMixer: Display: Audio Mixer Platform Settings:
[2026.05.02-09.54.17:816][  0]LogAudioMixer: Display: 	Sample Rate:						  48000
[2026.05.02-09.54.17:816][  0]LogAudioMixer: Display: 	Callback Buffer Frame Size Requested: 1024
[2026.05.02-09.54.17:816][  0]LogAudioMixer: Display: 	Callback Buffer Frame Size To Use:	  1024
[2026.05.02-09.54.17:816][  0]LogAudioMixer: Display: 	Number of buffers to queue:			  2
[2026.05.02-09.54.17:816][  0]LogAudioMixer: Display: 	Max Channels (voices):				  32
[2026.05.02-09.54.17:816][  0]LogAudioMixer: Display: 	Number of Async Source Workers:		  0
[2026.05.02-09.54.17:817][  0]LogAudio: Display: AudioDevice MaxSources: 32
[2026.05.02-09.54.17:817][  0]LogAudio: Display: Audio Spatialization Plugin: None (built-in).
[2026.05.02-09.54.17:817][  0]LogAudio: Display: Audio Reverb Plugin: None (built-in).
[2026.05.02-09.54.17:818][  0]LogAudio: Display: Audio Occlusion Plugin: None (built-in).
[2026.05.02-09.54.17:818][  0]LogAudioMixer: Display: Initializing audio mixer.
[2026.05.02-09.54.17:899][  0]LogAudioMixer: Display: 0: FrontLeft
[2026.05.02-09.54.17:900][  0]LogAudioMixer: Display: 1: FrontRight
[2026.05.02-09.54.17:958][  0]LogAudioMixer: Display: Using Audio Device Наушники (HONOR CHOICE Headphones Pro)
[2026.05.02-09.54.17:960][  0]LogAudioMixer: Display: Initializing Sound Submixes...
[2026.05.02-09.54.17:962][  0]LogAudioMixer: Display: Creating Master Submix 'MasterSubmixDefault'
[2026.05.02-09.54.17:963][  0]LogAudioMixer: Display: Creating Master Submix 'MasterReverbSubmixDefault'
[2026.05.02-09.54.17:965][  0]LogAudioMixer: Display: Creating Master Submix 'MasterEQSubmixDefault'
[2026.05.02-09.54.17:965][  0]LogAudioMixer: FMixerPlatformXAudio2::StartAudioStream() called
[2026.05.02-09.54.17:965][  0]LogAudioMixer: Display: Output buffers initialized: Frames=1024, Channels=2, Samples=2048
[2026.05.02-09.54.17:968][  0]LogAudioMixer: Display: Starting AudioMixerPlatformInterface::RunInternal()
[2026.05.02-09.54.17:968][  0]LogAudioMixer: Display: FMixerPlatformXAudio2::SubmitBuffer() called for the first time
[2026.05.02-09.54.17:968][  0]LogInit: FAudioDevice initialized.
[2026.05.02-09.54.17:968][  0]LogAudio: Display: Audio Device (ID: 1) registered with world 'Untitled'.
[2026.05.02-09.54.17:968][  0]LogNetVersion: Set ProjectVersion to 1.0.0.0. Version Checksum will be recalculated on next use.
[2026.05.02-09.54.18:056][  0]LogDerivedDataCache: Saved boot cache 0.09s 94MB C:/Users/user/AppData/Local/UnrealEngine/4.27/DerivedDataCache/Boot.ddc.
[2026.05.02-09.54.18:057][  0]LogInit: Texture streaming: Enabled
[2026.05.02-09.54.18:092][  0]LogAnalytics: Display: [UEEditor.Rocket.Release] APIServer = https://datarouter.ol.epicgames.com/. AppVersion = 4.27.2-18319896+++UE4+Release-4.27
[2026.05.02-09.54.18:104][  0]LogEngineSessionManager: EngineSessionManager initialized
[2026.05.02-09.54.18:104][  0]LogEngineSessionManager: EngineSessionManager sent abnormal shutdown report. Type=Debugger, SessionId={03F15590-4159-E3CD-1945-DAB7930C9ADA}
[2026.05.02-09.54.18:104][  0]LogEditorSessionSummary: Verbose: Initializing EditorSessionSummaryWriter for editor session tracking
[2026.05.02-09.54.18:107][  0]LogEditorSessionSummary: EditorSessionSummaryWriter initialized
[2026.05.02-09.54.18:151][  0]LogInit: Transaction tracking system initialized
[2026.05.02-09.54.18:212][  0]BlueprintLog: New page: Editor Load
[2026.05.02-09.54.18:383][  0]LocalizationService: Localization service is disabled
[2026.05.02-09.54.18:456][  0]TimingProfiler: Initialize
[2026.05.02-09.54.18:456][  0]TimingProfiler: OnSessionChanged
[2026.05.02-09.54.18:456][  0]LoadingProfiler: Initialize
[2026.05.02-09.54.18:457][  0]LoadingProfiler: OnSessionChanged
[2026.05.02-09.54.18:457][  0]NetworkingProfiler: Initialize
[2026.05.02-09.54.18:457][  0]NetworkingProfiler: OnSessionChanged
[2026.05.02-09.54.18:457][  0]MemoryProfiler: Initialize
[2026.05.02-09.54.18:457][  0]MemoryProfiler: OnSessionChanged
[2026.05.02-09.54.18:713][  0]LogCook: Display: CookSettings for Memory: MemoryMaxUsedVirtual 0MiB, MemoryMaxUsedPhysical 16384MiB, MemoryMinFreeVirtual 0MiB, MemoryMinFreePhysical 1024MiB
[2026.05.02-09.54.18:713][  0]LogCook: Display: Mobile HDR setting 1
[2026.05.02-09.54.18:809][  0]LogFileCache: Scanning file cache for directory 'C:/Users/user/Documents/GitHub Unreal/Snake/Snake/Content/' took 0.00s
[2026.05.02-09.54.19:311][  0]LogInit: Display: Engine is initialized. Leaving FEngineLoop::Init()
[2026.05.02-09.54.19:316][  0]SourceControl: Source control is disabled
[2026.05.02-09.54.19:316][  0]LogUnrealEdMisc: Loading editor; pre map load, took 11.403
[2026.05.02-09.54.19:317][  0]Cmd: MAP LOAD FILE="../../../../../../Users/user/Documents/GitHub Unreal/Snake/Snake/Content/main.umap" TEMPLATE=0 SHOWPROGRESS=1 FEATURELEVEL=3
[2026.05.02-09.54.19:317][  0]LightingResults: New page: Lighting Build
[2026.05.02-09.54.19:319][  0]LogWorld: UWorld::CleanupWorld for Untitled, bSessionEnded=true, bCleanupResources=true
[2026.05.02-09.54.19:319][  0]LogSlate: InvalidateAllWidgets triggered.  All widgets were invalidated
[2026.05.02-09.54.19:319][  0]MapCheck: New page: Map Check
[2026.05.02-09.54.19:319][  0]LightingResults: New page: Lighting Build
[2026.05.02-09.54.19:330][  0]LogAudio: Display: Audio Device unregistered from world 'None'.
[2026.05.02-09.54.19:334][  0]LogUObjectHash: Compacting FUObjectHashTables data took   1.20ms
[2026.05.02-09.54.19:390][  0]LogAudio: Display: Audio Device (ID: 1) registered with world 'main'.
[2026.05.02-09.54.19:391][  0]LogAIModule: Creating AISystem for world main
[2026.05.02-09.54.19:396][  0]LogEditorServer: Finished looking for orphan Actors (0.000 secs)
[2026.05.02-09.54.19:414][  0]LogUObjectHash: Compacting FUObjectHashTables data took   0.85ms
[2026.05.02-09.54.19:415][  0]Cmd: MAP CHECKDEP NOCLEARLOG
[2026.05.02-09.54.19:416][  0]MapCheck: Map check complete: 0 Error(s), 0 Warning(s), took 0,281ms to complete.
[2026.05.02-09.54.19:416][  0]LogFileHelpers: Loading map 'main' took 0.100
[2026.05.02-09.54.19:420][  0]LogUnrealEdMisc: Total Editor Startup Time, took 11.507
[2026.05.02-09.54.19:570][  0]LogSlate: Updating window title bar state: overlay mode, drag disabled, window buttons hidden, title bar hidden
[2026.05.02-09.54.19:577][  0]LogSlate: Updating window title bar state: overlay mode, drag disabled, window buttons hidden, title bar hidden
[2026.05.02-09.54.19:583][  0]LogSlate: Updating window title bar state: overlay mode, drag disabled, window buttons hidden, title bar hidden
[2026.05.02-09.54.19:590][  0]LogSlate: Updating window title bar state: overlay mode, drag disabled, window buttons hidden, title bar hidden
[2026.05.02-09.54.19:607][  0]LogNativeClassHierarchy: Verbose: Native class hierarchy populated in 0.0105 seconds. Added 3826 classes and 930 folders.
[2026.05.02-09.54.19:625][  0]LogNativeClassHierarchy: Verbose: Native class hierarchy updated for 'WidgetCarousel' in 0.0003 seconds. Added 0 classes and 0 folders.
[2026.05.02-09.54.19:628][  0]LogPakFile: PakFile PrimaryIndexSize=187
[2026.05.02-09.54.19:628][  0]LogPakFile: PakFile PathHashIndexSize=101
[2026.05.02-09.54.19:628][  0]LogPakFile: PakFile FullDirectoryIndexSize=148
[2026.05.02-09.54.19:628][  0]LogShaderLibrary: Display: ShaderCodeLibraryPakFileMountedCallback: PakFile 'C:/Program Files/Epic Games/UE_4.27/FeaturePacks/FP_FirstPerson.upack' (chunk index -1, root 'root:/') mounted
[2026.05.02-09.54.19:628][  0]LogShaderLibrary: Display: ShaderCodeLibraryPakFileMountedCallback: pending pak file info (ChunkID:-1 Root:root:/ File:C:/Program Files/Epic Games/UE_4.27/FeaturePacks/FP_FirstPerson.upack)
[2026.05.02-09.54.19:628][  0]LogPakFile: OnPakFileMounted2Time == 0.000288
[2026.05.02-09.54.19:629][  0]LogPakFile: PakFile PrimaryIndexSize=189
[2026.05.02-09.54.19:630][  0]LogPakFile: PakFile PathHashIndexSize=101
[2026.05.02-09.54.19:630][  0]LogPakFile: PakFile FullDirectoryIndexSize=152
[2026.05.02-09.54.19:630][  0]LogShaderLibrary: Display: ShaderCodeLibraryPakFileMountedCallback: PakFile 'C:/Program Files/Epic Games/UE_4.27/FeaturePacks/FP_FirstPersonBP.upack' (chunk index -1, root 'root:/') mounted
[2026.05.02-09.54.19:630][  0]LogShaderLibrary: Display: ShaderCodeLibraryPakFileMountedCallback: pending pak file info (ChunkID:-1 Root:root:/ File:C:/Program Files/Epic Games/UE_4.27/FeaturePacks/FP_FirstPersonBP.upack)
[2026.05.02-09.54.19:630][  0]LogPakFile: OnPakFileMounted2Time == 0.000173
[2026.05.02-09.54.19:630][  0]LogPakFile: PakFile PrimaryIndexSize=191
[2026.05.02-09.54.19:630][  0]LogPakFile: PakFile PathHashIndexSize=101
[2026.05.02-09.54.19:630][  0]LogPakFile: PakFile FullDirectoryIndexSize=160
[2026.05.02-09.54.19:630][  0]LogShaderLibrary: Display: ShaderCodeLibraryPakFileMountedCallback: PakFile 'C:/Program Files/Epic Games/UE_4.27/FeaturePacks/MobileStarterContent.upack' (chunk index -1, root 'root:/') mounted
[2026.05.02-09.54.19:632][  0]LogShaderLibrary: Display: ShaderCodeLibraryPakFileMountedCallback: pending pak file info (ChunkID:-1 Root:root:/ File:C:/Program Files/Epic Games/UE_4.27/FeaturePacks/MobileStarterContent.upack)
[2026.05.02-09.54.19:632][  0]LogPakFile: OnPakFileMounted2Time == 0.000201
[2026.05.02-09.54.19:632][  0]LogPakFile: PakFile PrimaryIndexSize=185
[2026.05.02-09.54.19:633][  0]LogPakFile: PakFile PathHashIndexSize=101
[2026.05.02-09.54.19:633][  0]LogPakFile: PakFile FullDirectoryIndexSize=148
[2026.05.02-09.54.19:633][  0]LogShaderLibrary: Display: ShaderCodeLibraryPakFileMountedCallback: PakFile 'C:/Program Files/Epic Games/UE_4.27/FeaturePacks/StarterContent.upack' (chunk index -1, root 'root:/') mounted
[2026.05.02-09.54.19:633][  0]LogShaderLibrary: Display: ShaderCodeLibraryPakFileMountedCallback: pending pak file info (ChunkID:-1 Root:root:/ File:C:/Program Files/Epic Games/UE_4.27/FeaturePacks/StarterContent.upack)
[2026.05.02-09.54.19:633][  0]LogPakFile: OnPakFileMounted2Time == 0.000224
[2026.05.02-09.54.19:634][  0]LogPakFile: PakFile PrimaryIndexSize=190
[2026.05.02-09.54.19:634][  0]LogPakFile: PakFile PathHashIndexSize=101
[2026.05.02-09.54.19:634][  0]LogPakFile: PakFile FullDirectoryIndexSize=154
[2026.05.02-09.54.19:634][  0]LogShaderLibrary: Display: ShaderCodeLibraryPakFileMountedCallback: PakFile 'C:/Program Files/Epic Games/UE_4.27/FeaturePacks/TP_2DSideScroller.upack' (chunk index -1, root 'root:/') mounted
[2026.05.02-09.54.19:634][  0]LogShaderLibrary: Display: ShaderCodeLibraryPakFileMountedCallback: pending pak file info (ChunkID:-1 Root:root:/ File:C:/Program Files/Epic Games/UE_4.27/FeaturePacks/TP_2DSideScroller.upack)
[2026.05.02-09.54.19:634][  0]LogPakFile: OnPakFileMounted2Time == 0.000200
[2026.05.02-09.54.19:636][  0]LogPakFile: PakFile PrimaryIndexSize=192
[2026.05.02-09.54.19:636][  0]LogPakFile: PakFile PathHashIndexSize=101
[2026.05.02-09.54.19:636][  0]LogPakFile: PakFile FullDirectoryIndexSize=158
[2026.05.02-09.54.19:636][  0]LogShaderLibrary: Display: ShaderCodeLibraryPakFileMountedCallback: PakFile 'C:/Program Files/Epic Games/UE_4.27/FeaturePacks/TP_2DSideScrollerBP.upack' (chunk index -1, root 'root:/') mounted
[2026.05.02-09.54.19:636][  0]LogShaderLibrary: Display: ShaderCodeLibraryPakFileMountedCallback: pending pak file info (ChunkID:-1 Root:root:/ File:C:/Program Files/Epic Games/UE_4.27/FeaturePacks/TP_2DSideScrollerBP.upack)
[2026.05.02-09.54.19:636][  0]LogPakFile: OnPakFileMounted2Time == 0.000163
[2026.05.02-09.54.19:637][  0]LogPakFile: PakFile PrimaryIndexSize=182
[2026.05.02-09.54.19:637][  0]LogPakFile: PakFile PathHashIndexSize=101
[2026.05.02-09.54.19:637][  0]LogPakFile: PakFile FullDirectoryIndexSize=138
[2026.05.02-09.54.19:637][  0]LogShaderLibrary: Display: ShaderCodeLibraryPakFileMountedCallback: PakFile 'C:/Program Files/Epic Games/UE_4.27/FeaturePacks/TP_Flying.upack' (chunk index -1, root 'root:/') mounted
[2026.05.02-09.54.19:637][  0]LogShaderLibrary: Display: ShaderCodeLibraryPakFileMountedCallback: pending pak file info (ChunkID:-1 Root:root:/ File:C:/Program Files/Epic Games/UE_4.27/FeaturePacks/TP_Flying.upack)
[2026.05.02-09.54.19:637][  0]LogPakFile: OnPakFileMounted2Time == 0.000135
[2026.05.02-09.54.19:638][  0]LogPakFile: PakFile PrimaryIndexSize=184
[2026.05.02-09.54.19:638][  0]LogPakFile: PakFile PathHashIndexSize=101
[2026.05.02-09.54.19:638][  0]LogPakFile: PakFile FullDirectoryIndexSize=142
[2026.05.02-09.54.19:638][  0]LogShaderLibrary: Display: ShaderCodeLibraryPakFileMountedCallback: PakFile 'C:/Program Files/Epic Games/UE_4.27/FeaturePacks/TP_FlyingBP.upack' (chunk index -1, root 'root:/') mounted
[2026.05.02-09.54.19:638][  0]LogShaderLibrary: Display: ShaderCodeLibraryPakFileMountedCallback: pending pak file info (ChunkID:-1 Root:root:/ File:C:/Program Files/Epic Games/UE_4.27/FeaturePacks/TP_FlyingBP.upack)
[2026.05.02-09.54.19:638][  0]LogPakFile: OnPakFileMounted2Time == 0.000124
[2026.05.02-09.54.19:639][  0]LogPakFile: PakFile PrimaryIndexSize=188
[2026.05.02-09.54.19:639][  0]LogPakFile: PakFile PathHashIndexSize=101
[2026.05.02-09.54.19:639][  0]LogPakFile: PakFile FullDirectoryIndexSize=150
[2026.05.02-09.54.19:639][  0]LogShaderLibrary: Display: ShaderCodeLibraryPakFileMountedCallback: PakFile 'C:/Program Files/Epic Games/UE_4.27/FeaturePacks/TP_HandheldARBP.upack' (chunk index -1, root 'root:/') mounted
[2026.05.02-09.54.19:639][  0]LogShaderLibrary: Display: ShaderCodeLibraryPakFileMountedCallback: pending pak file info (ChunkID:-1 Root:root:/ File:C:/Program Files/Epic Games/UE_4.27/FeaturePacks/TP_HandheldARBP.upack)
[2026.05.02-09.54.19:639][  0]LogPakFile: OnPakFileMounted2Time == 0.000112
[2026.05.02-09.54.19:641][  0]LogPakFile: PakFile PrimaryIndexSize=182
[2026.05.02-09.54.19:641][  0]LogPakFile: PakFile PathHashIndexSize=101
[2026.05.02-09.54.19:641][  0]LogPakFile: PakFile FullDirectoryIndexSize=138
[2026.05.02-09.54.19:641][  0]LogShaderLibrary: Display: ShaderCodeLibraryPakFileMountedCallback: PakFile 'C:/Program Files/Epic Games/UE_4.27/FeaturePacks/TP_Puzzle.upack' (chunk index -1, root 'root:/') mounted
[2026.05.02-09.54.19:642][  0]LogShaderLibrary: Display: ShaderCodeLibraryPakFileMountedCallback: pending pak file info (ChunkID:-1 Root:root:/ File:C:/Program Files/Epic Games/UE_4.27/FeaturePacks/TP_Puzzle.upack)
[2026.05.02-09.54.19:642][  0]LogPakFile: OnPakFileMounted2Time == 0.000194
[2026.05.02-09.54.19:643][  0]LogPakFile: PakFile PrimaryIndexSize=184
[2026.05.02-09.54.19:643][  0]LogPakFile: PakFile PathHashIndexSize=101
[2026.05.02-09.54.19:643][  0]LogPakFile: PakFile FullDirectoryIndexSize=142
[2026.05.02-09.54.19:643][  0]LogShaderLibrary: Display: ShaderCodeLibraryPakFileMountedCallback: PakFile 'C:/Program Files/Epic Games/UE_4.27/FeaturePacks/TP_PuzzleBP.upack' (chunk index -1, root 'root:/') mounted
[2026.05.02-09.54.19:643][  0]LogShaderLibrary: Display: ShaderCodeLibraryPakFileMountedCallback: pending pak file info (ChunkID:-1 Root:root:/ File:C:/Program Files/Epic Games/UE_4.27/FeaturePacks/TP_PuzzleBP.upack)
[2026.05.02-09.54.19:643][  0]LogPakFile: OnPakFileMounted2Time == 0.000141
[2026.05.02-09.54.19:643][  0]LogPakFile: PakFile PrimaryIndexSize=183
[2026.05.02-09.54.19:643][  0]LogPakFile: PakFile PathHashIndexSize=101
[2026.05.02-09.54.19:644][  0]LogPakFile: PakFile FullDirectoryIndexSize=140
[2026.05.02-09.54.19:644][  0]LogShaderLibrary: Display: ShaderCodeLibraryPakFileMountedCallback: PakFile 'C:/Program Files/Epic Games/UE_4.27/FeaturePacks/TP_Rolling.upack' (chunk index -1, root 'root:/') mounted
[2026.05.02-09.54.19:644][  0]LogShaderLibrary: Display: ShaderCodeLibraryPakFileMountedCallback: pending pak file info (ChunkID:-1 Root:root:/ File:C:/Program Files/Epic Games/UE_4.27/FeaturePacks/TP_Rolling.upack)
[2026.05.02-09.54.19:644][  0]LogPakFile: OnPakFileMounted2Time == 0.000113
[2026.05.02-09.54.19:644][  0]LogPakFile: PakFile PrimaryIndexSize=185
[2026.05.02-09.54.19:645][  0]LogPakFile: PakFile PathHashIndexSize=101
[2026.05.02-09.54.19:645][  0]LogPakFile: PakFile FullDirectoryIndexSize=144
[2026.05.02-09.54.19:645][  0]LogShaderLibrary: Display: ShaderCodeLibraryPakFileMountedCallback: PakFile 'C:/Program Files/Epic Games/UE_4.27/FeaturePacks/TP_RollingBP.upack' (chunk index -1, root 'root:/') mounted
[2026.05.02-09.54.19:645][  0]LogShaderLibrary: Display: ShaderCodeLibraryPakFileMountedCallback: pending pak file info (ChunkID:-1 Root:root:/ File:C:/Program Files/Epic Games/UE_4.27/FeaturePacks/TP_RollingBP.upack)
[2026.05.02-09.54.19:645][  0]LogPakFile: OnPakFileMounted2Time == 0.000159
[2026.05.02-09.54.19:646][  0]LogPakFile: PakFile PrimaryIndexSize=188
[2026.05.02-09.54.19:646][  0]LogPakFile: PakFile PathHashIndexSize=101
[2026.05.02-09.54.19:646][  0]LogPakFile: PakFile FullDirectoryIndexSize=150
[2026.05.02-09.54.19:646][  0]LogShaderLibrary: Display: ShaderCodeLibraryPakFileMountedCallback: PakFile 'C:/Program Files/Epic Games/UE_4.27/FeaturePacks/TP_SideScroller.upack' (chunk index -1, root 'root:/') mounted
[2026.05.02-09.54.19:646][  0]LogShaderLibrary: Display: ShaderCodeLibraryPakFileMountedCallback: pending pak file info (ChunkID:-1 Root:root:/ File:C:/Program Files/Epic Games/UE_4.27/FeaturePacks/TP_SideScroller.upack)
[2026.05.02-09.54.19:646][  0]LogPakFile: OnPakFileMounted2Time == 0.000140
[2026.05.02-09.54.19:646][  0]LogPakFile: PakFile PrimaryIndexSize=190
[2026.05.02-09.54.19:646][  0]LogPakFile: PakFile PathHashIndexSize=101
[2026.05.02-09.54.19:646][  0]LogPakFile: PakFile FullDirectoryIndexSize=154
[2026.05.02-09.54.19:647][  0]LogShaderLibrary: Display: ShaderCodeLibraryPakFileMountedCallback: PakFile 'C:/Program Files/Epic Games/UE_4.27/FeaturePacks/TP_SideScrollerBP.upack' (chunk index -1, root 'root:/') mounted
[2026.05.02-09.54.19:647][  0]LogShaderLibrary: Display: ShaderCodeLibraryPakFileMountedCallback: pending pak file info (ChunkID:-1 Root:root:/ File:C:/Program Files/Epic Games/UE_4.27/FeaturePacks/TP_SideScrollerBP.upack)
[2026.05.02-09.54.19:647][  0]LogPakFile: OnPakFileMounted2Time == 0.000144
[2026.05.02-09.54.19:647][  0]LogPakFile: PakFile PrimaryIndexSize=187
[2026.05.02-09.54.19:648][  0]LogPakFile: PakFile PathHashIndexSize=101
[2026.05.02-09.54.19:648][  0]LogPakFile: PakFile FullDirectoryIndexSize=148
[2026.05.02-09.54.19:648][  0]LogShaderLibrary: Display: ShaderCodeLibraryPakFileMountedCallback: PakFile 'C:/Program Files/Epic Games/UE_4.27/FeaturePacks/TP_ThirdPerson.upack' (chunk index -1, root 'root:/') mounted
[2026.05.02-09.54.19:648][  0]LogShaderLibrary: Display: ShaderCodeLibraryPakFileMountedCallback: pending pak file info (ChunkID:-1 Root:root:/ File:C:/Program Files/Epic Games/UE_4.27/FeaturePacks/TP_ThirdPerson.upack)
[2026.05.02-09.54.19:648][  0]LogPakFile: OnPakFileMounted2Time == 0.000131
[2026.05.02-09.54.19:650][  0]LogPakFile: PakFile PrimaryIndexSize=189
[2026.05.02-09.54.19:650][  0]LogPakFile: PakFile PathHashIndexSize=101
[2026.05.02-09.54.19:650][  0]LogPakFile: PakFile FullDirectoryIndexSize=152
[2026.05.02-09.54.19:650][  0]LogShaderLibrary: Display: ShaderCodeLibraryPakFileMountedCallback: PakFile 'C:/Program Files/Epic Games/UE_4.27/FeaturePacks/TP_ThirdPersonBP.upack' (chunk index -1, root 'root:/') mounted
[2026.05.02-09.54.19:650][  0]LogShaderLibrary: Display: ShaderCodeLibraryPakFileMountedCallback: pending pak file info (ChunkID:-1 Root:root:/ File:C:/Program Files/Epic Games/UE_4.27/FeaturePacks/TP_ThirdPersonBP.upack)
[2026.05.02-09.54.19:650][  0]LogPakFile: OnPakFileMounted2Time == 0.000153
[2026.05.02-09.54.19:650][  0]LogPakFile: PakFile PrimaryIndexSize=183
[2026.05.02-09.54.19:651][  0]LogPakFile: PakFile PathHashIndexSize=101
[2026.05.02-09.54.19:651][  0]LogPakFile: PakFile FullDirectoryIndexSize=140
[2026.05.02-09.54.19:651][  0]LogShaderLibrary: Display: ShaderCodeLibraryPakFileMountedCallback: PakFile 'C:/Program Files/Epic Games/UE_4.27/FeaturePacks/TP_TopDown.upack' (chunk index -1, root 'root:/') mounted
[2026.05.02-09.54.19:651][  0]LogShaderLibrary: Display: ShaderCodeLibraryPakFileMountedCallback: pending pak file info (ChunkID:-1 Root:root:/ File:C:/Program Files/Epic Games/UE_4.27/FeaturePacks/TP_TopDown.upack)
[2026.05.02-09.54.19:651][  0]LogPakFile: OnPakFileMounted2Time == 0.000721
[2026.05.02-09.54.19:653][  0]LogPakFile: PakFile PrimaryIndexSize=185
[2026.05.02-09.54.19:653][  0]LogPakFile: PakFile PathHashIndexSize=101
[2026.05.02-09.54.19:653][  0]LogPakFile: PakFile FullDirectoryIndexSize=144
[2026.05.02-09.54.19:653][  0]LogShaderLibrary: Display: ShaderCodeLibraryPakFileMountedCallback: PakFile 'C:/Program Files/Epic Games/UE_4.27/FeaturePacks/TP_TopDownBP.upack' (chunk index -1, root 'root:/') mounted
[2026.05.02-09.54.19:653][  0]LogShaderLibrary: Display: ShaderCodeLibraryPakFileMountedCallback: pending pak file info (ChunkID:-1 Root:root:/ File:C:/Program Files/Epic Games/UE_4.27/FeaturePacks/TP_TopDownBP.upack)
[2026.05.02-09.54.19:653][  0]LogPakFile: OnPakFileMounted2Time == 0.000169
[2026.05.02-09.54.19:655][  0]LogPakFile: PakFile PrimaryIndexSize=185
[2026.05.02-09.54.19:655][  0]LogPakFile: PakFile PathHashIndexSize=101
[2026.05.02-09.54.19:655][  0]LogPakFile: PakFile FullDirectoryIndexSize=144
[2026.05.02-09.54.19:655][  0]LogShaderLibrary: Display: ShaderCodeLibraryPakFileMountedCallback: PakFile 'C:/Program Files/Epic Games/UE_4.27/FeaturePacks/TP_TwinStick.upack' (chunk index -1, root 'root:/') mounted
[2026.05.02-09.54.19:655][  0]LogShaderLibrary: Display: ShaderCodeLibraryPakFileMountedCallback: pending pak file info (ChunkID:-1 Root:root:/ File:C:/Program Files/Epic Games/UE_4.27/FeaturePacks/TP_TwinStick.upack)
[2026.05.02-09.54.19:655][  0]LogPakFile: OnPakFileMounted2Time == 0.000151
[2026.05.02-09.54.19:655][  0]LogPakFile: PakFile PrimaryIndexSize=187
[2026.05.02-09.54.19:657][  0]LogPakFile: PakFile PathHashIndexSize=101
[2026.05.02-09.54.19:657][  0]LogPakFile: PakFile FullDirectoryIndexSize=148
[2026.05.02-09.54.19:657][  0]LogShaderLibrary: Display: ShaderCodeLibraryPakFileMountedCallback: PakFile 'C:/Program Files/Epic Games/UE_4.27/FeaturePacks/TP_TwinStickBP.upack' (chunk index -1, root 'root:/') mounted
[2026.05.02-09.54.19:657][  0]LogShaderLibrary: Display: ShaderCodeLibraryPakFileMountedCallback: pending pak file info (ChunkID:-1 Root:root:/ File:C:/Program Files/Epic Games/UE_4.27/FeaturePacks/TP_TwinStickBP.upack)
[2026.05.02-09.54.19:657][  0]LogPakFile: OnPakFileMounted2Time == 0.000152
[2026.05.02-09.54.19:657][  0]LogPakFile: PakFile PrimaryIndexSize=183
[2026.05.02-09.54.19:658][  0]LogPakFile: PakFile PathHashIndexSize=101
[2026.05.02-09.54.19:658][  0]LogPakFile: PakFile FullDirectoryIndexSize=140
[2026.05.02-09.54.19:658][  0]LogShaderLibrary: Display: ShaderCodeLibraryPakFileMountedCallback: PakFile 'C:/Program Files/Epic Games/UE_4.27/FeaturePacks/TP_Vehicle.upack' (chunk index -1, root 'root:/') mounted
[2026.05.02-09.54.19:658][  0]LogShaderLibrary: Display: ShaderCodeLibraryPakFileMountedCallback: pending pak file info (ChunkID:-1 Root:root:/ File:C:/Program Files/Epic Games/UE_4.27/FeaturePacks/TP_Vehicle.upack)
[2026.05.02-09.54.19:658][  0]LogPakFile: OnPakFileMounted2Time == 0.000144
[2026.05.02-09.54.19:659][  0]LogPakFile: PakFile PrimaryIndexSize=186
[2026.05.02-09.54.19:659][  0]LogPakFile: PakFile PathHashIndexSize=101
[2026.05.02-09.54.19:659][  0]LogPakFile: PakFile FullDirectoryIndexSize=146
[2026.05.02-09.54.19:659][  0]LogShaderLibrary: Display: ShaderCodeLibraryPakFileMountedCallback: PakFile 'C:/Program Files/Epic Games/UE_4.27/FeaturePacks/TP_VehicleAdv.upack' (chunk index -1, root 'root:/') mounted
[2026.05.02-09.54.19:659][  0]LogShaderLibrary: Display: ShaderCodeLibraryPakFileMountedCallback: pending pak file info (ChunkID:-1 Root:root:/ File:C:/Program Files/Epic Games/UE_4.27/FeaturePacks/TP_VehicleAdv.upack)
[2026.05.02-09.54.19:659][  0]LogPakFile: OnPakFileMounted2Time == 0.000187
[2026.05.02-09.54.19:661][  0]LogPakFile: PakFile PrimaryIndexSize=188
[2026.05.02-09.54.19:661][  0]LogPakFile: PakFile PathHashIndexSize=101
[2026.05.02-09.54.19:661][  0]LogPakFile: PakFile FullDirectoryIndexSize=150
[2026.05.02-09.54.19:661][  0]LogShaderLibrary: Display: ShaderCodeLibraryPakFileMountedCallback: PakFile 'C:/Program Files/Epic Games/UE_4.27/FeaturePacks/TP_VehicleAdvBP.upack' (chunk index -1, root 'root:/') mounted
[2026.05.02-09.54.19:661][  0]LogShaderLibrary: Display: ShaderCodeLibraryPakFileMountedCallback: pending pak file info (ChunkID:-1 Root:root:/ File:C:/Program Files/Epic Games/UE_4.27/FeaturePacks/TP_VehicleAdvBP.upack)
[2026.05.02-09.54.19:661][  0]LogPakFile: OnPakFileMounted2Time == 0.000132
[2026.05.02-09.54.19:661][  0]LogPakFile: PakFile PrimaryIndexSize=185
[2026.05.02-09.54.19:661][  0]LogPakFile: PakFile PathHashIndexSize=101
[2026.05.02-09.54.19:661][  0]LogPakFile: PakFile FullDirectoryIndexSize=144
[2026.05.02-09.54.19:661][  0]LogShaderLibrary: Display: ShaderCodeLibraryPakFileMountedCallback: PakFile 'C:/Program Files/Epic Games/UE_4.27/FeaturePacks/TP_VehicleBP.upack' (chunk index -1, root 'root:/') mounted
[2026.05.02-09.54.19:661][  0]LogShaderLibrary: Display: ShaderCodeLibraryPakFileMountedCallback: pending pak file info (ChunkID:-1 Root:root:/ File:C:/Program Files/Epic Games/UE_4.27/FeaturePacks/TP_VehicleBP.upack)
[2026.05.02-09.54.19:661][  0]LogPakFile: OnPakFileMounted2Time == 0.000128
[2026.05.02-09.54.19:663][  0]LogPakFile: PakFile PrimaryIndexSize=192
[2026.05.02-09.54.19:663][  0]LogPakFile: PakFile PathHashIndexSize=101
[2026.05.02-09.54.19:663][  0]LogPakFile: PakFile FullDirectoryIndexSize=158
[2026.05.02-09.54.19:663][  0]LogShaderLibrary: Display: ShaderCodeLibraryPakFileMountedCallback: PakFile 'C:/Program Files/Epic Games/UE_4.27/FeaturePacks/TP_VirtualRealityBP.upack' (chunk index -1, root 'root:/') mounted
[2026.05.02-09.54.19:663][  0]LogShaderLibrary: Display: ShaderCodeLibraryPakFileMountedCallback: pending pak file info (ChunkID:-1 Root:root:/ File:C:/Program Files/Epic Games/UE_4.27/FeaturePacks/TP_VirtualRealityBP.upack)
[2026.05.02-09.54.19:663][  0]LogPakFile: OnPakFileMounted2Time == 0.000115
[2026.05.02-09.54.19:731][  0]LogNativeClassHierarchy: Verbose: Native class hierarchy updated for 'AddContentDialog' in 0.0003 seconds. Added 0 classes and 0 folders.
[2026.05.02-09.54.19:738][  0]LogNativeClassHierarchy: Verbose: Native class hierarchy updated for 'SceneOutliner' in 0.0004 seconds. Added 2 classes and 0 folders.
[2026.05.02-09.54.19:853][  0]LogSlate: Took 0.000364 seconds to synchronously load lazily loaded font '../../../Engine/Content/Slate/Fonts/Roboto-Regular.ttf' (155K)
[2026.05.02-09.54.19:855][  0]LogSlate: Took 0.000589 seconds to synchronously load lazily loaded font '../../../Engine/Content/Editor/Slate/Fonts/FontAwesome.ttf' (139K)
[2026.05.02-09.54.19:859][  0]LogSlate: Took 0.000384 seconds to synchronously load lazily loaded font '../../../Engine/Content/Slate/Fonts/Roboto-Bold.ttf' (160K)
[2026.05.02-09.54.19:919][  0]LogRenderer: Reallocating scene render targets to support 1168x440 Format 9 NumSamples 1 (Frame:1).
[2026.05.02-09.54.19:977][  0]LogSlate: Took 0.000341 seconds to synchronously load lazily loaded font '../../../Engine/Content/Slate/Fonts/Roboto-Light.ttf' (167K)
[2026.05.02-09.54.20:116][  0]LogNativeClassHierarchy: Verbose: Native class hierarchy updated for 'HierarchicalLODOutliner' in 0.0003 seconds. Added 0 classes and 0 folders.
[2026.05.02-09.54.20:117][  0]LogLoad: (Engine Initialization) Total time: 12.20 seconds
[2026.05.02-09.54.20:117][  0]LogLoad: (Engine Initialization) Total Blueprint compile time: 0.00 seconds
[2026.05.02-09.54.20:173][  0]LogAssetRegistry: Asset discovery search completed in 6.6808 seconds
[2026.05.02-09.54.20:181][  0]LogCollectionManager: Fixed up redirectors for 0 collections in 0.000003 seconds (updated 0 objects)
[2026.05.02-09.54.20:182][  0]LogContentStreaming: Texture pool size now 600 MB
[2026.05.02-09.54.23:379][ 76]LogTemp: Repeating last play command: Selected Viewport
[2026.05.02-09.54.23:389][ 76]LogPlayLevel: PlayLevel: No blueprints needed recompiling
[2026.05.02-09.54.23:389][ 76]PIE: New page: PIE session: main (2 мая 2026 г., 15:54:23)
[2026.05.02-09.54.23:393][ 76]LogOnline: OSS: Creating online subsystem instance for: NULL
[2026.05.02-09.54.23:395][ 76]LogOnline: OSS: TryLoadSubsystemAndSetDefault: Loaded subsystem for module [NULL]
[2026.05.02-09.54.23:395][ 76]LogPlayLevel: Creating play world package: /Game/UEDPIE_0_main
[2026.05.02-09.54.23:399][ 76]LogPlayLevel: PIE: StaticDuplicateObject took: (0.002562s)
[2026.05.02-09.54.23:401][ 76]LogAIModule: Creating AISystem for world main
[2026.05.02-09.54.23:402][ 76]LogPlayLevel: PIE: World Init took: (0.002444s)
[2026.05.02-09.54.23:402][ 76]LogPlayLevel: PIE: Created PIE world by copying editor world from /Game/main.main to /Game/UEDPIE_0_main.main (0.005683s)
[2026.05.02-09.54.23:407][ 76]LogUObjectHash: Compacting FUObjectHashTables data took   0.62ms
[2026.05.02-09.54.23:411][ 76]LogAudio: Display: Creating Audio Device:                 Id: 2, Scope: Unique, Realtime: True
[2026.05.02-09.54.23:412][ 76]LogAudioMixer: Display: Audio Mixer Platform Settings:
[2026.05.02-09.54.23:412][ 76]LogAudioMixer: Display: 	Sample Rate:						  48000
[2026.05.02-09.54.23:412][ 76]LogAudioMixer: Display: 	Callback Buffer Frame Size Requested: 1024
[2026.05.02-09.54.23:412][ 76]LogAudioMixer: Display: 	Callback Buffer Frame Size To Use:	  1024
[2026.05.02-09.54.23:412][ 76]LogAudioMixer: Display: 	Number of buffers to queue:			  2
[2026.05.02-09.54.23:412][ 76]LogAudioMixer: Display: 	Max Channels (voices):				  32
[2026.05.02-09.54.23:412][ 76]LogAudioMixer: Display: 	Number of Async Source Workers:		  0
[2026.05.02-09.54.23:412][ 76]LogAudio: Display: AudioDevice MaxSources: 32
[2026.05.02-09.54.23:413][ 76]LogAudio: Display: Audio Spatialization Plugin: None (built-in).
[2026.05.02-09.54.23:413][ 76]LogAudio: Display: Audio Reverb Plugin: None (built-in).
[2026.05.02-09.54.23:413][ 76]LogAudio: Display: Audio Occlusion Plugin: None (built-in).
[2026.05.02-09.54.23:413][ 76]LogAudioMixer: Display: Initializing audio mixer.
[2026.05.02-09.54.23:418][ 76]LogAudioMixer: Display: 0: FrontLeft
[2026.05.02-09.54.23:418][ 76]LogAudioMixer: Display: 1: FrontRight
[2026.05.02-09.54.23:459][ 76]LogAudioMixer: Display: Using Audio Device Наушники (HONOR CHOICE Headphones Pro)
[2026.05.02-09.54.23:459][ 76]LogAudioMixer: Display: Initializing Sound Submixes...
[2026.05.02-09.54.23:459][ 76]LogAudioMixer: Display: Creating Master Submix 'MasterSubmixDefault'
[2026.05.02-09.54.23:459][ 76]LogAudioMixer: Display: Creating Master Submix 'MasterReverbSubmixDefault'
[2026.05.02-09.54.23:461][ 76]LogAudioMixer: Display: Creating Master Submix 'MasterEQSubmixDefault'
[2026.05.02-09.54.23:461][ 76]LogAudioMixer: FMixerPlatformXAudio2::StartAudioStream() called
[2026.05.02-09.54.23:461][ 76]LogAudioMixer: Display: Output buffers initialized: Frames=1024, Channels=2, Samples=2048
[2026.05.02-09.54.23:464][ 76]LogAudioMixer: Display: Starting AudioMixerPlatformInterface::RunInternal()
[2026.05.02-09.54.23:464][ 76]LogAudioMixer: Display: FMixerPlatformXAudio2::SubmitBuffer() called for the first time
[2026.05.02-09.54.23:464][ 76]LogInit: FAudioDevice initialized.
[2026.05.02-09.54.23:464][ 76]LogAudio: Display: Audio Device (ID: 2) registered with world 'main'.
[2026.05.02-09.54.23:489][ 76]LogLoad: Game class is 'SnakeGameModeBP_C'
[2026.05.02-09.54.23:491][ 76]LogWorld: Bringing World /Game/UEDPIE_0_main.main up for play (max tick rate 60) at 2026.05.02-12.54.23
[2026.05.02-09.54.23:492][ 76]LogWorld: Bringing up level for play took: 0.000813
[2026.05.02-09.54.23:492][ 76]LogOnline: OSS: Creating online subsystem instance for: :Context_1
[2026.05.02-09.54.23:497][ 76]LogNativeClassHierarchy: Verbose: Native class hierarchy updated for 'MovieSceneCapture' in 0.0004 seconds. Added 20 classes and 0 folders.
[2026.05.02-09.54.23:499][ 76]LogActor: Warning: SnakeElemBP_C /Game/UEDPIE_0_main.main:PersistentLevel.SnakeElemBP_C_0 has natively added scene component(s), but none of them were set as the actor's RootComponent - picking one arbitrarily
[2026.05.02-09.54.23:500][ 76]LogActor: Warning: SnakeElemBP_C /Game/UEDPIE_0_main.main:PersistentLevel.SnakeElemBP_C_1 has natively added scene component(s), but none of them were set as the actor's RootComponent - picking one arbitrarily
[2026.05.02-09.54.23:501][ 76]LogActor: Warning: SnakeElemBP_C /Game/UEDPIE_0_main.main:PersistentLevel.SnakeElemBP_C_2 has natively added scene component(s), but none of them were set as the actor's RootComponent - picking one arbitrarily
[2026.05.02-09.54.23:501][ 76]LogActor: Warning: SnakeElemBP_C /Game/UEDPIE_0_main.main:PersistentLevel.SnakeElemBP_C_3 has natively added scene component(s), but none of them were set as the actor's RootComponent - picking one arbitrarily
[2026.05.02-09.54.23:501][ 76]LogActor: Warning: SnakeElemBP_C /Game/UEDPIE_0_main.main:PersistentLevel.SnakeElemBP_C_4 has natively added scene component(s), but none of them were set as the actor's RootComponent - picking one arbitrarily
[2026.05.02-09.54.23:501][ 76]PIE: Server logged in
[2026.05.02-09.54.23:504][ 76]PIE: Play in editor total start time 0,117 seconds.
[2026.05.02-09.54.23:563][ 77]LogActor: Warning: SnakeElemBP_C /Engine/Transient.World_0:PersistentLevel.SnakeElemBP_C_0 has natively added scene component(s), but none of them were set as the actor's RootComponent - picking one arbitrarily
[2026.05.02-09.54.30:124][467]LogSlate: Updating window title bar state: overlay mode, drag disabled, window buttons hidden, title bar hidden
[2026.05.02-09.54.30:124][467]LogWorld: BeginTearingDown for /Game/UEDPIE_0_main
[2026.05.02-09.54.30:125][467]LogWorld: UWorld::CleanupWorld for main, bSessionEnded=true, bCleanupResources=true
[2026.05.02-09.54.30:125][467]LogSlate: InvalidateAllWidgets triggered.  All widgets were invalidated
[2026.05.02-09.54.30:143][467]LogPlayLevel: Display: Shutting down PIE online subsystems
[2026.05.02-09.54.30:144][467]LogSlate: InvalidateAllWidgets triggered.  All widgets were invalidated
[2026.05.02-09.54.30:149][467]LogAudio: Display: Audio Device unregistered from world 'None'.
[2026.05.02-09.54.30:149][467]LogAudioMixer: FMixerPlatformXAudio2::StopAudioStream() called
[2026.05.02-09.54.30:152][467]LogAudioMixer: FMixerPlatformXAudio2::StopAudioStream() called
[2026.05.02-09.54.30:155][467]LogSlate: Updating window title bar state: overlay mode, drag disabled, window buttons hidden, title bar hidden
[2026.05.02-09.54.30:159][467]LogUObjectHash: Compacting FUObjectHashTables data took   1.06ms
[2026.05.02-09.54.30:203][470]LogPlayLevel: Display: Destroying online subsystem :Context_1
[2026.05.02-09.54.53:404][692]LogSlate: Took 0.000267 seconds to synchronously load lazily loaded font '../../../Engine/Content/Slate/Fonts/Roboto-Light.ttf' (167K)
[2026.05.02-09.54.53:435][692]LogAssetEditorSubsystem: Opening Asset editor for Blueprint /Game/SnakeBP.SnakeBP
[2026.05.02-09.54.53:524][692]LogNativeClassHierarchy: Verbose: Native class hierarchy updated for 'BlueprintGraph' in 0.0006 seconds. Added 126 classes and 0 folders.
[2026.05.02-09.54.58:819][953]BlueprintLog: New page: Compile SnakeBP
[2026.05.02-09.54.58:849][953]LogUObjectHash: Compacting FUObjectHashTables data took   1.92ms
[2026.05.02-09.54.58:883][953]Cmd: OBJ SAVEPACKAGE PACKAGE="/Game/SnakeBP" FILE="../../../../../../Users/user/Documents/GitHub Unreal/Snake/Snake/Content/SnakeBP.uasset" SILENT=true
[2026.05.02-09.54.58:889][953]LogSavePackage: Moving '../../../../../../Users/user/Documents/GitHub Unreal/Snake/Snake/Saved/SnakeBP78279F6246447D3A532AC5B1DDB849FA.tmp' to '../../../../../../Users/user/Documents/GitHub Unreal/Snake/Snake/Content/SnakeBP.uasset'
[2026.05.02-09.54.58:906][953]AssetCheck: New page: Asset Save: SnakeBP
[2026.05.02-09.54.58:907][953]LogContentValidation: Display: Validating Blueprint /Game/SnakeBP.SnakeBP
[2026.05.02-09.55.00:722][ 54]LogTemp: Repeating last play command: Selected Viewport
[2026.05.02-09.55.00:730][ 54]LogPlayLevel: PlayLevel: No blueprints needed recompiling
[2026.05.02-09.55.00:730][ 54]PIE: New page: PIE session: main (2 мая 2026 г., 15:55:00)
[2026.05.02-09.55.00:730][ 54]LogPlayLevel: Creating play world package: /Game/UEDPIE_0_main
[2026.05.02-09.55.00:733][ 54]LogPlayLevel: PIE: StaticDuplicateObject took: (0.003213s)
[2026.05.02-09.55.00:735][ 54]LogAIModule: Creating AISystem for world main
[2026.05.02-09.55.00:735][ 54]LogPlayLevel: PIE: World Init took: (0.001907s)
[2026.05.02-09.55.00:735][ 54]LogPlayLevel: PIE: Created PIE world by copying editor world from /Game/main.main to /Game/UEDPIE_0_main.main (0.005796s)
[2026.05.02-09.55.00:756][ 54]LogUObjectHash: Compacting FUObjectHashTables data took   2.24ms
[2026.05.02-09.55.00:757][ 54]LogAudio: Display: Creating Audio Device:                 Id: 3, Scope: Unique, Realtime: True
[2026.05.02-09.55.00:758][ 54]LogAudioMixer: Display: Audio Mixer Platform Settings:
[2026.05.02-09.55.00:758][ 54]LogAudioMixer: Display: 	Sample Rate:						  48000
[2026.05.02-09.55.00:758][ 54]LogAudioMixer: Display: 	Callback Buffer Frame Size Requested: 1024
[2026.05.02-09.55.00:758][ 54]LogAudioMixer: Display: 	Callback Buffer Frame Size To Use:	  1024
[2026.05.02-09.55.00:758][ 54]LogAudioMixer: Display: 	Number of buffers to queue:			  2
[2026.05.02-09.55.00:758][ 54]LogAudioMixer: Display: 	Max Channels (voices):				  32
[2026.05.02-09.55.00:758][ 54]LogAudioMixer: Display: 	Number of Async Source Workers:		  0
[2026.05.02-09.55.00:758][ 54]LogAudio: Display: AudioDevice MaxSources: 32
[2026.05.02-09.55.00:758][ 54]LogAudio: Display: Audio Spatialization Plugin: None (built-in).
[2026.05.02-09.55.00:760][ 54]LogAudio: Display: Audio Reverb Plugin: None (built-in).
[2026.05.02-09.55.00:760][ 54]LogAudio: Display: Audio Occlusion Plugin: None (built-in).
[2026.05.02-09.55.00:760][ 54]LogAudioMixer: Display: Initializing audio mixer.
[2026.05.02-09.55.00:764][ 54]LogAudioMixer: Display: 0: FrontLeft
[2026.05.02-09.55.00:764][ 54]LogAudioMixer: Display: 1: FrontRight
[2026.05.02-09.55.00:804][ 54]LogAudioMixer: Display: Using Audio Device Наушники (HONOR CHOICE Headphones Pro)
[2026.05.02-09.55.00:804][ 54]LogAudioMixer: Display: Initializing Sound Submixes...
[2026.05.02-09.55.00:806][ 54]LogAudioMixer: Display: Creating Master Submix 'MasterSubmixDefault'
[2026.05.02-09.55.00:806][ 54]LogAudioMixer: Display: Creating Master Submix 'MasterReverbSubmixDefault'
[2026.05.02-09.55.00:806][ 54]LogAudioMixer: Display: Creating Master Submix 'MasterEQSubmixDefault'
[2026.05.02-09.55.00:806][ 54]LogAudioMixer: FMixerPlatformXAudio2::StartAudioStream() called
[2026.05.02-09.55.00:807][ 54]LogAudioMixer: Display: Output buffers initialized: Frames=1024, Channels=2, Samples=2048
[2026.05.02-09.55.00:808][ 54]LogAudioMixer: Display: Starting AudioMixerPlatformInterface::RunInternal()
[2026.05.02-09.55.00:808][ 54]LogAudioMixer: Display: FMixerPlatformXAudio2::SubmitBuffer() called for the first time
[2026.05.02-09.55.00:808][ 54]LogInit: FAudioDevice initialized.
[2026.05.02-09.55.00:808][ 54]LogAudio: Display: Audio Device (ID: 3) registered with world 'main'.
[2026.05.02-09.55.00:826][ 54]LogLoad: Game class is 'SnakeGameModeBP_C'
[2026.05.02-09.55.00:827][ 54]LogWorld: Bringing World /Game/UEDPIE_0_main.main up for play (max tick rate 60) at 2026.05.02-12.55.00
[2026.05.02-09.55.00:827][ 54]LogWorld: Bringing up level for play took: 0.000672
[2026.05.02-09.55.00:827][ 54]LogOnline: OSS: Creating online subsystem instance for: :Context_4
[2026.05.02-09.55.00:831][ 54]LogActor: Warning: SnakeElemBP_C /Game/UEDPIE_0_main.main:PersistentLevel.SnakeElemBP_C_0 has natively added scene component(s), but none of them were set as the actor's RootComponent - picking one arbitrarily
[2026.05.02-09.55.00:832][ 54]LogActor: Warning: SnakeElemBP_C /Game/UEDPIE_0_main.main:PersistentLevel.SnakeElemBP_C_1 has natively added scene component(s), but none of them were set as the actor's RootComponent - picking one arbitrarily
[2026.05.02-09.55.00:832][ 54]LogActor: Warning: SnakeElemBP_C /Game/UEDPIE_0_main.main:PersistentLevel.SnakeElemBP_C_2 has natively added scene component(s), but none of them were set as the actor's RootComponent - picking one arbitrarily
[2026.05.02-09.55.00:833][ 54]LogActor: Warning: SnakeElemBP_C /Game/UEDPIE_0_main.main:PersistentLevel.SnakeElemBP_C_3 has natively added scene component(s), but none of them were set as the actor's RootComponent - picking one arbitrarily
[2026.05.02-09.55.00:835][ 54]LogActor: Warning: SnakeElemBP_C /Game/UEDPIE_0_main.main:PersistentLevel.SnakeElemBP_C_4 has natively added scene component(s), but none of them were set as the actor's RootComponent - picking one arbitrarily
[2026.05.02-09.55.00:835][ 54]PIE: Server logged in
[2026.05.02-09.55.00:836][ 54]PIE: Play in editor total start time 0,108 seconds.
[2026.05.02-09.55.02:585][156]LogSlate: Updating window title bar state: overlay mode, drag disabled, window buttons hidden, title bar hidden
[2026.05.02-09.55.02:585][156]LogWorld: BeginTearingDown for /Game/UEDPIE_0_main
[2026.05.02-09.55.02:585][156]LogWorld: UWorld::CleanupWorld for main, bSessionEnded=true, bCleanupResources=true
[2026.05.02-09.55.02:585][156]LogSlate: InvalidateAllWidgets triggered.  All widgets were invalidated
[2026.05.02-09.55.02:605][156]LogPlayLevel: Display: Shutting down PIE online subsystems
[2026.05.02-09.55.02:609][156]LogSlate: InvalidateAllWidgets triggered.  All widgets were invalidated
[2026.05.02-09.55.02:629][156]LogAudio: Display: Audio Device unregistered from world 'None'.
[2026.05.02-09.55.02:629][156]LogAudioMixer: FMixerPlatformXAudio2::StopAudioStream() called
[2026.05.02-09.55.02:633][156]LogAudioMixer: FMixerPlatformXAudio2::StopAudioStream() called
[2026.05.02-09.55.02:638][156]LogSlate: Updating window title bar state: overlay mode, drag disabled, window buttons hidden, title bar hidden
[2026.05.02-09.55.02:642][156]LogUObjectHash: Compacting FUObjectHashTables data took   1.78ms
[2026.05.02-09.55.02:654][157]LogPlayLevel: Display: Destroying online subsystem :Context_4
[2026.05.02-09.55.20:703][264]LogHttp: Warning: 000002C7CB1AB200: invalid HTTP response code received. URL: https://datarouter.ol.epicgames.com/datarouter/api/v1/public/data?SessionID=%7B47B335D4-4FE6-4BD6-40FF-AB9E5321A6CC%7D&AppID=UEEditor.Rocket.Release&AppVersion=4.27.2-18319896%2B%2B%2BUE4%2BRelease-4.27&UserID=348e9f624b4a3ef3be7fedaafb7de6fd%7Cb26187d4ee3a43c1989627066fea8b63%7C8e2446b4-2747-4f1f-8a88-f04adb2f4bc8&AppEnvironment=datacollector-binary&UploadType=eteventstream, HTTP code: 0, content length: 0, actual payload size: 0
[2026.05.02-09.55.20:703][264]LogHttp: Warning: 000002C7CB1AB200: request failed, libcurl error: 7 (Couldn't connect to server)
[2026.05.02-09.55.20:703][264]LogHttp: Warning: 000002C7CB1AB200: libcurl info message cache 0 (  Trying 127.0.0.1...)
[2026.05.02-09.55.20:704][264]LogHttp: Warning: 000002C7CB1AB200: libcurl info message cache 1 (TCP_NODELAY set)
[2026.05.02-09.55.20:704][264]LogHttp: Warning: 000002C7CB1AB200: libcurl info message cache 2 (connect to 127.0.0.1 port 12334 failed: Connection refused)
[2026.05.02-09.55.20:704][264]LogHttp: Warning: 000002C7CB1AB200: libcurl info message cache 3 (Failed to connect to 127.0.0.1 port 12334: Connection refused)
[2026.05.02-09.55.20:704][264]LogHttp: Warning: 000002C7CB1AB200: libcurl info message cache 4 (Closing connection 0)
[2026.05.02-09.55.20:704][264]LogHttp: Warning: Retry exhausted on https://datarouter.ol.epicgames.com/datarouter/api/v1/public/data?SessionID=%7B47B335D4-4FE6-4BD6-40FF-AB9E5321A6CC%7D&AppID=UEEditor.Rocket.Release&AppVersion=4.27.2-18319896%2B%2B%2BUE4%2BRelease-4.27&UserID=348e9f624b4a3ef3be7fedaafb7de6fd%7Cb26187d4ee3a43c1989627066fea8b63%7C8e2446b4-2747-4f1f-8a88-f04adb2f4bc8&AppEnvironment=datacollector-binary&UploadType=eteventstream
[2026.05.02-09.55.36:786][393]LogSlate: Only BGRA pngs, bmps or icos are supported in by External Image Picker
[2026.05.02-09.56.20:287][101]LogHttp: Warning: 000002C7D5990800: invalid HTTP response code received. URL: https://datarouter.ol.epicgames.com/datarouter/api/v1/public/data?SessionID=%7B47B335D4-4FE6-4BD6-40FF-AB9E5321A6CC%7D&AppID=UEEditor.Rocket.Release&AppVersion=4.27.2-18319896%2B%2B%2BUE4%2BRelease-4.27&UserID=348e9f624b4a3ef3be7fedaafb7de6fd%7Cb26187d4ee3a43c1989627066fea8b63%7C8e2446b4-2747-4f1f-8a88-f04adb2f4bc8&AppEnvironment=datacollector-binary&UploadType=eteventstream, HTTP code: 0, content length: 0, actual payload size: 0
[2026.05.02-09.56.20:287][101]LogHttp: Warning: 000002C7D5990800: request failed, libcurl error: 7 (Couldn't connect to server)
[2026.05.02-09.56.20:287][101]LogHttp: Warning: 000002C7D5990800: libcurl info message cache 0 (Hostname in DNS cache was stale, zapped)
[2026.05.02-09.56.20:288][101]LogHttp: Warning: 000002C7D5990800: libcurl info message cache 1 (  Trying 127.0.0.1...)
[2026.05.02-09.56.20:288][101]LogHttp: Warning: 000002C7D5990800: libcurl info message cache 2 (TCP_NODELAY set)
[2026.05.02-09.56.20:288][101]LogHttp: Warning: 000002C7D5990800: libcurl info message cache 3 (connect to 127.0.0.1 port 12334 failed: Connection refused)
[2026.05.02-09.56.20:288][101]LogHttp: Warning: 000002C7D5990800: libcurl info message cache 4 (Failed to connect to 127.0.0.1 port 12334: Connection refused)
[2026.05.02-09.56.20:288][101]LogHttp: Warning: 000002C7D5990800: libcurl info message cache 5 (Closing connection 1)
[2026.05.02-09.56.20:303][102]LogHttp: Warning: Retry exhausted on https://datarouter.ol.epicgames.com/datarouter/api/v1/public/data?SessionID=%7B47B335D4-4FE6-4BD6-40FF-AB9E5321A6CC%7D&AppID=UEEditor.Rocket.Release&AppVersion=4.27.2-18319896%2B%2B%2BUE4%2BRelease-4.27&UserID=348e9f624b4a3ef3be7fedaafb7de6fd%7Cb26187d4ee3a43c1989627066fea8b63%7C8e2446b4-2747-4f1f-8a88-f04adb2f4bc8&AppEnvironment=datacollector-binary&UploadType=eteventstream
[2026.05.02-09.57.20:156][416]LogHttp: Warning: 000002C7DBED6B00: invalid HTTP response code received. URL: https://datarouter.ol.epicgames.com/datarouter/api/v1/public/data?SessionID=%7B47B335D4-4FE6-4BD6-40FF-AB9E5321A6CC%7D&AppID=UEEditor.Rocket.Release&AppVersion=4.27.2-18319896%2B%2B%2BUE4%2BRelease-4.27&UserID=348e9f624b4a3ef3be7fedaafb7de6fd%7Cb26187d4ee3a43c1989627066fea8b63%7C8e2446b4-2747-4f1f-8a88-f04adb2f4bc8&AppEnvironment=datacollector-binary&UploadType=eteventstream, HTTP code: 0, content length: 0, actual payload size: 0
[2026.05.02-09.57.20:156][416]LogHttp: Warning: 000002C7DBED6B00: request failed, libcurl error: 7 (Couldn't connect to server)
[2026.05.02-09.57.20:156][416]LogHttp: Warning: 000002C7DBED6B00: libcurl info message cache 0 (Hostname in DNS cache was stale, zapped)
[2026.05.02-09.57.20:156][416]LogHttp: Warning: 000002C7DBED6B00: libcurl info message cache 1 (  Trying 127.0.0.1...)
[2026.05.02-09.57.20:156][416]LogHttp: Warning: 000002C7DBED6B00: libcurl info message cache 2 (TCP_NODELAY set)
[2026.05.02-09.57.20:156][416]LogHttp: Warning: 000002C7DBED6B00: libcurl info message cache 3 (connect to 127.0.0.1 port 12334 failed: Connection refused)
[2026.05.02-09.57.20:156][416]LogHttp: Warning: 000002C7DBED6B00: libcurl info message cache 4 (Failed to connect to 127.0.0.1 port 12334: Connection refused)
[2026.05.02-09.57.20:156][416]LogHttp: Warning: 000002C7DBED6B00: libcurl info message cache 5 (Closing connection 2)
[2026.05.02-09.57.20:158][416]LogHttp: Warning: Retry exhausted on https://datarouter.ol.epicgames.com/datarouter/api/v1/public/data?SessionID=%7B47B335D4-4FE6-4BD6-40FF-AB9E5321A6CC%7D&AppID=UEEditor.Rocket.Release&AppVersion=4.27.2-18319896%2B%2B%2BUE4%2BRelease-4.27&UserID=348e9f624b4a3ef3be7fedaafb7de6fd%7Cb26187d4ee3a43c1989627066fea8b63%7C8e2446b4-2747-4f1f-8a88-f04adb2f4bc8&AppEnvironment=datacollector-binary&UploadType=eteventstream
[2026.05.02-09.58.20:154][ 79]LogHttp: Warning: 000002C7DDF4B900: invalid HTTP response code received. URL: https://datarouter.ol.epicgames.com/datarouter/api/v1/public/data?SessionID=%7B47B335D4-4FE6-4BD6-40FF-AB9E5321A6CC%7D&AppID=UEEditor.Rocket.Release&AppVersion=4.27.2-18319896%2B%2B%2BUE4%2BRelease-4.27&UserID=348e9f624b4a3ef3be7fedaafb7de6fd%7Cb26187d4ee3a43c1989627066fea8b63%7C8e2446b4-2747-4f1f-8a88-f04adb2f4bc8&AppEnvironment=datacollector-binary&UploadType=eteventstream, HTTP code: 0, content length: 0, actual payload size: 0
[2026.05.02-09.58.20:154][ 79]LogHttp: Warning: 000002C7DDF4B900: request failed, libcurl error: 7 (Couldn't connect to server)
[2026.05.02-09.58.20:154][ 79]LogHttp: Warning: 000002C7DDF4B900: libcurl info message cache 0 (Hostname in DNS cache was stale, zapped)
[2026.05.02-09.58.20:154][ 79]LogHttp: Warning: 000002C7DDF4B900: libcurl info message cache 1 (  Trying 127.0.0.1...)
[2026.05.02-09.58.20:155][ 79]LogHttp: Warning: 000002C7DDF4B900: libcurl info message cache 2 (TCP_NODELAY set)
[2026.05.02-09.58.20:155][ 79]LogHttp: Warning: 000002C7DDF4B900: libcurl info message cache 3 (connect to 127.0.0.1 port 12334 failed: Connection refused)
[2026.05.02-09.58.20:155][ 79]LogHttp: Warning: 000002C7DDF4B900: libcurl info message cache 4 (Failed to connect to 127.0.0.1 port 12334: Connection refused)
[2026.05.02-09.58.20:155][ 79]LogHttp: Warning: 000002C7DDF4B900: libcurl info message cache 5 (Closing connection 3)
[2026.05.02-09.58.20:171][ 80]LogHttp: Warning: Retry exhausted on https://datarouter.ol.epicgames.com/datarouter/api/v1/public/data?SessionID=%7B47B335D4-4FE6-4BD6-40FF-AB9E5321A6CC%7D&AppID=UEEditor.Rocket.Release&AppVersion=4.27.2-18319896%2B%2B%2BUE4%2BRelease-4.27&UserID=348e9f624b4a3ef3be7fedaafb7de6fd%7Cb26187d4ee3a43c1989627066fea8b63%7C8e2446b4-2747-4f1f-8a88-f04adb2f4bc8&AppEnvironment=datacollector-binary&UploadType=eteventstream
[2026.05.02-09.59.20:630][889]LogHttp: Warning: 000002C7D59F6400: invalid HTTP response code received. URL: https://datarouter.ol.epicgames.com/datarouter/api/v1/public/data?SessionID=%7B47B335D4-4FE6-4BD6-40FF-AB9E5321A6CC%7D&AppID=UEEditor.Rocket.Release&AppVersion=4.27.2-18319896%2B%2B%2BUE4%2BRelease-4.27&UserID=348e9f624b4a3ef3be7fedaafb7de6fd%7Cb26187d4ee3a43c1989627066fea8b63%7C8e2446b4-2747-4f1f-8a88-f04adb2f4bc8&AppEnvironment=datacollector-binary&UploadType=eteventstream, HTTP code: 0, content length: 0, actual payload size: 0
[2026.05.02-09.59.20:631][889]LogHttp: Warning: 000002C7D59F6400: request failed, libcurl error: 7 (Couldn't connect to server)
[2026.05.02-09.59.20:631][889]LogHttp: Warning: 000002C7D59F6400: libcurl info message cache 0 (Hostname in DNS cache was stale, zapped)
[2026.05.02-09.59.20:631][889]LogHttp: Warning: 000002C7D59F6400: libcurl info message cache 1 (  Trying 127.0.0.1...)
[2026.05.02-09.59.20:631][889]LogHttp: Warning: 000002C7D59F6400: libcurl info message cache 2 (TCP_NODELAY set)
[2026.05.02-09.59.20:631][889]LogHttp: Warning: 000002C7D59F6400: libcurl info message cache 3 (connect to 127.0.0.1 port 12334 failed: Connection refused)
[2026.05.02-09.59.20:631][889]LogHttp: Warning: 000002C7D59F6400: libcurl info message cache 4 (Failed to connect to 127.0.0.1 port 12334: Connection refused)
[2026.05.02-09.59.20:632][889]LogHttp: Warning: 000002C7D59F6400: libcurl info message cache 5 (Closing connection 4)
[2026.05.02-09.59.20:965][890]LogHttp: Warning: Retry exhausted on https://datarouter.ol.epicgames.com/datarouter/api/v1/public/data?SessionID=%7B47B335D4-4FE6-4BD6-40FF-AB9E5321A6CC%7D&AppID=UEEditor.Rocket.Release&AppVersion=4.27.2-18319896%2B%2B%2BUE4%2BRelease-4.27&UserID=348e9f624b4a3ef3be7fedaafb7de6fd%7Cb26187d4ee3a43c1989627066fea8b63%7C8e2446b4-2747-4f1f-8a88-f04adb2f4bc8&AppEnvironment=datacollector-binary&UploadType=eteventstream
[2026.05.02-09.59.31:402][980]LogSlate: Window 'Project Settings' being destroyed
[2026.05.02-09.59.31:411][980]LogSlate: Window 'Project Settings' being destroyed
[2026.05.02-10.00.20:757][187]LogHttp: Warning: 000002C7D4844100: invalid HTTP response code received. URL: https://datarouter.ol.epicgames.com/datarouter/api/v1/public/data?SessionID=%7B47B335D4-4FE6-4BD6-40FF-AB9E5321A6CC%7D&AppID=UEEditor.Rocket.Release&AppVersion=4.27.2-18319896%2B%2B%2BUE4%2BRelease-4.27&UserID=348e9f624b4a3ef3be7fedaafb7de6fd%7Cb26187d4ee3a43c1989627066fea8b63%7C8e2446b4-2747-4f1f-8a88-f04adb2f4bc8&AppEnvironment=datacollector-binary&UploadType=eteventstream, HTTP code: 0, content length: 0, actual payload size: 0
[2026.05.02-10.00.20:758][187]LogHttp: Warning: 000002C7D4844100: request failed, libcurl error: 7 (Couldn't connect to server)
[2026.05.02-10.00.20:758][187]LogHttp: Warning: 000002C7D4844100: libcurl info message cache 0 (Hostname in DNS cache was stale, zapped)
[2026.05.02-10.00.20:758][187]LogHttp: Warning: 000002C7D4844100: libcurl info message cache 1 (  Trying 127.0.0.1...)
[2026.05.02-10.00.20:758][187]LogHttp: Warning: 000002C7D4844100: libcurl info message cache 2 (TCP_NODELAY set)
[2026.05.02-10.00.20:758][187]LogHttp: Warning: 000002C7D4844100: libcurl info message cache 3 (connect to 127.0.0.1 port 12334 failed: Connection refused)
[2026.05.02-10.00.20:758][187]LogHttp: Warning: 000002C7D4844100: libcurl info message cache 4 (Failed to connect to 127.0.0.1 port 12334: Connection refused)
[2026.05.02-10.00.20:758][187]LogHttp: Warning: 000002C7D4844100: libcurl info message cache 5 (Closing connection 5)
[2026.05.02-10.00.21:096][188]LogHttp: Warning: Retry exhausted on https://datarouter.ol.epicgames.com/datarouter/api/v1/public/data?SessionID=%7B47B335D4-4FE6-4BD6-40FF-AB9E5321A6CC%7D&AppID=UEEditor.Rocket.Release&AppVersion=4.27.2-18319896%2B%2B%2BUE4%2BRelease-4.27&UserID=348e9f624b4a3ef3be7fedaafb7de6fd%7Cb26187d4ee3a43c1989627066fea8b63%7C8e2446b4-2747-4f1f-8a88-f04adb2f4bc8&AppEnvironment=datacollector-binary&UploadType=eteventstream
