Log file open, 05/02/26 11:52:52
LogWindows: Failed to load 'aqProf.dll' (GetLastError=126)
LogWindows: File 'aqProf.dll' does not exist
LogWindows: Failed to load 'VtuneApi.dll' (GetLastError=126)
LogWindows: File 'VtuneApi.dll' does not exist
LogWindows: Failed to load 'VtuneApi32e.dll' (GetLastError=126)
LogWindows: File 'VtuneApi32e.dll' does not exist
LogConsoleResponse: Display: Failed to find resolution value strings in scalability ini. Falling back to default.
LogConsoleResponse: Display: Failed to find resolution value strings in scalability ini. Falling back to default.
LogInit: Display: Running engine for game: Snake
LogPlatformFile: Not using cached read wrapper
LogTaskGraph: Started task graph with 5 named threads and 47 total threads with 3 sets of task threads.
LogStats: Stats thread started at 0.744288
LogICUInternationalization: ICU TimeZone Detection - Raw Offset: +3:00, Platform Override: ''
LogInit: Display: Loading text-based GConfig....
LogPluginManager: Mounting plugin MeshPainting
LogPluginManager: Mounting plugin XGEController
LogPluginManager: Mounting plugin Paper2D
LogPluginManager: Mounting plugin LiveLink
LogPluginManager: Mounting plugin AISupport
LogPluginManager: Mounting plugin EnvironmentQueryEditor
LogPluginManager: Mounting plugin GameplayCameras
LogPluginManager: Mounting plugin CameraShakePreviewer
LogPluginManager: Mounting plugin LightPropagationVolume
LogPluginManager: Mounting plugin DatasmithContent
LogPluginManager: Mounting plugin VariantManagerContent
LogPluginManager: Mounting plugin OodleData
LogPluginManager: Mounting plugin AnimationSharing
LogPluginManager: Mounting plugin CodeLiteSourceCodeAccess
LogPluginManager: Mounting plugin CLionSourceCodeAccess
LogPluginManager: Mounting plugin GitSourceControl
LogPluginManager: Mounting plugin NullSourceCodeAccess
LogPluginManager: Mounting plugin PlasticSourceControl
LogPluginManager: Mounting plugin PixWinPlugin
LogPluginManager: Mounting plugin OodleNetwork
LogPluginManager: Mounting plugin PluginUtils
LogPluginManager: Mounting plugin PropertyAccessNode
LogPluginManager: Mounting plugin SubversionSourceControl
LogPluginManager: Mounting plugin UObjectPlugin
LogPluginManager: Mounting plugin VisualStudioCodeSourceCodeAccess
LogPluginManager: Mounting plugin PerforceSourceControl
LogPluginManager: Mounting plugin XCodeSourceCodeAccess
LogPluginManager: Mounting plugin TextureFormatOodle
LogPluginManager: Mounting plugin AssetManagerEditor
LogPluginManager: Mounting plugin RiderSourceCodeAccess
LogPluginManager: Mounting plugin CryptoKeys
LogPluginManager: Mounting plugin CurveEditorTools
LogPluginManager: Mounting plugin DataValidation
LogPluginManager: Mounting plugin GameplayTagsEditor
LogPluginManager: Mounting plugin MaterialAnalyzer
LogPluginManager: Mounting plugin FacialAnimation
LogPluginManager: Mounting plugin MobileLauncherProfileWizard
LogPluginManager: Mounting plugin KDevelopSourceCodeAccess
LogPluginManager: Mounting plugin VisualStudioSourceCodeAccess
LogPluginManager: Mounting plugin SpeedTreeImporter
LogPluginManager: Mounting plugin Niagara
LogPluginManager: Mounting plugin AlembicImporter
LogPluginManager: Mounting plugin AutomationUtils
LogPluginManager: Mounting plugin ChaosCloth
LogPluginManager: Mounting plugin ChaosClothEditor
LogPluginManager: Mounting plugin ChaosNiagara
LogPluginManager: Mounting plugin ChaosEditor
LogPluginManager: Mounting plugin CharacterAI
LogPluginManager: Mounting plugin GeometryMode
LogPluginManager: Mounting plugin ChaosSolverPlugin
LogPluginManager: Mounting plugin MacGraphicsSwitching
LogPluginManager: Mounting plugin GeometryCache
LogPluginManager: Mounting plugin GeometryCollectionPlugin
LogPluginManager: Mounting plugin PluginBrowser
LogPluginManager: Mounting plugin BackChannel
LogPluginManager: Mounting plugin OpenImageDenoise
LogPluginManager: Mounting plugin MotoSynth
LogPluginManager: Mounting plugin PlanarCut
LogPluginManager: Mounting plugin LuminPlatformFeatures
LogPluginManager: Mounting plugin PlatformCrypto
LogPluginManager: Mounting plugin ProxyLODPlugin
LogPluginManager: Mounting plugin PythonScriptPlugin
LogPluginManager: Mounting plugin MagicLeap
LogPluginManager: Mounting plugin MagicLeapLightEstimation
LogPluginManager: Mounting plugin SkeletalReduction
LogPluginManager: Mounting plugin MagicLeapMedia
LogPluginManager: Mounting plugin GeometryProcessing
LogPluginManager: Mounting plugin MagicLeapPassableWorld
LogPluginManager: Mounting plugin MLSDK
LogPluginManager: Mounting plugin UdpMessaging
LogPluginManager: Mounting plugin TcpMessaging
LogPluginManager: Mounting plugin LevelSequenceEditor
LogPluginManager: Mounting plugin ActorSequence
LogPluginManager: Mounting plugin AndroidMedia
LogPluginManager: Mounting plugin AvfMedia
LogPluginManager: Mounting plugin MatineeToLevelSequence
LogPluginManager: Mounting plugin ImgMedia
LogPluginManager: Mounting plugin MediaCompositing
LogPluginManager: Mounting plugin WebMMedia
LogPluginManager: Mounting plugin WmfMedia
LogPluginManager: Mounting plugin OnlineSubsystem
LogPluginManager: Mounting plugin OnlineSubsystemUtils
LogPluginManager: Mounting plugin TemplateSequence
LogPluginManager: Mounting plugin MediaPlayerEditor
LogPluginManager: Mounting plugin ActorLayerUtilities
LogPluginManager: Mounting plugin AndroidMoviePlayer
LogPluginManager: Mounting plugin AndroidPermission
LogPluginManager: Mounting plugin AndroidDeviceProfileSelector
LogPluginManager: Mounting plugin AppleImageUtils
LogPluginManager: Mounting plugin AppleMoviePlayer
LogPluginManager: Mounting plugin OnlineSubsystemNull
LogPluginManager: Mounting plugin ArchVisCharacter
LogPluginManager: Mounting plugin AssetTags
LogPluginManager: Mounting plugin AudioCapture
LogPluginManager: Mounting plugin CableComponent
LogPluginManager: Mounting plugin AudioSynesthesia
LogPluginManager: Mounting plugin ChunkDownloader
LogPluginManager: Mounting plugin CustomMeshComponent
LogPluginManager: Mounting plugin LauncherChunkInstaller
LogPluginManager: Mounting plugin ExampleDeviceProfileSelector
LogPluginManager: Mounting plugin GoogleCloudMessaging
LogPluginManager: Mounting plugin GooglePAD
LogPluginManager: Mounting plugin IOSDeviceProfileSelector
LogPluginManager: Mounting plugin LocationServicesBPLibrary
LogPluginManager: Mounting plugin MobilePatchingUtils
LogPluginManager: Mounting plugin OpenXR
LogPluginManager: Mounting plugin OpenXRHandTracking
LogPluginManager: Mounting plugin PhysXVehicles
LogPluginManager: Mounting plugin PostSplashScreen
LogPluginManager: Mounting plugin PropertyAccessEditor
LogPluginManager: Mounting plugin OpenXREyeTracker
LogPluginManager: Mounting plugin EditableMesh
LogPluginManager: Mounting plugin LinuxDeviceProfileSelector
LogPluginManager: Mounting plugin SignificanceManager
LogPluginManager: Mounting plugin ProceduralMeshComponent
LogPluginManager: Mounting plugin SoundFields
LogPluginManager: Mounting plugin Synthesis
LogPluginManager: Mounting plugin WebMMoviePlayer
LogPluginManager: Mounting plugin WindowsMoviePlayer
LogPluginManager: Mounting plugin RuntimePhysXCooking
LogPluginManager: Mounting plugin ScreenshotTools
LogPluginManager: Mounting plugin Takes
LogPluginManager: Mounting plugin ContentBrowserAssetDataSource
LogPluginManager: Mounting plugin ContentBrowserClassDataSource
LogPluginManager: Mounting plugin ContentBrowserFileDataSource
LogPluginManager: Mounting plugin OnlineSubsystemGooglePlay
LogPluginManager: Mounting plugin OnlineSubsystemIOS
LogPluginManager: Mounting plugin OculusVR
LogPluginManager: Mounting plugin SteamVR
PixWinPlugin: PIX capture plugin failed to initialize! Check that the process is launched from PIX.
LogInit: Using libcurl 7.55.1-DEV
LogInit:  - built for x86_64-pc-win32
LogInit:  - supports SSL with OpenSSL/1.1.1
LogInit:  - supports HTTP deflate (compression) using libz 1.2.8
LogInit:  - other features:
LogInit:      CURL_VERSION_SSL
LogInit:      CURL_VERSION_LIBZ
LogInit:      CURL_VERSION_IPV6
LogInit:      CURL_VERSION_ASYNCHDNS
LogInit:      CURL_VERSION_LARGEFILE
LogInit:      CURL_VERSION_IDN
LogInit:  CurlRequestOptions (configurable via config and command line):
LogInit:  - bVerifyPeer = true  - Libcurl will verify peer certificate
LogInit:  - bUseHttpProxy = true  - Libcurl will use HTTP proxy
LogInit:  - HttpProxyAddress = '127.0.0.1:12334'
LogInit:  - bDontReuseConnections = false  - Libcurl will reuse connections
LogInit:  - MaxHostConnections = 16  - Libcurl will limit the number of connections to a host
LogInit:  - LocalHostAddr = Default
LogInit:  - BufferSize = 65536
LogOnline: OSS: Creating online subsystem instance for: NULL
LogInit: WinSock: version 1.1 (2.2), MaxSocks=32767, MaxUdp=65467
LogOnline: OSS: TryLoadSubsystemAndSetDefault: Loaded subsystem for module [NULL]
LogOculusPluginWrapper: OculusPlugin initialized successfully
LogHMD: Failed initializing OVRPlugin 1.59.0
LogInit: Build: ++UE4+Release-4.27-CL-18319896
LogInit: Engine Version: 4.27.2-18319896+++UE4+Release-4.27
LogInit: Compatible Engine Version: 4.27.0-17155196+++UE4+Release-4.27
LogInit: Net CL: 17155196
LogInit: OS: Windows 10 (Release 2009) (), CPU: AMD Ryzen 7 5700U with Radeon Graphics         , GPU: AMD Radeon(TM) Graphics
LogInit: Compiled (64-bit): Nov 30 2021 07:12:08
LogInit: Compiled with Visual C++: 19.24.28315.00
LogInit: Build Configuration: Development
LogInit: Branch Name: ++UE4+Release-4.27
LogInit: Command Line:  -skipcompile
LogInit: Base Directory: C:/Program Files/Epic Games/UE_4.27/Engine/Binaries/Win64/
LogInit: Allocator: TBB
LogInit: Installed Engine Build: 1
LogDevObjectVersion: Number of dev versions registered: 29
LogDevObjectVersion:   Dev-Blueprints (B0D832E4-1F89-4F0D-ACCF-7EB736FD4AA2): 10
LogDevObjectVersion:   Dev-Build (E1C64328-A22C-4D53-A36C-8E866417BD8C): 0
LogDevObjectVersion:   Dev-Core (375EC13C-06E4-48FB-B500-84F0262A717E): 4
LogDevObjectVersion:   Dev-Editor (E4B068ED-F494-42E9-A231-DA0B2E46BB41): 40
LogDevObjectVersion:   Dev-Framework (CFFC743F-43B0-4480-9391-14DF171D2073): 37
LogDevObjectVersion:   Dev-Mobile (B02B49B5-BB20-44E9-A304-32B752E40360): 3
LogDevObjectVersion:   Dev-Networking (A4E4105C-59A1-49B5-A7C5-40C4547EDFEE): 0
LogDevObjectVersion:   Dev-Online (39C831C9-5AE6-47DC-9A44-9C173E1C8E7C): 0
LogDevObjectVersion:   Dev-Physics (78F01B33-EBEA-4F98-B9B4-84EACCB95AA2): 14
LogDevObjectVersion:   Dev-Platform (6631380F-2D4D-43E0-8009-CF276956A95A): 0
LogDevObjectVersion:   Dev-Rendering (12F88B9F-8875-4AFC-A67C-D90C383ABD29): 45
LogDevObjectVersion:   Dev-Sequencer (7B5AE74C-D270-4C10-A958-57980B212A5A): 13
LogDevObjectVersion:   Dev-VR (D7296918-1DD6-4BDD-9DE2-64A83CC13884): 3
LogDevObjectVersion:   Dev-LoadTimes (C2A15278-BFE7-4AFE-6C17-90FF531DF755): 1
LogDevObjectVersion:   Private-Geometry (6EACA3D4-40EC-4CC1-B786-8BED09428FC5): 3
LogDevObjectVersion:   Dev-AnimPhys (29E575DD-E0A3-4627-9D10-D276232CDCEA): 17
LogDevObjectVersion:   Dev-Anim (AF43A65D-7FD3-4947-9873-3E8ED9C1BB05): 15
LogDevObjectVersion:   Dev-ReflectionCapture (6B266CEC-1EC7-4B8F-A30B-E4D90942FC07): 1
LogDevObjectVersion:   Dev-Automation (0DF73D61-A23F-47EA-B727-89E90C41499A): 1
LogDevObjectVersion:   FortniteMain (601D1886-AC64-4F84-AA16-D3DE0DEAC7D6): 47
LogDevObjectVersion:   FortniteRelease (E7086368-6B23-4C58-8439-1B7016265E91): 1
LogDevObjectVersion:   Dev-Enterprise (9DFFBCD6-494F-0158-E221-12823C92A888): 10
LogDevObjectVersion:   Dev-Niagara (F2AED0AC-9AFE-416F-8664-AA7FFA26D6FC): 1
LogDevObjectVersion:   Dev-Destruction (174F1F0B-B4C6-45A5-B13F-2EE8D0FB917D): 10
LogDevObjectVersion:   Dev-Physics-Ext (35F94A83-E258-406C-A318-09F59610247C): 41
LogDevObjectVersion:   Dev-PhysicsMaterial-Chaos (B68FC16E-8B1B-42E2-B453-215C058844FE): 1
LogDevObjectVersion:   Dev-CineCamera (B2E18506-4273-CFC2-A54E-F4BB758BBA07): 1
LogDevObjectVersion:   Dev-VirtualProduction (64F58936-FD1B-42BA-BA96-7289D5D0FA4E): 1
LogDevObjectVersion:   Dev-MediaFramework (6F0ED827-A609-4895-9C91-998D90180EA4): 2
LogInit: Presizing for max 25165824 objects, including 0 objects not considered by GC, pre-allocating 0 bytes for permanent pool.
LogConfig: Applying CVar settings from Section [/Script/Engine.StreamingSettings] File [C:/Users/user/Documents/GitHub Unreal/Snake/Snake/Saved/Config/Windows/Engine.ini]
LogConfig: Setting CVar [[s.MinBulkDataSizeForAsyncLoading:131072]]
LogConfig: Setting CVar [[s.AsyncLoadingThreadEnabled:0]]
LogConfig: Setting CVar [[s.EventDrivenLoaderEnabled:1]]
LogConfig: Setting CVar [[s.WarnIfTimeLimitExceeded:0]]
LogConfig: Setting CVar [[s.TimeLimitExceededMultiplier:1.5]]
LogConfig: Setting CVar [[s.TimeLimitExceededMinTime:0.005]]
LogConfig: Setting CVar [[s.UseBackgroundLevelStreaming:1]]
LogConfig: Setting CVar [[s.PriorityAsyncLoadingExtraTime:15.0]]
LogConfig: Setting CVar [[s.LevelStreamingActorsUpdateTimeLimit:5.0]]
LogConfig: Setting CVar [[s.PriorityLevelStreamingActorsUpdateExtraTime:5.0]]
LogConfig: Setting CVar [[s.LevelStreamingComponentsRegistrationGranularity:10]]
LogConfig: Setting CVar [[s.UnregisterComponentsTimeLimit:1.0]]
LogConfig: Setting CVar [[s.LevelStreamingComponentsUnregistrationGranularity:5]]
LogConfig: Setting CVar [[s.FlushStreamingOnExit:1]]
LogInit: Object subsystem initialized
LogConfig: Setting CVar [[con.DebugEarlyDefault:1]]
LogConfig: Setting CVar [[r.setres:1280x720]]
[2026.05.02-08.52.54:485][  0]LogConfig: Setting CVar [[r.VSync:0]]
[2026.05.02-08.52.54:485][  0]LogConfig: Setting CVar [[r.RHICmdBypass:0]]
[2026.05.02-08.52.54:485][  0]LogConfig: Applying CVar settings from Section [/Script/Engine.RendererSettings] File [C:/Users/user/Documents/GitHub Unreal/Snake/Snake/Saved/Config/Windows/Engine.ini]
[2026.05.02-08.52.54:485][  0]LogConfig: Setting CVar [[r.GPUCrashDebugging:0]]
[2026.05.02-08.52.54:485][  0]LogConfig: Applying CVar settings from Section [/Script/Engine.RendererOverrideSettings] File [C:/Users/user/Documents/GitHub Unreal/Snake/Snake/Saved/Config/Windows/Engine.ini]
[2026.05.02-08.52.54:485][  0]LogConfig: Applying CVar settings from Section [/Script/Engine.StreamingSettings] File [C:/Users/user/Documents/GitHub Unreal/Snake/Snake/Saved/Config/Windows/Engine.ini]
[2026.05.02-08.52.54:485][  0]LogConfig: Setting CVar [[s.MinBulkDataSizeForAsyncLoading:131072]]
[2026.05.02-08.52.54:485][  0]LogConfig: Setting CVar [[s.AsyncLoadingThreadEnabled:0]]
[2026.05.02-08.52.54:485][  0]LogConfig: Setting CVar [[s.EventDrivenLoaderEnabled:1]]
[2026.05.02-08.52.54:486][  0]LogConfig: Setting CVar [[s.WarnIfTimeLimitExceeded:0]]
[2026.05.02-08.52.54:486][  0]LogConfig: Setting CVar [[s.TimeLimitExceededMultiplier:1.5]]
[2026.05.02-08.52.54:486][  0]LogConfig: Setting CVar [[s.TimeLimitExceededMinTime:0.005]]
[2026.05.02-08.52.54:486][  0]LogConfig: Setting CVar [[s.UseBackgroundLevelStreaming:1]]
[2026.05.02-08.52.54:486][  0]LogConfig: Setting CVar [[s.PriorityAsyncLoadingExtraTime:15.0]]
[2026.05.02-08.52.54:486][  0]LogConfig: Setting CVar [[s.LevelStreamingActorsUpdateTimeLimit:5.0]]
[2026.05.02-08.52.54:486][  0]LogConfig: Setting CVar [[s.PriorityLevelStreamingActorsUpdateExtraTime:5.0]]
[2026.05.02-08.52.54:486][  0]LogConfig: Setting CVar [[s.LevelStreamingComponentsRegistrationGranularity:10]]
[2026.05.02-08.52.54:486][  0]LogConfig: Setting CVar [[s.UnregisterComponentsTimeLimit:1.0]]
[2026.05.02-08.52.54:487][  0]LogConfig: Setting CVar [[s.LevelStreamingComponentsUnregistrationGranularity:5]]
[2026.05.02-08.52.54:487][  0]LogConfig: Setting CVar [[s.FlushStreamingOnExit:1]]
[2026.05.02-08.52.54:487][  0]LogConfig: Applying CVar settings from Section [/Script/Engine.GarbageCollectionSettings] File [C:/Users/user/Documents/GitHub Unreal/Snake/Snake/Saved/Config/Windows/Engine.ini]
[2026.05.02-08.52.54:487][  0]LogConfig: Setting CVar [[gc.MaxObjectsNotConsideredByGC:1]]
[2026.05.02-08.52.54:487][  0]LogConfig: Setting CVar [[gc.SizeOfPermanentObjectPool:0]]
[2026.05.02-08.52.54:487][  0]LogConfig: Setting CVar [[gc.FlushStreamingOnGC:0]]
[2026.05.02-08.52.54:487][  0]LogConfig: Setting CVar [[gc.NumRetriesBeforeForcingGC:10]]
[2026.05.02-08.52.54:487][  0]LogConfig: Setting CVar [[gc.AllowParallelGC:1]]
[2026.05.02-08.52.54:487][  0]LogConfig: Setting CVar [[gc.TimeBetweenPurgingPendingKillObjects:61.1]]
[2026.05.02-08.52.54:487][  0]LogConfig: Setting CVar [[gc.MaxObjectsInEditor:25165824]]
[2026.05.02-08.52.54:487][  0]LogConfig: Setting CVar [[gc.IncrementalBeginDestroyEnabled:1]]
[2026.05.02-08.52.54:487][  0]LogConfig: Setting CVar [[gc.CreateGCClusters:1]]
[2026.05.02-08.52.54:488][  0]LogConfig: Setting CVar [[gc.MinGCClusterSize:5]]
[2026.05.02-08.52.54:488][  0]LogConfig: Setting CVar [[gc.ActorClusteringEnabled:0]]
[2026.05.02-08.52.54:488][  0]LogConfig: Setting CVar [[gc.BlueprintClusteringEnabled:0]]
[2026.05.02-08.52.54:488][  0]LogConfig: Setting CVar [[gc.UseDisregardForGCOnDedicatedServers:0]]
[2026.05.02-08.52.54:488][  0]LogConfig: Setting CVar [[gc.MultithreadedDestructionEnabled:1]]
[2026.05.02-08.52.54:488][  0]LogConfig: Applying CVar settings from Section [/Script/Engine.NetworkSettings] File [C:/Users/user/Documents/GitHub Unreal/Snake/Snake/Saved/Config/Windows/Engine.ini]
[2026.05.02-08.52.54:488][  0]LogConfig: Applying CVar settings from Section [/Script/UnrealEd.CookerSettings] File [C:/Users/user/Documents/GitHub Unreal/Snake/Snake/Saved/Config/Windows/Engine.ini]
[2026.05.02-08.52.54:505][  0]LogConfig: Applying CVar settings from Section [ViewDistanceQuality@3] File [C:/Users/user/Documents/GitHub Unreal/Snake/Snake/Saved/Config/Windows/Scalability.ini]
[2026.05.02-08.52.54:505][  0]LogConfig: Setting CVar [[r.SkeletalMeshLODBias:0]]
[2026.05.02-08.52.54:505][  0]LogConfig: Setting CVar [[r.ViewDistanceScale:1.0]]
[2026.05.02-08.52.54:505][  0]LogConfig: Applying CVar settings from Section [AntiAliasingQuality@3] File [C:/Users/user/Documents/GitHub Unreal/Snake/Snake/Saved/Config/Windows/Scalability.ini]
[2026.05.02-08.52.54:505][  0]LogConfig: Setting CVar [[r.PostProcessAAQuality:4]]
[2026.05.02-08.52.54:505][  0]LogConfig: Applying CVar settings from Section [ShadowQuality@3] File [C:/Users/user/Documents/GitHub Unreal/Snake/Snake/Saved/Config/Windows/Scalability.ini]
[2026.05.02-08.52.54:505][  0]LogConfig: Setting CVar [[r.LightFunctionQuality:1]]
[2026.05.02-08.52.54:505][  0]LogConfig: Setting CVar [[r.ShadowQuality:5]]
[2026.05.02-08.52.54:506][  0]LogConfig: Setting CVar [[r.Shadow.CSM.MaxCascades:10]]
[2026.05.02-08.52.54:506][  0]LogConfig: Setting CVar [[r.Shadow.MaxResolution:2048]]
[2026.05.02-08.52.54:506][  0]LogConfig: Setting CVar [[r.Shadow.MaxCSMResolution:2048]]
[2026.05.02-08.52.54:506][  0]LogConfig: Setting CVar [[r.Shadow.RadiusThreshold:0.01]]
[2026.05.02-08.52.54:506][  0]LogConfig: Setting CVar [[r.Shadow.DistanceScale:1.0]]
[2026.05.02-08.52.54:506][  0]LogConfig: Setting CVar [[r.Shadow.CSM.TransitionScale:1.0]]
[2026.05.02-08.52.54:506][  0]LogConfig: Setting CVar [[r.Shadow.PreShadowResolutionFactor:1.0]]
[2026.05.02-08.52.54:506][  0]LogConfig: Setting CVar [[r.DistanceFieldShadowing:1]]
[2026.05.02-08.52.54:506][  0]LogConfig: Setting CVar [[r.DistanceFieldAO:1]]
[2026.05.02-08.52.54:506][  0]LogConfig: Setting CVar [[r.AOQuality:2]]
[2026.05.02-08.52.54:506][  0]LogConfig: Setting CVar [[r.VolumetricFog:1]]
[2026.05.02-08.52.54:506][  0]LogConfig: Setting CVar [[r.VolumetricFog.GridPixelSize:8]]
[2026.05.02-08.52.54:506][  0]LogConfig: Setting CVar [[r.VolumetricFog.GridSizeZ:128]]
[2026.05.02-08.52.54:506][  0]LogConfig: Setting CVar [[r.VolumetricFog.HistoryMissSupersampleCount:4]]
[2026.05.02-08.52.54:506][  0]LogConfig: Setting CVar [[r.LightMaxDrawDistanceScale:1]]
[2026.05.02-08.52.54:506][  0]LogConfig: Setting CVar [[r.CapsuleShadows:1]]
[2026.05.02-08.52.54:506][  0]LogConfig: Applying CVar settings from Section [PostProcessQuality@3] File [C:/Users/user/Documents/GitHub Unreal/Snake/Snake/Saved/Config/Windows/Scalability.ini]
[2026.05.02-08.52.54:507][  0]LogConfig: Setting CVar [[r.MotionBlurQuality:4]]
[2026.05.02-08.52.54:507][  0]LogConfig: Setting CVar [[r.AmbientOcclusionMipLevelFactor:0.4]]
[2026.05.02-08.52.54:507][  0]LogConfig: Setting CVar [[r.AmbientOcclusionMaxQuality:100]]
[2026.05.02-08.52.54:507][  0]LogConfig: Setting CVar [[r.AmbientOcclusionLevels:-1]]
[2026.05.02-08.52.54:507][  0]LogConfig: Setting CVar [[r.AmbientOcclusionRadiusScale:1.0]]
[2026.05.02-08.52.54:507][  0]LogConfig: Setting CVar [[r.DepthOfFieldQuality:2]]
[2026.05.02-08.52.54:507][  0]LogConfig: Setting CVar [[r.RenderTargetPoolMin:400]]
[2026.05.02-08.52.54:507][  0]LogConfig: Setting CVar [[r.LensFlareQuality:2]]
[2026.05.02-08.52.54:507][  0]LogConfig: Setting CVar [[r.SceneColorFringeQuality:1]]
[2026.05.02-08.52.54:507][  0]LogConfig: Setting CVar [[r.EyeAdaptationQuality:2]]
[2026.05.02-08.52.54:507][  0]LogConfig: Setting CVar [[r.BloomQuality:5]]
[2026.05.02-08.52.54:507][  0]LogConfig: Setting CVar [[r.FastBlurThreshold:100]]
[2026.05.02-08.52.54:507][  0]LogConfig: Setting CVar [[r.Upscale.Quality:3]]
[2026.05.02-08.52.54:507][  0]LogConfig: Setting CVar [[r.Tonemapper.GrainQuantization:1]]
[2026.05.02-08.52.54:507][  0]LogConfig: Setting CVar [[r.LightShaftQuality:1]]
[2026.05.02-08.52.54:507][  0]LogConfig: Setting CVar [[r.Filter.SizeScale:1]]
[2026.05.02-08.52.54:507][  0]LogConfig: Setting CVar [[r.Tonemapper.Quality:5]]
[2026.05.02-08.52.54:509][  0]LogConfig: Setting CVar [[r.DOF.Gather.AccumulatorQuality:1        ; higher gathering accumulator quality]]
[2026.05.02-08.52.54:509][  0]LogConfig: Setting CVar [[r.DOF.Gather.PostfilterMethod:1          ; Median3x3 postfilering method]]
[2026.05.02-08.52.54:509][  0]LogConfig: Setting CVar [[r.DOF.Gather.EnableBokehSettings:0       ; no bokeh simulation when gathering]]
[2026.05.02-08.52.54:509][  0]LogConfig: Setting CVar [[r.DOF.Gather.RingCount:4                 ; medium number of samples when gathering]]
[2026.05.02-08.52.54:509][  0]LogConfig: Setting CVar [[r.DOF.Scatter.ForegroundCompositing:1    ; additive foreground scattering]]
[2026.05.02-08.52.54:509][  0]LogConfig: Setting CVar [[r.DOF.Scatter.BackgroundCompositing:2    ; additive background scattering]]
[2026.05.02-08.52.54:509][  0]LogConfig: Setting CVar [[r.DOF.Scatter.EnableBokehSettings:1      ; bokeh simulation when scattering]]
[2026.05.02-08.52.54:509][  0]LogConfig: Setting CVar [[r.DOF.Scatter.MaxSpriteRatio:0.1         ; only a maximum of 10% of scattered bokeh]]
[2026.05.02-08.52.54:509][  0]LogConfig: Setting CVar [[r.DOF.Recombine.Quality:1                ; cheap slight out of focus]]
[2026.05.02-08.52.54:509][  0]LogConfig: Setting CVar [[r.DOF.Recombine.EnableBokehSettings:0    ; no bokeh simulation on slight out of focus]]
[2026.05.02-08.52.54:509][  0]LogConfig: Setting CVar [[r.DOF.TemporalAAQuality:1                ; more stable temporal accumulation]]
[2026.05.02-08.52.54:509][  0]LogConfig: Setting CVar [[r.DOF.Kernel.MaxForegroundRadius:0.025]]
[2026.05.02-08.52.54:509][  0]LogConfig: Setting CVar [[r.DOF.Kernel.MaxBackgroundRadius:0.025]]
[2026.05.02-08.52.54:510][  0]LogConfig: Applying CVar settings from Section [TextureQuality@3] File [C:/Users/user/Documents/GitHub Unreal/Snake/Snake/Saved/Config/Windows/Scalability.ini]
[2026.05.02-08.52.54:510][  0]LogConfig: Setting CVar [[r.Streaming.MipBias:0]]
[2026.05.02-08.52.54:510][  0]LogConfig: Setting CVar [[r.Streaming.AmortizeCPUToGPUCopy:0]]
[2026.05.02-08.52.54:510][  0]LogConfig: Setting CVar [[r.Streaming.MaxNumTexturesToStreamPerFrame:0]]
[2026.05.02-08.52.54:510][  0]LogConfig: Setting CVar [[r.Streaming.Boost:1]]
[2026.05.02-08.52.54:510][  0]LogConfig: Setting CVar [[r.MaxAnisotropy:8]]
[2026.05.02-08.52.54:510][  0]LogConfig: Setting CVar [[r.VT.MaxAnisotropy:8]]
[2026.05.02-08.52.54:510][  0]LogConfig: Setting CVar [[r.Streaming.LimitPoolSizeToVRAM:0]]
[2026.05.02-08.52.54:510][  0]LogConfig: Setting CVar [[r.Streaming.PoolSize:1000]]
[2026.05.02-08.52.54:510][  0]LogConfig: Setting CVar [[r.Streaming.MaxEffectiveScreenSize:0]]
[2026.05.02-08.52.54:510][  0]LogConfig: Applying CVar settings from Section [EffectsQuality@3] File [C:/Users/user/Documents/GitHub Unreal/Snake/Snake/Saved/Config/Windows/Scalability.ini]
[2026.05.02-08.52.54:510][  0]LogConfig: Setting CVar [[r.TranslucencyLightingVolumeDim:64]]
[2026.05.02-08.52.54:510][  0]LogConfig: Setting CVar [[r.RefractionQuality:2]]
[2026.05.02-08.52.54:510][  0]LogConfig: Setting CVar [[r.SSR.Quality:3]]
[2026.05.02-08.52.54:511][  0]LogConfig: Setting CVar [[r.SSR.HalfResSceneColor:0]]
[2026.05.02-08.52.54:511][  0]LogConfig: Setting CVar [[r.SceneColorFormat:4]]
[2026.05.02-08.52.54:511][  0]LogConfig: Setting CVar [[r.DetailMode:2]]
[2026.05.02-08.52.54:511][  0]LogConfig: Setting CVar [[r.TranslucencyVolumeBlur:1]]
[2026.05.02-08.52.54:511][  0]LogConfig: Setting CVar [[r.MaterialQualityLevel:1 ; High quality]]
[2026.05.02-08.52.54:511][  0]LogConfig: Setting CVar [[r.AnisotropicMaterials:1]]
[2026.05.02-08.52.54:511][  0]LogConfig: Setting CVar [[r.SSS.Scale:1]]
[2026.05.02-08.52.54:511][  0]LogConfig: Setting CVar [[r.SSS.SampleSet:2]]
[2026.05.02-08.52.54:511][  0]LogConfig: Setting CVar [[r.SSS.Quality:1]]
[2026.05.02-08.52.54:511][  0]LogConfig: Setting CVar [[r.SSS.HalfRes:0]]
[2026.05.02-08.52.54:511][  0]LogConfig: Setting CVar [[r.SSGI.Quality:3]]
[2026.05.02-08.52.54:511][  0]LogConfig: Setting CVar [[r.EmitterSpawnRateScale:1.0]]
[2026.05.02-08.52.54:512][  0]LogConfig: Setting CVar [[r.ParticleLightQuality:2]]
[2026.05.02-08.52.54:512][  0]LogConfig: Setting CVar [[r.SkyAtmosphere.AerialPerspectiveLUT.FastApplyOnOpaque:1 ; Always have FastSkyLUT 1 in this case to avoid wrong sky]]
[2026.05.02-08.52.54:512][  0]LogConfig: Setting CVar [[r.SkyAtmosphere.AerialPerspectiveLUT.SampleCountMaxPerSlice:4]]
[2026.05.02-08.52.54:512][  0]LogConfig: Setting CVar [[r.SkyAtmosphere.AerialPerspectiveLUT.DepthResolution:16.0]]
[2026.05.02-08.52.54:512][  0]LogConfig: Setting CVar [[r.SkyAtmosphere.FastSkyLUT:1]]
[2026.05.02-08.52.54:512][  0]LogConfig: Setting CVar [[r.SkyAtmosphere.FastSkyLUT.SampleCountMin:4.0]]
[2026.05.02-08.52.54:512][  0]LogConfig: Setting CVar [[r.SkyAtmosphere.FastSkyLUT.SampleCountMax:128.0]]
[2026.05.02-08.52.54:512][  0]LogConfig: Setting CVar [[r.SkyAtmosphere.SampleCountMin:4.0]]
[2026.05.02-08.52.54:512][  0]LogConfig: Setting CVar [[r.SkyAtmosphere.SampleCountMax:128.0]]
[2026.05.02-08.52.54:512][  0]LogConfig: Setting CVar [[r.SkyAtmosphere.TransmittanceLUT.UseSmallFormat:0]]
[2026.05.02-08.52.54:512][  0]LogConfig: Setting CVar [[r.SkyAtmosphere.TransmittanceLUT.SampleCount:10.0]]
[2026.05.02-08.52.54:512][  0]LogConfig: Setting CVar [[r.SkyAtmosphere.MultiScatteringLUT.SampleCount:15.0]]
[2026.05.02-08.52.54:512][  0]LogConfig: Setting CVar [[r.SkyLight.RealTimeReflectionCapture:1]]
[2026.05.02-08.52.54:512][  0]LogConfig: Applying CVar settings from Section [FoliageQuality@3] File [C:/Users/user/Documents/GitHub Unreal/Snake/Snake/Saved/Config/Windows/Scalability.ini]
[2026.05.02-08.52.54:512][  0]LogConfig: Setting CVar [[foliage.DensityScale:1.0]]
[2026.05.02-08.52.54:513][  0]LogConfig: Setting CVar [[grass.DensityScale:1.0]]
[2026.05.02-08.52.54:513][  0]LogConfig: Applying CVar settings from Section [ShadingQuality@3] File [C:/Users/user/Documents/GitHub Unreal/Snake/Snake/Saved/Config/Windows/Scalability.ini]
[2026.05.02-08.52.54:513][  0]LogConfig: Setting CVar [[r.HairStrands.SkyLighting.IntegrationType:2]]
[2026.05.02-08.52.54:513][  0]LogConfig: Setting CVar [[r.HairStrands.SkyAO.SampleCount:4]]
[2026.05.02-08.52.54:513][  0]LogConfig: Setting CVar [[r.HairStrands.Visibility.MSAA.SamplePerPixel:4]]
[2026.05.02-08.52.54:513][  0]LogInit: Selected Device Profile: [Windows]
[2026.05.02-08.52.54:513][  0]LogInit: Applying CVar settings loaded from the selected device profile: [Windows]
[2026.05.02-08.52.54:513][  0]LogHAL: Display: Platform has ~ 16 GB [16469520384 / 17179869184 / 16], which maps to Larger [LargestMinGB=32, LargerMinGB=12, DefaultMinGB=8, SmallerMinGB=6, SmallestMinGB=0)
[2026.05.02-08.52.54:514][  0]LogInit: Going up to parent DeviceProfile []
[2026.05.02-08.52.54:514][  0]LogConfig: Applying CVar settings from Section [ViewDistanceQuality@1] File [C:/Users/user/Documents/GitHub Unreal/Snake/Snake/Saved/Config/Windows/Scalability.ini]
[2026.05.02-08.52.54:514][  0]LogConfig: Setting CVar [[r.SkeletalMeshLODBias:1]]
[2026.05.02-08.52.54:514][  0]LogConfig: Setting CVar [[r.ViewDistanceScale:0.6]]
[2026.05.02-08.52.54:514][  0]LogConfig: Applying CVar settings from Section [AntiAliasingQuality@1] File [C:/Users/user/Documents/GitHub Unreal/Snake/Snake/Saved/Config/Windows/Scalability.ini]
[2026.05.02-08.52.54:514][  0]LogConfig: Setting CVar [[r.PostProcessAAQuality:2]]
[2026.05.02-08.52.54:514][  0]LogConfig: Applying CVar settings from Section [ShadowQuality@1] File [C:/Users/user/Documents/GitHub Unreal/Snake/Snake/Saved/Config/Windows/Scalability.ini]
[2026.05.02-08.52.54:514][  0]LogConfig: Setting CVar [[r.LightFunctionQuality:1]]
[2026.05.02-08.52.54:514][  0]LogConfig: Setting CVar [[r.ShadowQuality:3]]
[2026.05.02-08.52.54:514][  0]LogConfig: Setting CVar [[r.Shadow.CSM.MaxCascades:1]]
[2026.05.02-08.52.54:514][  0]LogConfig: Setting CVar [[r.Shadow.MaxResolution:1024]]
[2026.05.02-08.52.54:515][  0]LogConfig: Setting CVar [[r.Shadow.MaxCSMResolution:1024]]
[2026.05.02-08.52.54:515][  0]LogConfig: Setting CVar [[r.Shadow.RadiusThreshold:0.05]]
[2026.05.02-08.52.54:515][  0]LogConfig: Setting CVar [[r.Shadow.DistanceScale:0.7]]
[2026.05.02-08.52.54:515][  0]LogConfig: Setting CVar [[r.Shadow.CSM.TransitionScale:0.25]]
[2026.05.02-08.52.54:515][  0]LogConfig: Setting CVar [[r.Shadow.PreShadowResolutionFactor:0.5]]
[2026.05.02-08.52.54:515][  0]LogConfig: Setting CVar [[r.DistanceFieldShadowing:0]]
[2026.05.02-08.52.54:515][  0]LogConfig: Setting CVar [[r.DistanceFieldAO:0]]
[2026.05.02-08.52.54:515][  0]LogConfig: Setting CVar [[r.VolumetricFog:0]]
[2026.05.02-08.52.54:515][  0]LogConfig: Setting CVar [[r.LightMaxDrawDistanceScale:.5]]
[2026.05.02-08.52.54:515][  0]LogConfig: Setting CVar [[r.CapsuleShadows:1]]
[2026.05.02-08.52.54:515][  0]LogConfig: Applying CVar settings from Section [PostProcessQuality@1] File [C:/Users/user/Documents/GitHub Unreal/Snake/Snake/Saved/Config/Windows/Scalability.ini]
[2026.05.02-08.52.54:515][  0]LogConfig: Setting CVar [[r.MotionBlurQuality:3]]
[2026.05.02-08.52.54:515][  0]LogConfig: Setting CVar [[r.AmbientOcclusionMipLevelFactor:1.0]]
[2026.05.02-08.52.54:515][  0]LogConfig: Setting CVar [[r.AmbientOcclusionMaxQuality:60]]
[2026.05.02-08.52.54:515][  0]LogConfig: Setting CVar [[r.AmbientOcclusionLevels:-1]]
[2026.05.02-08.52.54:515][  0]LogConfig: Setting CVar [[r.AmbientOcclusionRadiusScale:1.5]]
[2026.05.02-08.52.54:515][  0]LogConfig: Setting CVar [[r.DepthOfFieldQuality:1]]
[2026.05.02-08.52.54:515][  0]LogConfig: Setting CVar [[r.RenderTargetPoolMin:350]]
[2026.05.02-08.52.54:515][  0]LogConfig: Setting CVar [[r.LensFlareQuality:0]]
[2026.05.02-08.52.54:515][  0]LogConfig: Setting CVar [[r.SceneColorFringeQuality:0]]
[2026.05.02-08.52.54:515][  0]LogConfig: Setting CVar [[r.EyeAdaptationQuality:2]]
[2026.05.02-08.52.54:515][  0]LogConfig: Setting CVar [[r.BloomQuality:4]]
[2026.05.02-08.52.54:516][  0]LogConfig: Setting CVar [[r.FastBlurThreshold:2]]
[2026.05.02-08.52.54:516][  0]LogConfig: Setting CVar [[r.Upscale.Quality:2]]
[2026.05.02-08.52.54:516][  0]LogConfig: Setting CVar [[r.Tonemapper.GrainQuantization:0]]
[2026.05.02-08.52.54:516][  0]LogConfig: Setting CVar [[r.LightShaftQuality:0]]
[2026.05.02-08.52.54:516][  0]LogConfig: Setting CVar [[r.Filter.SizeScale:0.7]]
[2026.05.02-08.52.54:516][  0]LogConfig: Setting CVar [[r.Tonemapper.Quality:2]]
[2026.05.02-08.52.54:516][  0]LogConfig: Setting CVar [[r.DOF.Gather.AccumulatorQuality:0        ; lower gathering accumulator quality]]
[2026.05.02-08.52.54:516][  0]LogConfig: Setting CVar [[r.DOF.Gather.PostfilterMethod:2          ; Max3x3 postfilering method]]
[2026.05.02-08.52.54:516][  0]LogConfig: Setting CVar [[r.DOF.Gather.EnableBokehSettings:0       ; no bokeh simulation when gathering]]
[2026.05.02-08.52.54:516][  0]LogConfig: Setting CVar [[r.DOF.Gather.RingCount:3                 ; low number of samples when gathering]]
[2026.05.02-08.52.54:516][  0]LogConfig: Setting CVar [[r.DOF.Scatter.ForegroundCompositing:0    ; no foreground scattering]]
[2026.05.02-08.52.54:516][  0]LogConfig: Setting CVar [[r.DOF.Scatter.BackgroundCompositing:0    ; no foreground scattering]]
[2026.05.02-08.52.54:516][  0]LogConfig: Setting CVar [[r.DOF.Recombine.Quality:0                ; no slight out of focus]]
[2026.05.02-08.52.54:516][  0]LogConfig: Setting CVar [[r.DOF.TemporalAAQuality:0                ; faster temporal accumulation]]
[2026.05.02-08.52.54:516][  0]LogConfig: Setting CVar [[r.DOF.Kernel.MaxForegroundRadius:0.006   ; required because low gathering and no scattering and not looking great at 1080p]]
[2026.05.02-08.52.54:516][  0]LogConfig: Setting CVar [[r.DOF.Kernel.MaxBackgroundRadius:0.006   ; required because low gathering and no scattering and not looking great at 1080p]]
[2026.05.02-08.52.54:518][  0]LogConfig: Applying CVar settings from Section [TextureQuality@1] File [C:/Users/user/Documents/GitHub Unreal/Snake/Snake/Saved/Config/Windows/Scalability.ini]
[2026.05.02-08.52.54:518][  0]LogConfig: Setting CVar [[r.Streaming.MipBias:1]]
[2026.05.02-08.52.54:518][  0]LogConfig: Setting CVar [[r.Streaming.AmortizeCPUToGPUCopy:0]]
[2026.05.02-08.52.54:518][  0]LogConfig: Setting CVar [[r.Streaming.MaxNumTexturesToStreamPerFrame:0]]
[2026.05.02-08.52.54:518][  0]LogConfig: Setting CVar [[r.Streaming.Boost:1]]
[2026.05.02-08.52.54:518][  0]LogConfig: Setting CVar [[r.MaxAnisotropy:2]]
[2026.05.02-08.52.54:518][  0]LogConfig: Setting CVar [[r.VT.MaxAnisotropy:4]]
[2026.05.02-08.52.54:518][  0]LogConfig: Setting CVar [[r.Streaming.LimitPoolSizeToVRAM:1]]
[2026.05.02-08.52.54:518][  0]LogConfig: Setting CVar [[r.Streaming.PoolSize:600]]
[2026.05.02-08.52.54:518][  0]LogConfig: Setting CVar [[r.Streaming.MaxEffectiveScreenSize:0]]
[2026.05.02-08.52.54:518][  0]LogConfig: Applying CVar settings from Section [EffectsQuality@1] File [C:/Users/user/Documents/GitHub Unreal/Snake/Snake/Saved/Config/Windows/Scalability.ini]
[2026.05.02-08.52.54:518][  0]LogConfig: Setting CVar [[r.TranslucencyLightingVolumeDim:32]]
[2026.05.02-08.52.54:518][  0]LogConfig: Setting CVar [[r.RefractionQuality:0]]
[2026.05.02-08.52.54:518][  0]LogConfig: Setting CVar [[r.SSR.Quality:0]]
[2026.05.02-08.52.54:518][  0]LogConfig: Setting CVar [[r.SSR.HalfResSceneColor:1]]
[2026.05.02-08.52.54:519][  0]LogConfig: Setting CVar [[r.SceneColorFormat:3]]
[2026.05.02-08.52.54:519][  0]LogConfig: Setting CVar [[r.DetailMode:1]]
[2026.05.02-08.52.54:519][  0]LogConfig: Setting CVar [[r.TranslucencyVolumeBlur:0]]
[2026.05.02-08.52.54:519][  0]LogConfig: Setting CVar [[r.MaterialQualityLevel:2 ; Medium quality]]
[2026.05.02-08.52.54:519][  0]LogConfig: Setting CVar [[r.AnisotropicMaterials:0]]
[2026.05.02-08.52.54:519][  0]LogConfig: Setting CVar [[r.SSS.Scale:0.75]]
[2026.05.02-08.52.54:519][  0]LogConfig: Setting CVar [[r.SSS.SampleSet:0]]
[2026.05.02-08.52.54:519][  0]LogConfig: Setting CVar [[r.SSS.Quality:0]]
[2026.05.02-08.52.54:519][  0]LogConfig: Setting CVar [[r.SSS.HalfRes:1]]
[2026.05.02-08.52.54:519][  0]LogConfig: Setting CVar [[r.SSGI.Quality:1]]
[2026.05.02-08.52.54:519][  0]LogConfig: Setting CVar [[r.EmitterSpawnRateScale:0.25]]
[2026.05.02-08.52.54:519][  0]LogConfig: Setting CVar [[r.ParticleLightQuality:0]]
[2026.05.02-08.52.54:519][  0]LogConfig: Setting CVar [[r.SkyAtmosphere.AerialPerspectiveLUT.FastApplyOnOpaque:1 ; Always have FastSkyLUT 1 in this case to avoid wrong sky]]
[2026.05.02-08.52.54:520][  0]LogConfig: Setting CVar [[r.SkyAtmosphere.AerialPerspectiveLUT.SampleCountMaxPerSlice:1]]
[2026.05.02-08.52.54:520][  0]LogConfig: Setting CVar [[r.SkyAtmosphere.AerialPerspectiveLUT.DepthResolution:16.0]]
[2026.05.02-08.52.54:520][  0]LogConfig: Setting CVar [[r.SkyAtmosphere.FastSkyLUT:1]]
[2026.05.02-08.52.54:520][  0]LogConfig: Setting CVar [[r.SkyAtmosphere.FastSkyLUT.SampleCountMin:4.0]]
[2026.05.02-08.52.54:520][  0]LogConfig: Setting CVar [[r.SkyAtmosphere.FastSkyLUT.SampleCountMax:32.0]]
[2026.05.02-08.52.54:520][  0]LogConfig: Setting CVar [[r.SkyAtmosphere.SampleCountMin:4.0]]
[2026.05.02-08.52.54:520][  0]LogConfig: Setting CVar [[r.SkyAtmosphere.SampleCountMax:32.0]]
[2026.05.02-08.52.54:520][  0]LogConfig: Setting CVar [[r.SkyAtmosphere.TransmittanceLUT.UseSmallFormat:0]]
[2026.05.02-08.52.54:520][  0]LogConfig: Setting CVar [[r.SkyAtmosphere.TransmittanceLUT.SampleCount:10.0]]
[2026.05.02-08.52.54:520][  0]LogConfig: Setting CVar [[r.SkyAtmosphere.MultiScatteringLUT.SampleCount:15.0]]
[2026.05.02-08.52.54:520][  0]LogConfig: Setting CVar [[r.SkyLight.RealTimeReflectionCapture:0]]
[2026.05.02-08.52.54:520][  0]LogConfig: Applying CVar settings from Section [FoliageQuality@1] File [C:/Users/user/Documents/GitHub Unreal/Snake/Snake/Saved/Config/Windows/Scalability.ini]
[2026.05.02-08.52.54:520][  0]LogConfig: Setting CVar [[foliage.DensityScale:0.4]]
[2026.05.02-08.52.54:520][  0]LogConfig: Setting CVar [[grass.DensityScale:0.4]]
[2026.05.02-08.52.54:520][  0]LogConfig: Applying CVar settings from Section [ShadingQuality@1] File [C:/Users/user/Documents/GitHub Unreal/Snake/Snake/Saved/Config/Windows/Scalability.ini]
[2026.05.02-08.52.54:521][  0]LogConfig: Setting CVar [[r.HairStrands.SkyLighting.IntegrationType:2]]
[2026.05.02-08.52.54:521][  0]LogConfig: Setting CVar [[r.HairStrands.SkyAO.SampleCount:4]]
[2026.05.02-08.52.54:521][  0]LogConfig: Setting CVar [[r.HairStrands.Visibility.MSAA.SamplePerPixel:1]]
[2026.05.02-08.52.54:521][  0]LogConfig: Applying CVar settings from Section [Startup] File [../../../Engine/Config/ConsoleVariables.ini]
[2026.05.02-08.52.54:521][  0]LogConfig: Setting CVar [[net.UseAdaptiveNetUpdateFrequency:0]]
[2026.05.02-08.52.54:521][  0]LogConfig: Setting CVar [[p.chaos.AllowCreatePhysxBodies:1]]
[2026.05.02-08.52.54:521][  0]LogConfig: Setting CVar [[fx.SkipVectorVMBackendOptimizations:1]]
[2026.05.02-08.52.54:521][  0]LogConfig: Applying CVar settings from Section [ConsoleVariables] File [C:/Users/user/Documents/GitHub Unreal/Snake/Snake/Saved/Config/Windows/Engine.ini]
[2026.05.02-08.52.54:521][  0]LogConfig: Applying CVar settings from Section [ConsoleVariables] File [C:/Users/user/Documents/GitHub Unreal/Snake/Snake/Saved/Config/Windows/Editor.ini]
[2026.05.02-08.52.54:521][  0]LogInit: Computer: WIN-F0BR1M2G8QI
[2026.05.02-08.52.54:522][  0]LogInit: User: user
[2026.05.02-08.52.54:522][  0]LogInit: CPU Page size=4096, Cores=8
[2026.05.02-08.52.54:522][  0]LogInit: High frequency timer resolution =10.000000 MHz
[2026.05.02-08.52.54:522][  0]LogMemory: Memory total: Physical=15.3GB (16GB approx)
[2026.05.02-08.52.54:522][  0]LogMemory: Platform Memory Stats for Windows
[2026.05.02-08.52.54:522][  0]LogMemory: Process Physical Memory: 151.11 MB used, 151.11 MB peak
[2026.05.02-08.52.54:522][  0]LogMemory: Process Virtual Memory: 129.75 MB used, 129.75 MB peak
[2026.05.02-08.52.54:522][  0]LogMemory: Physical Memory: 11301.75 MB used,  4404.81 MB free, 15706.56 MB total
[2026.05.02-08.52.54:522][  0]LogMemory: Virtual Memory: 134213792.00 MB used,  3933.14 MB free, 134217728.00 MB total
[2026.05.02-08.52.54:603][  0]LogWindows: WindowsPlatformFeatures enabled
[2026.05.02-08.52.54:734][  0]LogInit: Physics initialised using underlying interface: PhysX
[2026.05.02-08.52.54:737][  0]LogInit: Using OS detected language (ru-RU).
[2026.05.02-08.52.54:737][  0]LogInit: Using OS detected locale (ru-RU).
[2026.05.02-08.52.54:742][  0]LogTextLocalizationManager: No specific localization for 'ru-RU' exists, so the 'ru' localization will be used.
[2026.05.02-08.52.54:742][  0]LogTextLocalizationResource: LocRes '../../../Engine/Content/Localization/Editor/ru/Editor.locres' could not be opened for reading!
[2026.05.02-08.52.54:742][  0]LogTextLocalizationResource: LocRes '../../../Engine/Content/Localization/EditorTutorials/ru/EditorTutorials.locres' could not be opened for reading!
[2026.05.02-08.52.54:744][  0]LogTextLocalizationResource: LocRes '../../../Engine/Content/Localization/Keywords/ru/Keywords.locres' could not be opened for reading!
[2026.05.02-08.52.54:744][  0]LogTextLocalizationResource: LocRes '../../../Engine/Content/Localization/Category/ru/Category.locres' could not be opened for reading!
[2026.05.02-08.52.54:744][  0]LogTextLocalizationResource: LocRes '../../../Engine/Content/Localization/ToolTips/ru/ToolTips.locres' could not be opened for reading!
[2026.05.02-08.52.54:745][  0]LogTextLocalizationResource: LocRes '../../../Engine/Content/Localization/PropertyNames/ru/PropertyNames.locres' could not be opened for reading!
[2026.05.02-08.52.54:745][  0]LogTextLocalizationResource: LocRes '../../../Engine/Content/Localization/Engine/ru/Engine.locres' could not be opened for reading!
[2026.05.02-08.52.54:746][  0]LogInit: Setting process to per monitor DPI aware
[2026.05.02-08.52.54:781][  0]LogWindowsTextInputMethodSystem: Display: IME system deactivated.
[2026.05.02-08.52.54:815][  0]LogSlate: New Slate User Created.  User Index 0, Is Virtual User: 0
[2026.05.02-08.52.54:815][  0]LogSlate: Slate User Registered.  User Index 0, Is Virtual User: 0
[2026.05.02-08.52.55:070][  0]LogD3D11RHI: Loaded GFSDK_Aftermath_Lib.x64.dll
[2026.05.02-08.52.55:094][  0]LogHMD: Failed to initialize OpenVR with code 110
[2026.05.02-08.52.55:095][  0]LogD3D11RHI: D3D11 min allowed feature level: 11_0
[2026.05.02-08.52.55:095][  0]LogD3D11RHI: D3D11 max allowed feature level: 11_0
[2026.05.02-08.52.55:095][  0]LogD3D11RHI: D3D11 adapters:
[2026.05.02-08.52.55:197][  0]LogD3D11RHI:    0. 'AMD Radeon(TM) Graphics' (Feature Level 11_0)
[2026.05.02-08.52.55:197][  0]LogD3D11RHI:       495/0/7853 MB DedicatedVideo/DedicatedSystem/SharedSystem, Outputs:1, VendorId:0x1002
[2026.05.02-08.52.55:209][  0]LogD3D11RHI:    1. 'Microsoft Basic Render Driver' (Feature Level 11_0)
[2026.05.02-08.52.55:209][  0]LogD3D11RHI:       0/0/7853 MB DedicatedVideo/DedicatedSystem/SharedSystem, Outputs:0, VendorId:0x1414
[2026.05.02-08.52.55:296][  0]LogD3D11RHI:    2. 'AMD Radeon(TM) Graphics' (Feature Level 11_0)
[2026.05.02-08.52.55:296][  0]LogD3D11RHI:       495/0/7853 MB DedicatedVideo/DedicatedSystem/SharedSystem, Outputs:0, VendorId:0x1002
[2026.05.02-08.52.55:296][  0]LogD3D11RHI: Chosen D3D11 Adapter:
[2026.05.02-08.52.55:297][  0]LogD3D11RHI:     Description : AMD Radeon(TM) Graphics
[2026.05.02-08.52.55:297][  0]LogD3D11RHI:     VendorId    : 1002
[2026.05.02-08.52.55:297][  0]LogD3D11RHI:     DeviceId    : 164c
[2026.05.02-08.52.55:297][  0]LogD3D11RHI:     SubSysId    : 1410152d
[2026.05.02-08.52.55:297][  0]LogD3D11RHI:     Revision    : 00c1
[2026.05.02-08.52.55:297][  0]LogD3D11RHI:     DedicatedVideoMemory : 519634944 bytes
[2026.05.02-08.52.55:297][  0]LogD3D11RHI:     DedicatedSystemMemory : 0 bytes
[2026.05.02-08.52.55:297][  0]LogD3D11RHI:     SharedSystemMemory : 8234760192 bytes
[2026.05.02-08.52.55:297][  0]LogD3D11RHI:     AdapterLuid : 0 45828
[2026.05.02-08.52.55:310][  0]LogD3D11RHI: Creating new Direct3DDevice
[2026.05.02-08.52.55:310][  0]LogD3D11RHI:     GPU DeviceId: 0x164c (for the marketing name, search the web for "GPU Device Id")
[2026.05.02-08.52.55:310][  0]LogWindows: EnumDisplayDevices:
[2026.05.02-08.52.55:311][  0]LogWindows:    0. 'AMD Radeon(TM) Graphics' (P:1 D:1)
[2026.05.02-08.52.55:313][  0]LogWindows:    1. 'AMD Radeon(TM) Graphics' (P:0 D:0)
[2026.05.02-08.52.55:313][  0]LogWindows:    2. 'AMD Radeon(TM) Graphics' (P:0 D:0)
[2026.05.02-08.52.55:315][  0]LogWindows:    3. 'IddDesk Device' (P:0 D:0)
[2026.05.02-08.52.55:315][  0]LogWindows:    4. 'IddDesk Device' (P:0 D:0)
[2026.05.02-08.52.55:316][  0]LogWindows:    5. 'IddDesk Device' (P:0 D:0)
[2026.05.02-08.52.55:317][  0]LogWindows:    6. 'IddDesk Device' (P:0 D:0)
[2026.05.02-08.52.55:319][  0]LogWindows:    7. 'IddDesk Device' (P:0 D:0)
[2026.05.02-08.52.55:319][  0]LogWindows:    8. 'IddDesk Device' (P:0 D:0)
[2026.05.02-08.52.55:320][  0]LogWindows:    9. 'IddDesk Device' (P:0 D:0)
[2026.05.02-08.52.55:321][  0]LogWindows:    10. 'IddDesk Device' (P:0 D:0)
[2026.05.02-08.52.55:321][  0]LogWindows:    11. 'IddDesk Device' (P:0 D:0)
[2026.05.02-08.52.55:322][  0]LogWindows:    12. 'IddDesk Device' (P:0 D:0)
[2026.05.02-08.52.55:322][  0]LogWindows: DebugString: GetVideoDriverDetailsInvalid PrimaryIsNotTheChoosenAdapter GetVideoDriverDetailsInvalid PrimaryIsNotTheChoosenAdapter GetVideoDriverDetailsInvalid PrimaryIsNotTheChoosenAdapter GetVideoDriverDetailsInvalid PrimaryIsNotTheChoosenAdapter GetVideoDriverDetailsInvalid PrimaryIsNotTheChoosenAdapter GetVideoDriverDetailsInvalid PrimaryIsNotTheChoosenAdapter GetVideoDriverDetailsInvalid PrimaryIsNotTheChoosenAdapter GetVideoDriverDetailsInvalid PrimaryIsNotTheChoosenAdapter GetVideoDriverDetailsInvalid PrimaryIsNotTheChoosenAdapter GetVideoDriverDetailsInvalid PrimaryIsNotTheChoosenAdapter FoundDriverCount:3 
[2026.05.02-08.52.55:323][  0]LogD3D11RHI:     Adapter Name: AMD Radeon(TM) Graphics
[2026.05.02-08.52.55:323][  0]LogD3D11RHI:   Driver Version: AMD Software: Adrenalin Edition 26.1.1 (internal:31.0.21924.61, unified:31.0.21924.61)
[2026.05.02-08.52.55:323][  0]LogD3D11RHI:      Driver Date: 12-11-2025
[2026.05.02-08.52.55:323][  0]LogRHI: Texture pool is 5372 MB (70% of 7675 MB)
[2026.05.02-08.52.55:370][  0]LogD3D11RHI: Creating D3DDevice with AMD AGS, using adapter:
[2026.05.02-08.52.55:370][  0]LogD3D11RHI:     Description : AMD Radeon(TM) Graphics
[2026.05.02-08.52.55:370][  0]LogD3D11RHI:     VendorId    : 1002
[2026.05.02-08.52.55:370][  0]LogD3D11RHI:     DeviceId    : 164c
[2026.05.02-08.52.55:371][  0]LogD3D11RHI:     SubSysId    : 1410152d
[2026.05.02-08.52.55:371][  0]LogD3D11RHI:     Revision    : 00c1
[2026.05.02-08.52.55:371][  0]LogD3D11RHI:     DedicatedVideoMemory : 519634944 bytes
[2026.05.02-08.52.55:371][  0]LogD3D11RHI:     DedicatedSystemMemory : 0 bytes
[2026.05.02-08.52.55:371][  0]LogD3D11RHI:     SharedSystemMemory : 8234760192 bytes
[2026.05.02-08.52.55:371][  0]LogD3D11RHI:     AdapterLuid : 0 45828
[2026.05.02-08.52.55:449][  0]LogD3D11RHI: Created device via AGS, feature level 11_0, supported extensions 1fffffbf.
[2026.05.02-08.52.55:449][  0]LogD3D11RHI: RHI has support for 64 bit atomics
[2026.05.02-08.52.55:449][  0]LogD3D11RHI: Async texture creation enabled
[2026.05.02-08.52.55:449][  0]LogD3D11RHI: Array index from any shader is supported
[2026.05.02-08.52.55:470][  0]LogD3D11RHI: GPU Timing Frequency: 100.000000 (Debug: 2 1)
[2026.05.02-08.52.56:265][  0]LogTargetPlatformManager: Display: Loaded TargetPlatform 'AllDesktop'
[2026.05.02-08.52.56:300][  0]LogTargetPlatformManager: Display: Loaded TargetPlatform 'Android'
[2026.05.02-08.52.56:300][  0]LogTargetPlatformManager: Display: Loaded TargetPlatform 'Android_ASTC'
[2026.05.02-08.52.56:301][  0]LogTargetPlatformManager: Display: Loaded TargetPlatform 'Android_DXT'
[2026.05.02-08.52.56:301][  0]LogTargetPlatformManager: Display: Loaded TargetPlatform 'Android_ETC2'
[2026.05.02-08.52.56:301][  0]LogTargetPlatformManager: Display: Loaded TargetPlatform 'AndroidClient'
[2026.05.02-08.52.56:301][  0]LogTargetPlatformManager: Display: Loaded TargetPlatform 'Android_ASTCClient'
[2026.05.02-08.52.56:301][  0]LogTargetPlatformManager: Display: Loaded TargetPlatform 'Android_DXTClient'
[2026.05.02-08.52.56:301][  0]LogTargetPlatformManager: Display: Loaded TargetPlatform 'Android_ETC2Client'
[2026.05.02-08.52.56:301][  0]LogTargetPlatformManager: Display: Loaded TargetPlatform 'Android_Multi'
[2026.05.02-08.52.56:301][  0]LogTargetPlatformManager: Display: Loaded TargetPlatform 'Android_MultiClient'
[2026.05.02-08.52.56:342][  0]LogTargetPlatformManager: Display: Loaded TargetPlatform 'IOSClient'
[2026.05.02-08.52.56:342][  0]LogTargetPlatformManager: Display: Loaded TargetPlatform 'IOS'
[2026.05.02-08.52.56:359][  0]LogTargetPlatformManager: Display: Loaded TargetPlatform 'Linux'
[2026.05.02-08.52.56:371][  0]LogTargetPlatformManager: Display: Loaded TargetPlatform 'LinuxNoEditor'
[2026.05.02-08.52.56:383][  0]LogTargetPlatformManager: Display: Loaded TargetPlatform 'LinuxClient'
[2026.05.02-08.52.56:397][  0]LogTargetPlatformManager: Display: Loaded TargetPlatform 'LinuxServer'
[2026.05.02-08.52.56:415][  0]LogTargetPlatformManager: Display: Loaded TargetPlatform 'LinuxAArch64NoEditor'
[2026.05.02-08.52.56:427][  0]LogTargetPlatformManager: Display: Loaded TargetPlatform 'LinuxAArch64Client'
[2026.05.02-08.52.56:442][  0]LogTargetPlatformManager: Display: Loaded TargetPlatform 'LinuxAArch64Server'
[2026.05.02-08.52.56:477][  0]LogTargetPlatformManager: Display: Loaded TargetPlatform 'Lumin'
[2026.05.02-08.52.56:477][  0]LogTargetPlatformManager: Display: Loaded TargetPlatform 'LuminClient'
[2026.05.02-08.52.56:494][  0]LogTargetPlatformManager: Display: Loaded TargetPlatform 'MacNoEditor'
[2026.05.02-08.52.56:507][  0]LogTargetPlatformManager: Display: Loaded TargetPlatform 'Mac'
[2026.05.02-08.52.56:518][  0]LogTargetPlatformManager: Display: Loaded TargetPlatform 'MacClient'
[2026.05.02-08.52.56:531][  0]LogTargetPlatformManager: Display: Loaded TargetPlatform 'MacServer'
[2026.05.02-08.52.56:551][  0]LogTargetPlatformManager: Display: Loaded TargetPlatform 'TVOSClient'
[2026.05.02-08.52.56:551][  0]LogTargetPlatformManager: Display: Loaded TargetPlatform 'TVOS'
[2026.05.02-08.52.56:568][  0]LogTargetPlatformManager: Display: Loaded TargetPlatform 'WindowsNoEditor'
[2026.05.02-08.52.56:580][  0]LogTargetPlatformManager: Display: Loaded TargetPlatform 'Windows'
[2026.05.02-08.52.56:592][  0]LogTargetPlatformManager: Display: Loaded TargetPlatform 'WindowsClient'
[2026.05.02-08.52.56:606][  0]LogTargetPlatformManager: Display: Loaded TargetPlatform 'WindowsServer'
[2026.05.02-08.52.56:606][  0]LogTargetPlatformManager: Display: Building Assets For Windows
[2026.05.02-08.52.56:634][  0]LogAudioDebug: Display: Lib vorbis DLL was dynamically loaded.
[2026.05.02-08.52.56:734][  0]LogTextureFormatOodle: Display: Oodle Texture 2.9.0 init RDO Off
[2026.05.02-08.52.56:846][  0]LogRendererCore: Ray tracing is disabled. Reason: r.RayTracing=0.
[2026.05.02-08.52.56:846][  0]LogShaderCompilers: Guid format shader working directory is -20 characters bigger than the processId version (../../../../../../Users/user/Documents/GitHub Unreal/Snake/Snake/Intermediate/Shaders/WorkingDirectory/29304/).
[2026.05.02-08.52.56:846][  0]LogShaderCompilers: Cleaned the shader compiler working directory 'C:/Users/user/AppData/Local/Temp/UnrealShaderWorkingDir/5408A01149D806DC48E41B85DC8486BB/'.
[2026.05.02-08.52.56:848][  0]LogXGEController: Cannot use XGE Controller as Incredibuild is not installed on this machine.
[2026.05.02-08.52.56:848][  0]LogShaderCompilers: Cannot use XGE Shader Compiler as Incredibuild is not installed on this machine.
[2026.05.02-08.52.56:848][  0]LogShaderCompilers: Display: Using Local Shader Compiler.
[2026.05.02-08.52.57:811][  0]LogDerivedDataCache: Display: Max Cache Size: 512 MB
[2026.05.02-08.52.57:879][  0]LogDerivedDataCache: Loaded boot cache 0.07s 94MB C:/Users/user/AppData/Local/UnrealEngine/4.27/DerivedDataCache/Boot.ddc.
[2026.05.02-08.52.57:880][  0]LogDerivedDataCache: Display: Loaded Boot cache: C:/Users/user/AppData/Local/UnrealEngine/4.27/DerivedDataCache/Boot.ddc
[2026.05.02-08.52.57:880][  0]LogDerivedDataCache: FDerivedDataBackendGraph:  Pak pak cache file ../../../../../../Users/user/Documents/GitHub Unreal/Snake/Snake/DerivedDataCache/DDC.ddp not found, will not use a pak cache.
[2026.05.02-08.52.57:880][  0]LogDerivedDataCache: Unable to find inner node Pak for hierarchical cache Hierarchy.
[2026.05.02-08.52.57:880][  0]LogDerivedDataCache: FDerivedDataBackendGraph:  CompressedPak pak cache file ../../../../../../Users/user/Documents/GitHub Unreal/Snake/Snake/DerivedDataCache/Compressed.ddp not found, will not use a pak cache.
[2026.05.02-08.52.57:880][  0]LogDerivedDataCache: Unable to find inner node CompressedPak for hierarchical cache Hierarchy.
[2026.05.02-08.52.57:905][  0]LogDerivedDataCache: Display: Pak cache opened for reading ../../../Engine/DerivedDataCache/Compressed.ddp.
[2026.05.02-08.52.57:905][  0]LogDerivedDataCache: FDerivedDataBackendGraph:  EnterprisePak pak cache file ../../../Enterprise/DerivedDataCache/Compressed.ddp not found, will not use a pak cache.
[2026.05.02-08.52.57:905][  0]LogDerivedDataCache: Unable to find inner node EnterprisePak for hierarchical cache Hierarchy.
[2026.05.02-08.52.57:923][  0]LogDerivedDataCache: Speed tests for C:/Users/user/AppData/Local/UnrealEngine/Common/DerivedDataCache took 0.02 seconds
[2026.05.02-08.52.57:923][  0]LogDerivedDataCache: Display: Performance to C:/Users/user/AppData/Local/UnrealEngine/Common/DerivedDataCache: Latency=0.03ms. RandomReadSpeed=517.50MBs, RandomWriteSpeed=60.72MBs. Assigned SpeedClass 'Local'
[2026.05.02-08.52.57:927][  0]LogDerivedDataCache: Using Local data cache path C:/Users/user/AppData/Local/UnrealEngine/Common/DerivedDataCache: Writable
[2026.05.02-08.52.57:928][  0]LogDerivedDataCache: Shared data cache path not found in *engine.ini, will not use an Shared cache.
[2026.05.02-08.52.57:929][  0]LogDerivedDataCache: Unable to find inner node Shared for hierarchical cache Hierarchy.
[2026.05.02-08.52.57:987][  0]LogSlate: Using FreeType 2.10.0
[2026.05.02-08.52.57:988][  0]LogSlate: SlateFontServices - WITH_FREETYPE: 1, WITH_HARFBUZZ: 1
[2026.05.02-08.52.58:028][  0]LogAssetRegistry: FAssetRegistry took 0.0058 seconds to start up
[2026.05.02-08.52.58:382][  0]LogInit: Selected Device Profile: [Windows]
[2026.05.02-08.52.58:382][  0]LogInit: Active device profile: [00000229372B8700][0000022935E6CA80 49] Windows
[2026.05.02-08.52.58:382][  0]LogInit: Profiles: [00000229372B8700][0000022935E6CA80 49] Windows, [000002293828B700][0000022935E70C00 49] WindowsNoEditor, [00000229372BB300][0000022935E74D80 49] WindowsServer, [0000022938288F00][0000022935E78F00 49] WindowsClient, [00000229372BB500][0000022935E7D080 49] IOS, [000002293827BF00][00000229371C5200 49] iPadAir, [000002293828BB00][00000229371C9380 49] iPadAir2, [000002293822C500][00000229371D1640 49] IPadPro, [000002293822C600][00000229371CD680 49] iPadAir3, [0000022938278100][00000229371D5800 49] iPadAir4, [000002293822EC00][00000229371D9980 49] iPadMini2, [000002293827A500][00000229371DDB00 49] iPadMini3, [000002293822F400][00000229371E0100 49] iPadMini4, [0000022938278F00][00000229371E4280 49] iPadMini5, [000002293822BE00][00000229371EC540 49] iPhone6, [000002293822BF00][00000229371E8580 49] iPodTouch6, [00000229372BB900][0000022935E68800 49] iPhone7, [00000229372BA100][00000229371F0840 49] iPodTouch7, [0000022938228400][00000229382A4980 49] iPhone5S, [000002293822FD00][000002292FF3EAC0 49] iPhone6Plus, [00000229372BB400][000002292FF5EC40 49] iPhone6S, [000002293822E000][000002292FF62DC0 49] iPhone6SPlus, [00000229372B8900][000002292FF66F40 49] iPhone7Plus, [000002293822CE00][000002292FF6F0C0 49] iPhoneSE, [00000229372B8200][000002292FF77240 49] iPhone8, [000002293822E400][000002292FFA13C0 49] iPhone8Plus, [00000229372B9E00][000002292FFA9540 49] iPhoneX, [000002293822FE00][0000022930D2B6C0 49] iPhoneXS, [00000229372B9600][0000022930D69840 49] iPhoneXSMax, [000002293822E500][0000022930D839C0 49] iPhoneXR, [00000229372BAA00][0000022930D87B40 49] iPhone11, [000002293822FA00][0000022930DAA140 49] iPhone11Pro, [00000229372B8F00][0000022930DAE2C0 49] iPhone11ProMax, [000002293822E300][0000022938694440 49] iPhoneSE2, [00000229372BA700][00000229386985C0 49] iPhone12Mini, [000002293822C700][000002293869C740 49] iPhone12, [00000229372BB100][0000022935DCA8C0 49] iPhone12Pro, [000002293822F500][000002292FF5AA00 49] iPhone12ProMax, [00000229372B8800][00000229371F4B40 49] iPadPro105, [000002293822DC00][00000229371F8C80 49] iPadPro129, [00000229372B8300][00000229371FCDC0 49] iPadPro97, [000002293822DD00][0000022937204F40 49] iPadPro2_129, [00000229372B8C00][00000229372450C0 49] iPad5, [000002293822F000][0000022937255240 49] iPad6, [00000229372BAC00][00000229372653C0 49] iPad7, [000002293822EE00][0000022939275540 49] iPad8, [00000229372B9800][00000229392796C0 49] iPadPro11, [000002293822DB00][000002293927D840 49] iPadPro2_11, [00000229372B9500][00000229392859C0 49] iPadPro3_129, [000002293822E700][0000022939293B40 49] iPadPro4_129, [00000229372B8100][0000022939296140 49] AppleTV, [000002293822EB00][000002293929A2C0 49] AppleTV4K, [00000229372B9B00][000002293929E440 49] TVOS, [000002293822C900][00000229392A25C0 49] Mac, [00000229372B9700][00000229392A6740 49] MacClient, [000002293822EF00][00000229392AA8C0 49] MacNoEditor, [00000229372B8D00][00000229392C2A40 49] MacServer, [000002293822C300][0000022937200B80 49] Linux, [00000229372BAE00][0000022938670CC0 49] LinuxAArch64, [000002293822D500][0000022938674E00 49] LinuxNoEditor, [00000229372BA400][000002293867CF40 49] LinuxAArch64NoEditor, [000002293822C200][00000229391B30C0 49] LinuxClient, [00000229372BAD00][0000022938681240 49] LinuxAArch64Client, [000002293822CC00][00000229386853C0 49] LinuxServer, [00000229372B8400][0000022938689540 49] LinuxAArch64Server, [000002293822D000][000002293868D6C0 49] Android, [000002293827B900][0000022938691840 49] Android_Low, [0000022938229B00][00000229383399C0 49] Android_Mid, [000002293827B000][00000229391B7B40 49] Android_High, [000002293822A300][0000022938678140 49] Android_Default, [000002293827A000][000002293833C2C0 49] Android_Adreno4xx, [0000022938228100][000002293866C440 49] Android_Adreno5xx_Low, [0000022938278B00][00000229383405C0 49] Android_Adreno5xx, [0000022938229800][0000022938344740 49] Android_Adreno6xx, [0000022938279100][00000229383488C0 49] Android_Adreno6xx_Vulkan, [0000022938228800][000002293834CA40 49] Android_Mali_T6xx, [000002293827B600][0000022938350BC0 49] Android_Mali_T7xx, [0000022938228D00][0000022938354D40 49] Android_Mali_T8xx, [000002293827BC00][00000229391AEE80 49] Android_Mali_G71, [0000022938229500][0000022930D3EFC0 49] Android_Mali_G72, [000002293827BE00][0000022930D43100 49] Android_Mali_G72_Vulkan, [000002293822BD00][0000022930D4B280 49] Android_Mali_G76, [000002293827BA00][0000022930D4F400 49] Android_Mali_G76_Vulkan, [000002293822B600][0000022930D53580 49] Android_Mali_G77, [000002293827A200][0000022930D57700 49] Android_Mali_G77_Vulkan, [0000022938229200][0000022930D5B880 49] Android_Mali_G78, [0000022938278A00][0000022937209A00 49] Android_Mali_G78_Vulkan, [000002293822B000][000002293720DB80 49] Android_Mali_G710, [0000022938279400][0000022937210180 49] Android_Mali_G710_Vulkan, [0000022938228700][0000022937214300 49] Android_Vulkan_SM5, [0000022938279800][0000022937218480 49] Android_PowerVR_G6xxx, [0000022938228E00][000002293721C600 49] Android_PowerVR_GT7xxx, [0000022938278200][0000022937220780 49] Android_PowerVR_GE8xxx, [0000022938228600][0000022937224900 49] Android_PowerVR_GM9xxx, [000002293827A600][0000022937228A80 49] Android_PowerVR_GM9xxx_Vulkan, [000002293822CF00][000002293722CC00 49] Android_TegraK1, [000002293827AA00][0000022937230D80 49] Android_Unknown_Vulkan, [000002293822CD00][0000022937234F00 49] Lumin, [0000022938279200][0000022930D47040 49] Lumin_Desktop, [000002293822CB00][0000022937239180 49] HoloLens, 
[2026.05.02-08.52.58:598][  0]LogMeshReduction: Using QuadricMeshReduction for automatic static mesh reduction
[2026.05.02-08.52.58:598][  0]LogMeshReduction: Using SimplygonMeshReduction for automatic skeletal mesh reduction
[2026.05.02-08.52.58:598][  0]LogMeshReduction: Using ProxyLODMeshReduction for automatic mesh merging
[2026.05.02-08.52.58:598][  0]LogMeshReduction: No distributed automatic mesh merging module available
[2026.05.02-08.52.58:598][  0]LogMeshMerging: No distributed automatic mesh merging module available
[2026.05.02-08.52.58:625][  0]LogNetVersion: Snake 1.0.0, NetCL: 17155196, EngineNetVer: 17, GameNetVer: 0 (Checksum: 56763789)
[2026.05.02-08.52.59:122][  0]LogTexture: Default maximum texture size for cubemaps generated from long-lat sources has been changed from 512 to unlimited. In order to preserve old behaiour for '/Engine/MapTemplates/Sky/DaylightAmbientCubemap.DaylightAmbientCubemap', its maximum texture size has been explicitly set to 512.
[2026.05.02-08.52.59:184][  0]LogHMD: PokeAHoleMaterial loaded successfully
[2026.05.02-08.52.59:193][  0]LogUObjectArray: 17178 objects as part of root set at end of initial load.
[2026.05.02-08.52.59:193][  0]LogUObjectAllocator: 4302048 out of 0 bytes used by permanent object pool.
[2026.05.02-08.52.59:193][  0]LogUObjectArray: CloseDisregardForGC: 0/0 objects in disregard for GC pool
[2026.05.02-08.52.59:849][  0]LogNiagaraDebuggerClient: Niagara Debugger Client Initialized | Session: 6D9FF7DE48C324F836BC0D9885EAAB63 | Instance: 1B46B2504E3F65E41CE60AA2FAFFCE36 (WIN-F0BR1M2G8QI-29304).
[2026.05.02-08.52.59:923][  0]LogPython: Using Python 3.7.7
[2026.05.02-08.53.00:780][  0]LogUdpMessaging: Initializing bridge on interface 0.0.0.0:0 to multicast group 230.0.0.1:6666.
[2026.05.02-08.53.00:798][  0]LogTcpMessaging: Initializing TcpMessaging bridge
[2026.05.02-08.53.01:254][  0]SourceControl: Source control is disabled
[2026.05.02-08.53.01:254][  0]SourceControl: Source control is disabled
[2026.05.02-08.53.01:263][  0]SourceControl: Source control is disabled
[2026.05.02-08.53.01:292][  0]SourceControl: Source control is disabled
[2026.05.02-08.53.01:311][  0]LogUProjectInfo: Found projects:
[2026.05.02-08.53.01:321][  0]SourceControl: Source control is disabled
[2026.05.02-08.53.01:797][  0]LogOpenImageDenoise: OIDN starting up
[2026.05.02-08.53.01:946][  0]LogAndroidPermission: UAndroidPermissionCallbackProxy::GetInstance
[2026.05.02-08.53.02:008][  0]LogAudioCaptureCore: Display: No Audio Capture implementations found. Audio input will be silent.
[2026.05.02-08.53.02:008][  0]LogAudioCaptureCore: Display: No Audio Capture implementations found. Audio input will be silent.
[2026.05.02-08.53.02:250][  0]LogCollectionManager: Loaded 0 collections in 0.003037 seconds
[2026.05.02-08.53.02:310][  0]LogFileCache: Scanning file cache for directory 'C:/Users/user/Documents/GitHub Unreal/Snake/Snake/Saved/Collections/' took 0.01s
[2026.05.02-08.53.02:311][  0]LogFileCache: Scanning file cache for directory 'C:/Users/user/Documents/GitHub Unreal/Snake/Snake/Content/Developers/user/Collections/' took 0.00s
[2026.05.02-08.53.02:311][  0]LogFileCache: Scanning file cache for directory 'C:/Users/user/Documents/GitHub Unreal/Snake/Snake/Content/Collections/' took 0.00s
[2026.05.02-08.53.02:311][  0]LogOcInput: OculusInput pre-init called
[2026.05.02-08.53.02:642][  0]LogEngine: Initializing Engine...
[2026.05.02-08.53.02:653][  0]LogHMD: Failed to enumerate extensions. Please check that you have a valid OpenXR runtime installed.
[2026.05.02-08.53.02:653][  0]LogHMD: Failed to initialize OpenVR with code 110
[2026.05.02-08.53.02:653][  0]LogMagicLeap: Warning: VR disabled because ZI is not enabled.  To enable, in the editor, Edit -> Project Settings -> Plugins -> Magic Leap Plugin -> Enable Zero Iteration
[2026.05.02-08.53.02:655][  0]LogStats: UGameplayTagsManager::InitializeManager -  0.000 s
[2026.05.02-08.53.02:843][  0]LogInit: Initializing FReadOnlyCVARCache
[2026.05.02-08.53.02:860][  0]LogAIModule: Creating AISystem for world Untitled
[2026.05.02-08.53.02:860][  0]LogAudio: Display: Initializing Audio Device Manager...
[2026.05.02-08.53.02:871][  0]LogAudio: Display: Loading Default Audio Settings Objects...
[2026.05.02-08.53.02:872][  0]LogAudio: Display: No default SoundConcurrencyObject specified (or failed to load).
[2026.05.02-08.53.02:873][  0]LogAudio: Display: Audio Device Manager Initialized
[2026.05.02-08.53.02:873][  0]LogAudio: Display: Creating Audio Device:                 Id: 1, Scope: Shared, Realtime: True
[2026.05.02-08.53.02:873][  0]LogAudioMixer: Display: Audio Mixer Platform Settings:
[2026.05.02-08.53.02:873][  0]LogAudioMixer: Display: 	Sample Rate:						  48000
[2026.05.02-08.53.02:874][  0]LogAudioMixer: Display: 	Callback Buffer Frame Size Requested: 1024
[2026.05.02-08.53.02:874][  0]LogAudioMixer: Display: 	Callback Buffer Frame Size To Use:	  1024
[2026.05.02-08.53.02:874][  0]LogAudioMixer: Display: 	Number of buffers to queue:			  2
[2026.05.02-08.53.02:874][  0]LogAudioMixer: Display: 	Max Channels (voices):				  32
[2026.05.02-08.53.02:874][  0]LogAudioMixer: Display: 	Number of Async Source Workers:		  0
[2026.05.02-08.53.02:874][  0]LogAudio: Display: AudioDevice MaxSources: 32
[2026.05.02-08.53.02:874][  0]LogAudio: Display: Audio Spatialization Plugin: None (built-in).
[2026.05.02-08.53.02:875][  0]LogAudio: Display: Audio Reverb Plugin: None (built-in).
[2026.05.02-08.53.02:875][  0]LogAudio: Display: Audio Occlusion Plugin: None (built-in).
[2026.05.02-08.53.02:875][  0]LogAudioMixer: Display: Initializing audio mixer.
[2026.05.02-08.53.02:983][  0]LogAudioMixer: Display: 0: FrontLeft
[2026.05.02-08.53.02:983][  0]LogAudioMixer: Display: 1: FrontRight
[2026.05.02-08.53.03:055][  0]LogAudioMixer: Display: Using Audio Device Наушники (HONOR CHOICE Headphones Pro)
[2026.05.02-08.53.03:058][  0]LogAudioMixer: Display: Initializing Sound Submixes...
[2026.05.02-08.53.03:062][  0]LogAudioMixer: Display: Creating Master Submix 'MasterSubmixDefault'
[2026.05.02-08.53.03:062][  0]LogAudioMixer: Display: Creating Master Submix 'MasterReverbSubmixDefault'
[2026.05.02-08.53.03:063][  0]LogAudioMixer: Display: Creating Master Submix 'MasterEQSubmixDefault'
[2026.05.02-08.53.03:063][  0]LogAudioMixer: FMixerPlatformXAudio2::StartAudioStream() called
[2026.05.02-08.53.03:063][  0]LogAudioMixer: Display: Output buffers initialized: Frames=1024, Channels=2, Samples=2048
[2026.05.02-08.53.03:065][  0]LogAudioMixer: Display: Starting AudioMixerPlatformInterface::RunInternal()
[2026.05.02-08.53.03:065][  0]LogAudioMixer: Display: FMixerPlatformXAudio2::SubmitBuffer() called for the first time
[2026.05.02-08.53.03:065][  0]LogInit: FAudioDevice initialized.
[2026.05.02-08.53.03:065][  0]LogAudio: Display: Audio Device (ID: 1) registered with world 'Untitled'.
[2026.05.02-08.53.03:067][  0]LogNetVersion: Set ProjectVersion to 1.0.0.0. Version Checksum will be recalculated on next use.
[2026.05.02-08.53.03:168][  0]LogDerivedDataCache: Saved boot cache 0.10s 94MB C:/Users/user/AppData/Local/UnrealEngine/4.27/DerivedDataCache/Boot.ddc.
[2026.05.02-08.53.03:169][  0]LogInit: Texture streaming: Enabled
[2026.05.02-08.53.03:208][  0]LogAnalytics: Display: [UEEditor.Rocket.Release] APIServer = https://datarouter.ol.epicgames.com/. AppVersion = 4.27.2-18319896+++UE4+Release-4.27
[2026.05.02-08.53.03:219][  0]LogEngineSessionManager: EngineSessionManager initialized
[2026.05.02-08.53.03:219][  0]LogEngineSessionManager: EngineSessionManager sent abnormal shutdown report. Type=Debugger, SessionId={5863C3E0-490B-5191-7F19-AC90F0C7AD39}
[2026.05.02-08.53.03:220][  0]LogEditorSessionSummary: Verbose: Initializing EditorSessionSummaryWriter for editor session tracking
[2026.05.02-08.53.03:226][  0]LogEditorSessionSummary: EditorSessionSummaryWriter initialized
[2026.05.02-08.53.03:275][  0]LogInit: Transaction tracking system initialized
[2026.05.02-08.53.03:338][  0]BlueprintLog: New page: Editor Load
[2026.05.02-08.53.03:500][  0]LocalizationService: Localization service is disabled
[2026.05.02-08.53.03:562][  0]TimingProfiler: Initialize
[2026.05.02-08.53.03:562][  0]TimingProfiler: OnSessionChanged
[2026.05.02-08.53.03:562][  0]LoadingProfiler: Initialize
[2026.05.02-08.53.03:563][  0]LoadingProfiler: OnSessionChanged
[2026.05.02-08.53.03:563][  0]NetworkingProfiler: Initialize
[2026.05.02-08.53.03:563][  0]NetworkingProfiler: OnSessionChanged
[2026.05.02-08.53.03:563][  0]MemoryProfiler: Initialize
[2026.05.02-08.53.03:563][  0]MemoryProfiler: OnSessionChanged
[2026.05.02-08.53.03:842][  0]LogCook: Display: CookSettings for Memory: MemoryMaxUsedVirtual 0MiB, MemoryMaxUsedPhysical 16384MiB, MemoryMinFreeVirtual 0MiB, MemoryMinFreePhysical 1024MiB
[2026.05.02-08.53.03:842][  0]LogCook: Display: Mobile HDR setting 1
[2026.05.02-08.53.04:283][  0]LogFileCache: Scanning file cache for directory 'C:/Users/user/Documents/GitHub Unreal/Snake/Snake/Content/' took 0.00s
[2026.05.02-08.53.04:507][  0]LogInit: Display: Engine is initialized. Leaving FEngineLoop::Init()
[2026.05.02-08.53.04:514][  0]SourceControl: Source control is disabled
[2026.05.02-08.53.04:514][  0]LogUnrealEdMisc: Loading editor; pre map load, took 12.978
[2026.05.02-08.53.04:514][  0]Cmd: MAP LOAD FILE="../../../../../../Users/user/Documents/GitHub Unreal/Snake/Snake/Content/main.umap" TEMPLATE=0 SHOWPROGRESS=1 FEATURELEVEL=3
[2026.05.02-08.53.04:515][  0]LightingResults: New page: Lighting Build
[2026.05.02-08.53.04:517][  0]LogWorld: UWorld::CleanupWorld for Untitled, bSessionEnded=true, bCleanupResources=true
[2026.05.02-08.53.04:517][  0]LogSlate: InvalidateAllWidgets triggered.  All widgets were invalidated
[2026.05.02-08.53.04:517][  0]MapCheck: New page: Map Check
[2026.05.02-08.53.04:517][  0]LightingResults: New page: Lighting Build
[2026.05.02-08.53.04:526][  0]LogAudio: Display: Audio Device unregistered from world 'None'.
[2026.05.02-08.53.04:531][  0]LogUObjectHash: Compacting FUObjectHashTables data took   0.96ms
[2026.05.02-08.53.04:599][  0]LogAudio: Display: Audio Device (ID: 1) registered with world 'main'.
[2026.05.02-08.53.04:599][  0]LogAIModule: Creating AISystem for world main
[2026.05.02-08.53.04:606][  0]LogEditorServer: Finished looking for orphan Actors (0.000 secs)
[2026.05.02-08.53.04:622][  0]LogUObjectHash: Compacting FUObjectHashTables data took   1.03ms
[2026.05.02-08.53.04:622][  0]Cmd: MAP CHECKDEP NOCLEARLOG
[2026.05.02-08.53.04:624][  0]MapCheck: Map check complete: 0 Error(s), 0 Warning(s), took 0,281ms to complete.
[2026.05.02-08.53.04:624][  0]LogFileHelpers: Loading map 'main' took 0.109
[2026.05.02-08.53.04:627][  0]LogUnrealEdMisc: Total Editor Startup Time, took 13.091
[2026.05.02-08.53.04:792][  0]LogSlate: Updating window title bar state: overlay mode, drag disabled, window buttons hidden, title bar hidden
[2026.05.02-08.53.04:801][  0]LogSlate: Updating window title bar state: overlay mode, drag disabled, window buttons hidden, title bar hidden
[2026.05.02-08.53.04:810][  0]LogSlate: Updating window title bar state: overlay mode, drag disabled, window buttons hidden, title bar hidden
[2026.05.02-08.53.04:819][  0]LogSlate: Updating window title bar state: overlay mode, drag disabled, window buttons hidden, title bar hidden
[2026.05.02-08.53.04:837][  0]LogNativeClassHierarchy: Verbose: Native class hierarchy populated in 0.0115 seconds. Added 3826 classes and 930 folders.
[2026.05.02-08.53.04:864][  0]LogNativeClassHierarchy: Verbose: Native class hierarchy updated for 'WidgetCarousel' in 0.0003 seconds. Added 0 classes and 0 folders.
[2026.05.02-08.53.04:865][  0]LogPakFile: PakFile PrimaryIndexSize=187
[2026.05.02-08.53.04:866][  0]LogPakFile: PakFile PathHashIndexSize=101
[2026.05.02-08.53.04:866][  0]LogPakFile: PakFile FullDirectoryIndexSize=148
[2026.05.02-08.53.04:866][  0]LogShaderLibrary: Display: ShaderCodeLibraryPakFileMountedCallback: PakFile 'C:/Program Files/Epic Games/UE_4.27/FeaturePacks/FP_FirstPerson.upack' (chunk index -1, root 'root:/') mounted
[2026.05.02-08.53.04:866][  0]LogShaderLibrary: Display: ShaderCodeLibraryPakFileMountedCallback: pending pak file info (ChunkID:-1 Root:root:/ File:C:/Program Files/Epic Games/UE_4.27/FeaturePacks/FP_FirstPerson.upack)
[2026.05.02-08.53.04:866][  0]LogPakFile: OnPakFileMounted2Time == 0.000238
[2026.05.02-08.53.04:868][  0]LogPakFile: PakFile PrimaryIndexSize=189
[2026.05.02-08.53.04:868][  0]LogPakFile: PakFile PathHashIndexSize=101
[2026.05.02-08.53.04:868][  0]LogPakFile: PakFile FullDirectoryIndexSize=152
[2026.05.02-08.53.04:868][  0]LogShaderLibrary: Display: ShaderCodeLibraryPakFileMountedCallback: PakFile 'C:/Program Files/Epic Games/UE_4.27/FeaturePacks/FP_FirstPersonBP.upack' (chunk index -1, root 'root:/') mounted
[2026.05.02-08.53.04:868][  0]LogShaderLibrary: Display: ShaderCodeLibraryPakFileMountedCallback: pending pak file info (ChunkID:-1 Root:root:/ File:C:/Program Files/Epic Games/UE_4.27/FeaturePacks/FP_FirstPersonBP.upack)
[2026.05.02-08.53.04:868][  0]LogPakFile: OnPakFileMounted2Time == 0.000187
[2026.05.02-08.53.04:870][  0]LogPakFile: PakFile PrimaryIndexSize=191
[2026.05.02-08.53.04:870][  0]LogPakFile: PakFile PathHashIndexSize=101
[2026.05.02-08.53.04:870][  0]LogPakFile: PakFile FullDirectoryIndexSize=160
[2026.05.02-08.53.04:870][  0]LogShaderLibrary: Display: ShaderCodeLibraryPakFileMountedCallback: PakFile 'C:/Program Files/Epic Games/UE_4.27/FeaturePacks/MobileStarterContent.upack' (chunk index -1, root 'root:/') mounted
[2026.05.02-08.53.04:870][  0]LogShaderLibrary: Display: ShaderCodeLibraryPakFileMountedCallback: pending pak file info (ChunkID:-1 Root:root:/ File:C:/Program Files/Epic Games/UE_4.27/FeaturePacks/MobileStarterContent.upack)
[2026.05.02-08.53.04:870][  0]LogPakFile: OnPakFileMounted2Time == 0.000176
[2026.05.02-08.53.04:872][  0]LogPakFile: PakFile PrimaryIndexSize=185
[2026.05.02-08.53.04:872][  0]LogPakFile: PakFile PathHashIndexSize=101
[2026.05.02-08.53.04:872][  0]LogPakFile: PakFile FullDirectoryIndexSize=148
[2026.05.02-08.53.04:872][  0]LogShaderLibrary: Display: ShaderCodeLibraryPakFileMountedCallback: PakFile 'C:/Program Files/Epic Games/UE_4.27/FeaturePacks/StarterContent.upack' (chunk index -1, root 'root:/') mounted
[2026.05.02-08.53.04:872][  0]LogShaderLibrary: Display: ShaderCodeLibraryPakFileMountedCallback: pending pak file info (ChunkID:-1 Root:root:/ File:C:/Program Files/Epic Games/UE_4.27/FeaturePacks/StarterContent.upack)
[2026.05.02-08.53.04:872][  0]LogPakFile: OnPakFileMounted2Time == 0.000161
[2026.05.02-08.53.04:873][  0]LogPakFile: PakFile PrimaryIndexSize=190
[2026.05.02-08.53.04:874][  0]LogPakFile: PakFile PathHashIndexSize=101
[2026.05.02-08.53.04:874][  0]LogPakFile: PakFile FullDirectoryIndexSize=154
[2026.05.02-08.53.04:874][  0]LogShaderLibrary: Display: ShaderCodeLibraryPakFileMountedCallback: PakFile 'C:/Program Files/Epic Games/UE_4.27/FeaturePacks/TP_2DSideScroller.upack' (chunk index -1, root 'root:/') mounted
[2026.05.02-08.53.04:874][  0]LogShaderLibrary: Display: ShaderCodeLibraryPakFileMountedCallback: pending pak file info (ChunkID:-1 Root:root:/ File:C:/Program Files/Epic Games/UE_4.27/FeaturePacks/TP_2DSideScroller.upack)
[2026.05.02-08.53.04:874][  0]LogPakFile: OnPakFileMounted2Time == 0.000145
[2026.05.02-08.53.04:874][  0]LogPakFile: PakFile PrimaryIndexSize=192
[2026.05.02-08.53.04:875][  0]LogPakFile: PakFile PathHashIndexSize=101
[2026.05.02-08.53.04:875][  0]LogPakFile: PakFile FullDirectoryIndexSize=158
[2026.05.02-08.53.04:875][  0]LogShaderLibrary: Display: ShaderCodeLibraryPakFileMountedCallback: PakFile 'C:/Program Files/Epic Games/UE_4.27/FeaturePacks/TP_2DSideScrollerBP.upack' (chunk index -1, root 'root:/') mounted
[2026.05.02-08.53.04:875][  0]LogShaderLibrary: Display: ShaderCodeLibraryPakFileMountedCallback: pending pak file info (ChunkID:-1 Root:root:/ File:C:/Program Files/Epic Games/UE_4.27/FeaturePacks/TP_2DSideScrollerBP.upack)
[2026.05.02-08.53.04:875][  0]LogPakFile: OnPakFileMounted2Time == 0.000308
[2026.05.02-08.53.04:877][  0]LogPakFile: PakFile PrimaryIndexSize=182
[2026.05.02-08.53.04:877][  0]LogPakFile: PakFile PathHashIndexSize=101
[2026.05.02-08.53.04:877][  0]LogPakFile: PakFile FullDirectoryIndexSize=138
[2026.05.02-08.53.04:877][  0]LogShaderLibrary: Display: ShaderCodeLibraryPakFileMountedCallback: PakFile 'C:/Program Files/Epic Games/UE_4.27/FeaturePacks/TP_Flying.upack' (chunk index -1, root 'root:/') mounted
[2026.05.02-08.53.04:877][  0]LogShaderLibrary: Display: ShaderCodeLibraryPakFileMountedCallback: pending pak file info (ChunkID:-1 Root:root:/ File:C:/Program Files/Epic Games/UE_4.27/FeaturePacks/TP_Flying.upack)
[2026.05.02-08.53.04:877][  0]LogPakFile: OnPakFileMounted2Time == 0.000244
[2026.05.02-08.53.04:878][  0]LogPakFile: PakFile PrimaryIndexSize=184
[2026.05.02-08.53.04:878][  0]LogPakFile: PakFile PathHashIndexSize=101
[2026.05.02-08.53.04:878][  0]LogPakFile: PakFile FullDirectoryIndexSize=142
[2026.05.02-08.53.04:878][  0]LogShaderLibrary: Display: ShaderCodeLibraryPakFileMountedCallback: PakFile 'C:/Program Files/Epic Games/UE_4.27/FeaturePacks/TP_FlyingBP.upack' (chunk index -1, root 'root:/') mounted
[2026.05.02-08.53.04:878][  0]LogShaderLibrary: Display: ShaderCodeLibraryPakFileMountedCallback: pending pak file info (ChunkID:-1 Root:root:/ File:C:/Program Files/Epic Games/UE_4.27/FeaturePacks/TP_FlyingBP.upack)
[2026.05.02-08.53.04:879][  0]LogPakFile: OnPakFileMounted2Time == 0.000171
[2026.05.02-08.53.04:879][  0]LogPakFile: PakFile PrimaryIndexSize=188
[2026.05.02-08.53.04:880][  0]LogPakFile: PakFile PathHashIndexSize=101
[2026.05.02-08.53.04:880][  0]LogPakFile: PakFile FullDirectoryIndexSize=150
[2026.05.02-08.53.04:880][  0]LogShaderLibrary: Display: ShaderCodeLibraryPakFileMountedCallback: PakFile 'C:/Program Files/Epic Games/UE_4.27/FeaturePacks/TP_HandheldARBP.upack' (chunk index -1, root 'root:/') mounted
[2026.05.02-08.53.04:880][  0]LogShaderLibrary: Display: ShaderCodeLibraryPakFileMountedCallback: pending pak file info (ChunkID:-1 Root:root:/ File:C:/Program Files/Epic Games/UE_4.27/FeaturePacks/TP_HandheldARBP.upack)
[2026.05.02-08.53.04:880][  0]LogPakFile: OnPakFileMounted2Time == 0.000187
[2026.05.02-08.53.04:882][  0]LogPakFile: PakFile PrimaryIndexSize=182
[2026.05.02-08.53.04:882][  0]LogPakFile: PakFile PathHashIndexSize=101
[2026.05.02-08.53.04:882][  0]LogPakFile: PakFile FullDirectoryIndexSize=138
[2026.05.02-08.53.04:882][  0]LogShaderLibrary: Display: ShaderCodeLibraryPakFileMountedCallback: PakFile 'C:/Program Files/Epic Games/UE_4.27/FeaturePacks/TP_Puzzle.upack' (chunk index -1, root 'root:/') mounted
[2026.05.02-08.53.04:882][  0]LogShaderLibrary: Display: ShaderCodeLibraryPakFileMountedCallback: pending pak file info (ChunkID:-1 Root:root:/ File:C:/Program Files/Epic Games/UE_4.27/FeaturePacks/TP_Puzzle.upack)
[2026.05.02-08.53.04:882][  0]LogPakFile: OnPakFileMounted2Time == 0.000194
[2026.05.02-08.53.04:883][  0]LogPakFile: PakFile PrimaryIndexSize=184
[2026.05.02-08.53.04:884][  0]LogPakFile: PakFile PathHashIndexSize=101
[2026.05.02-08.53.04:884][  0]LogPakFile: PakFile FullDirectoryIndexSize=142
[2026.05.02-08.53.04:884][  0]LogShaderLibrary: Display: ShaderCodeLibraryPakFileMountedCallback: PakFile 'C:/Program Files/Epic Games/UE_4.27/FeaturePacks/TP_PuzzleBP.upack' (chunk index -1, root 'root:/') mounted
[2026.05.02-08.53.04:884][  0]LogShaderLibrary: Display: ShaderCodeLibraryPakFileMountedCallback: pending pak file info (ChunkID:-1 Root:root:/ File:C:/Program Files/Epic Games/UE_4.27/FeaturePacks/TP_PuzzleBP.upack)
[2026.05.02-08.53.04:884][  0]LogPakFile: OnPakFileMounted2Time == 0.000143
[2026.05.02-08.53.04:884][  0]LogPakFile: PakFile PrimaryIndexSize=183
[2026.05.02-08.53.04:884][  0]LogPakFile: PakFile PathHashIndexSize=101
[2026.05.02-08.53.04:885][  0]LogPakFile: PakFile FullDirectoryIndexSize=140
[2026.05.02-08.53.04:885][  0]LogShaderLibrary: Display: ShaderCodeLibraryPakFileMountedCallback: PakFile 'C:/Program Files/Epic Games/UE_4.27/FeaturePacks/TP_Rolling.upack' (chunk index -1, root 'root:/') mounted
[2026.05.02-08.53.04:885][  0]LogShaderLibrary: Display: ShaderCodeLibraryPakFileMountedCallback: pending pak file info (ChunkID:-1 Root:root:/ File:C:/Program Files/Epic Games/UE_4.27/FeaturePacks/TP_Rolling.upack)
[2026.05.02-08.53.04:885][  0]LogPakFile: OnPakFileMounted2Time == 0.000215
[2026.05.02-08.53.04:886][  0]LogPakFile: PakFile PrimaryIndexSize=185
[2026.05.02-08.53.04:886][  0]LogPakFile: PakFile PathHashIndexSize=101
[2026.05.02-08.53.04:886][  0]LogPakFile: PakFile FullDirectoryIndexSize=144
[2026.05.02-08.53.04:886][  0]LogShaderLibrary: Display: ShaderCodeLibraryPakFileMountedCallback: PakFile 'C:/Program Files/Epic Games/UE_4.27/FeaturePacks/TP_RollingBP.upack' (chunk index -1, root 'root:/') mounted
[2026.05.02-08.53.04:886][  0]LogShaderLibrary: Display: ShaderCodeLibraryPakFileMountedCallback: pending pak file info (ChunkID:-1 Root:root:/ File:C:/Program Files/Epic Games/UE_4.27/FeaturePacks/TP_RollingBP.upack)
[2026.05.02-08.53.04:886][  0]LogPakFile: OnPakFileMounted2Time == 0.000171
[2026.05.02-08.53.04:888][  0]LogPakFile: PakFile PrimaryIndexSize=188
[2026.05.02-08.53.04:889][  0]LogPakFile: PakFile PathHashIndexSize=101
[2026.05.02-08.53.04:889][  0]LogPakFile: PakFile FullDirectoryIndexSize=150
[2026.05.02-08.53.04:889][  0]LogShaderLibrary: Display: ShaderCodeLibraryPakFileMountedCallback: PakFile 'C:/Program Files/Epic Games/UE_4.27/FeaturePacks/TP_SideScroller.upack' (chunk index -1, root 'root:/') mounted
[2026.05.02-08.53.04:889][  0]LogShaderLibrary: Display: ShaderCodeLibraryPakFileMountedCallback: pending pak file info (ChunkID:-1 Root:root:/ File:C:/Program Files/Epic Games/UE_4.27/FeaturePacks/TP_SideScroller.upack)
[2026.05.02-08.53.04:889][  0]LogPakFile: OnPakFileMounted2Time == 0.000247
[2026.05.02-08.53.04:890][  0]LogPakFile: PakFile PrimaryIndexSize=190
[2026.05.02-08.53.04:890][  0]LogPakFile: PakFile PathHashIndexSize=101
[2026.05.02-08.53.04:891][  0]LogPakFile: PakFile FullDirectoryIndexSize=154
[2026.05.02-08.53.04:891][  0]LogShaderLibrary: Display: ShaderCodeLibraryPakFileMountedCallback: PakFile 'C:/Program Files/Epic Games/UE_4.27/FeaturePacks/TP_SideScrollerBP.upack' (chunk index -1, root 'root:/') mounted
[2026.05.02-08.53.04:891][  0]LogShaderLibrary: Display: ShaderCodeLibraryPakFileMountedCallback: pending pak file info (ChunkID:-1 Root:root:/ File:C:/Program Files/Epic Games/UE_4.27/FeaturePacks/TP_SideScrollerBP.upack)
[2026.05.02-08.53.04:891][  0]LogPakFile: OnPakFileMounted2Time == 0.000217
[2026.05.02-08.53.04:892][  0]LogPakFile: PakFile PrimaryIndexSize=187
[2026.05.02-08.53.04:892][  0]LogPakFile: PakFile PathHashIndexSize=101
[2026.05.02-08.53.04:892][  0]LogPakFile: PakFile FullDirectoryIndexSize=148
[2026.05.02-08.53.04:892][  0]LogShaderLibrary: Display: ShaderCodeLibraryPakFileMountedCallback: PakFile 'C:/Program Files/Epic Games/UE_4.27/FeaturePacks/TP_ThirdPerson.upack' (chunk index -1, root 'root:/') mounted
[2026.05.02-08.53.04:892][  0]LogShaderLibrary: Display: ShaderCodeLibraryPakFileMountedCallback: pending pak file info (ChunkID:-1 Root:root:/ File:C:/Program Files/Epic Games/UE_4.27/FeaturePacks/TP_ThirdPerson.upack)
[2026.05.02-08.53.04:892][  0]LogPakFile: OnPakFileMounted2Time == 0.000241
[2026.05.02-08.53.04:894][  0]LogPakFile: PakFile PrimaryIndexSize=189
[2026.05.02-08.53.04:894][  0]LogPakFile: PakFile PathHashIndexSize=101
[2026.05.02-08.53.04:895][  0]LogPakFile: PakFile FullDirectoryIndexSize=152
[2026.05.02-08.53.04:895][  0]LogShaderLibrary: Display: ShaderCodeLibraryPakFileMountedCallback: PakFile 'C:/Program Files/Epic Games/UE_4.27/FeaturePacks/TP_ThirdPersonBP.upack' (chunk index -1, root 'root:/') mounted
[2026.05.02-08.53.04:895][  0]LogShaderLibrary: Display: ShaderCodeLibraryPakFileMountedCallback: pending pak file info (ChunkID:-1 Root:root:/ File:C:/Program Files/Epic Games/UE_4.27/FeaturePacks/TP_ThirdPersonBP.upack)
[2026.05.02-08.53.04:895][  0]LogPakFile: OnPakFileMounted2Time == 0.000166
[2026.05.02-08.53.04:895][  0]LogPakFile: PakFile PrimaryIndexSize=183
[2026.05.02-08.53.04:895][  0]LogPakFile: PakFile PathHashIndexSize=101
[2026.05.02-08.53.04:895][  0]LogPakFile: PakFile FullDirectoryIndexSize=140
[2026.05.02-08.53.04:897][  0]LogShaderLibrary: Display: ShaderCodeLibraryPakFileMountedCallback: PakFile 'C:/Program Files/Epic Games/UE_4.27/FeaturePacks/TP_TopDown.upack' (chunk index -1, root 'root:/') mounted
[2026.05.02-08.53.04:897][  0]LogShaderLibrary: Display: ShaderCodeLibraryPakFileMountedCallback: pending pak file info (ChunkID:-1 Root:root:/ File:C:/Program Files/Epic Games/UE_4.27/FeaturePacks/TP_TopDown.upack)
[2026.05.02-08.53.04:897][  0]LogPakFile: OnPakFileMounted2Time == 0.000199
[2026.05.02-08.53.04:897][  0]LogPakFile: PakFile PrimaryIndexSize=185
[2026.05.02-08.53.04:897][  0]LogPakFile: PakFile PathHashIndexSize=101
[2026.05.02-08.53.04:898][  0]LogPakFile: PakFile FullDirectoryIndexSize=144
[2026.05.02-08.53.04:898][  0]LogShaderLibrary: Display: ShaderCodeLibraryPakFileMountedCallback: PakFile 'C:/Program Files/Epic Games/UE_4.27/FeaturePacks/TP_TopDownBP.upack' (chunk index -1, root 'root:/') mounted
[2026.05.02-08.53.04:898][  0]LogShaderLibrary: Display: ShaderCodeLibraryPakFileMountedCallback: pending pak file info (ChunkID:-1 Root:root:/ File:C:/Program Files/Epic Games/UE_4.27/FeaturePacks/TP_TopDownBP.upack)
[2026.05.02-08.53.04:898][  0]LogPakFile: OnPakFileMounted2Time == 0.000188
[2026.05.02-08.53.04:898][  0]LogPakFile: PakFile PrimaryIndexSize=185
[2026.05.02-08.53.04:900][  0]LogPakFile: PakFile PathHashIndexSize=101
[2026.05.02-08.53.04:900][  0]LogPakFile: PakFile FullDirectoryIndexSize=144
[2026.05.02-08.53.04:900][  0]LogShaderLibrary: Display: ShaderCodeLibraryPakFileMountedCallback: PakFile 'C:/Program Files/Epic Games/UE_4.27/FeaturePacks/TP_TwinStick.upack' (chunk index -1, root 'root:/') mounted
[2026.05.02-08.53.04:900][  0]LogShaderLibrary: Display: ShaderCodeLibraryPakFileMountedCallback: pending pak file info (ChunkID:-1 Root:root:/ File:C:/Program Files/Epic Games/UE_4.27/FeaturePacks/TP_TwinStick.upack)
[2026.05.02-08.53.04:900][  0]LogPakFile: OnPakFileMounted2Time == 0.000221
[2026.05.02-08.53.04:901][  0]LogPakFile: PakFile PrimaryIndexSize=187
[2026.05.02-08.53.04:901][  0]LogPakFile: PakFile PathHashIndexSize=101
[2026.05.02-08.53.04:901][  0]LogPakFile: PakFile FullDirectoryIndexSize=148
[2026.05.02-08.53.04:901][  0]LogShaderLibrary: Display: ShaderCodeLibraryPakFileMountedCallback: PakFile 'C:/Program Files/Epic Games/UE_4.27/FeaturePacks/TP_TwinStickBP.upack' (chunk index -1, root 'root:/') mounted
[2026.05.02-08.53.04:902][  0]LogShaderLibrary: Display: ShaderCodeLibraryPakFileMountedCallback: pending pak file info (ChunkID:-1 Root:root:/ File:C:/Program Files/Epic Games/UE_4.27/FeaturePacks/TP_TwinStickBP.upack)
[2026.05.02-08.53.04:902][  0]LogPakFile: OnPakFileMounted2Time == 0.000236
[2026.05.02-08.53.04:904][  0]LogPakFile: PakFile PrimaryIndexSize=183
[2026.05.02-08.53.04:904][  0]LogPakFile: PakFile PathHashIndexSize=101
[2026.05.02-08.53.04:904][  0]LogPakFile: PakFile FullDirectoryIndexSize=140
[2026.05.02-08.53.04:904][  0]LogShaderLibrary: Display: ShaderCodeLibraryPakFileMountedCallback: PakFile 'C:/Program Files/Epic Games/UE_4.27/FeaturePacks/TP_Vehicle.upack' (chunk index -1, root 'root:/') mounted
[2026.05.02-08.53.04:904][  0]LogShaderLibrary: Display: ShaderCodeLibraryPakFileMountedCallback: pending pak file info (ChunkID:-1 Root:root:/ File:C:/Program Files/Epic Games/UE_4.27/FeaturePacks/TP_Vehicle.upack)
[2026.05.02-08.53.04:904][  0]LogPakFile: OnPakFileMounted2Time == 0.000288
[2026.05.02-08.53.04:904][  0]LogPakFile: PakFile PrimaryIndexSize=186
[2026.05.02-08.53.04:906][  0]LogPakFile: PakFile PathHashIndexSize=101
[2026.05.02-08.53.04:906][  0]LogPakFile: PakFile FullDirectoryIndexSize=146
[2026.05.02-08.53.04:906][  0]LogShaderLibrary: Display: ShaderCodeLibraryPakFileMountedCallback: PakFile 'C:/Program Files/Epic Games/UE_4.27/FeaturePacks/TP_VehicleAdv.upack' (chunk index -1, root 'root:/') mounted
[2026.05.02-08.53.04:906][  0]LogShaderLibrary: Display: ShaderCodeLibraryPakFileMountedCallback: pending pak file info (ChunkID:-1 Root:root:/ File:C:/Program Files/Epic Games/UE_4.27/FeaturePacks/TP_VehicleAdv.upack)
[2026.05.02-08.53.04:906][  0]LogPakFile: OnPakFileMounted2Time == 0.000202
[2026.05.02-08.53.04:907][  0]LogPakFile: PakFile PrimaryIndexSize=188
[2026.05.02-08.53.04:907][  0]LogPakFile: PakFile PathHashIndexSize=101
[2026.05.02-08.53.04:907][  0]LogPakFile: PakFile FullDirectoryIndexSize=150
[2026.05.02-08.53.04:907][  0]LogShaderLibrary: Display: ShaderCodeLibraryPakFileMountedCallback: PakFile 'C:/Program Files/Epic Games/UE_4.27/FeaturePacks/TP_VehicleAdvBP.upack' (chunk index -1, root 'root:/') mounted
[2026.05.02-08.53.04:907][  0]LogShaderLibrary: Display: ShaderCodeLibraryPakFileMountedCallback: pending pak file info (ChunkID:-1 Root:root:/ File:C:/Program Files/Epic Games/UE_4.27/FeaturePacks/TP_VehicleAdvBP.upack)
[2026.05.02-08.53.04:907][  0]LogPakFile: OnPakFileMounted2Time == 0.000157
[2026.05.02-08.53.04:908][  0]LogPakFile: PakFile PrimaryIndexSize=185
[2026.05.02-08.53.04:908][  0]LogPakFile: PakFile PathHashIndexSize=101
[2026.05.02-08.53.04:908][  0]LogPakFile: PakFile FullDirectoryIndexSize=144
[2026.05.02-08.53.04:908][  0]LogShaderLibrary: Display: ShaderCodeLibraryPakFileMountedCallback: PakFile 'C:/Program Files/Epic Games/UE_4.27/FeaturePacks/TP_VehicleBP.upack' (chunk index -1, root 'root:/') mounted
[2026.05.02-08.53.04:908][  0]LogShaderLibrary: Display: ShaderCodeLibraryPakFileMountedCallback: pending pak file info (ChunkID:-1 Root:root:/ File:C:/Program Files/Epic Games/UE_4.27/FeaturePacks/TP_VehicleBP.upack)
[2026.05.02-08.53.04:908][  0]LogPakFile: OnPakFileMounted2Time == 0.000187
[2026.05.02-08.53.04:911][  0]LogPakFile: PakFile PrimaryIndexSize=192
[2026.05.02-08.53.04:911][  0]LogPakFile: PakFile PathHashIndexSize=101
[2026.05.02-08.53.04:911][  0]LogPakFile: PakFile FullDirectoryIndexSize=158
[2026.05.02-08.53.04:911][  0]LogShaderLibrary: Display: ShaderCodeLibraryPakFileMountedCallback: PakFile 'C:/Program Files/Epic Games/UE_4.27/FeaturePacks/TP_VirtualRealityBP.upack' (chunk index -1, root 'root:/') mounted
[2026.05.02-08.53.04:911][  0]LogShaderLibrary: Display: ShaderCodeLibraryPakFileMountedCallback: pending pak file info (ChunkID:-1 Root:root:/ File:C:/Program Files/Epic Games/UE_4.27/FeaturePacks/TP_VirtualRealityBP.upack)
[2026.05.02-08.53.04:911][  0]LogPakFile: OnPakFileMounted2Time == 0.000134
[2026.05.02-08.53.04:982][  0]LogNativeClassHierarchy: Verbose: Native class hierarchy updated for 'AddContentDialog' in 0.0003 seconds. Added 0 classes and 0 folders.
[2026.05.02-08.53.04:989][  0]LogNativeClassHierarchy: Verbose: Native class hierarchy updated for 'SceneOutliner' in 0.0003 seconds. Added 2 classes and 0 folders.
[2026.05.02-08.53.05:102][  0]LogSlate: Took 0.000374 seconds to synchronously load lazily loaded font '../../../Engine/Content/Slate/Fonts/Roboto-Regular.ttf' (155K)
[2026.05.02-08.53.05:103][  0]LogSlate: Took 0.000376 seconds to synchronously load lazily loaded font '../../../Engine/Content/Editor/Slate/Fonts/FontAwesome.ttf' (139K)
[2026.05.02-08.53.05:108][  0]LogSlate: Took 0.000215 seconds to synchronously load lazily loaded font '../../../Engine/Content/Slate/Fonts/Roboto-Bold.ttf' (160K)
[2026.05.02-08.53.05:192][  0]LogRenderer: Reallocating scene render targets to support 1168x440 Format 9 NumSamples 1 (Frame:1).
[2026.05.02-08.53.05:312][  0]LogSlate: Took 0.000293 seconds to synchronously load lazily loaded font '../../../Engine/Content/Slate/Fonts/Roboto-Light.ttf' (167K)
[2026.05.02-08.53.05:541][  0]LogNativeClassHierarchy: Verbose: Native class hierarchy updated for 'HierarchicalLODOutliner' in 0.0003 seconds. Added 0 classes and 0 folders.
[2026.05.02-08.53.05:541][  0]LogLoad: (Engine Initialization) Total time: 14.01 seconds
[2026.05.02-08.53.05:543][  0]LogLoad: (Engine Initialization) Total Blueprint compile time: 0.00 seconds
[2026.05.02-08.53.05:603][  0]LogAssetRegistry: Asset discovery search completed in 7.5782 seconds
[2026.05.02-08.53.05:610][  0]LogCollectionManager: Fixed up redirectors for 0 collections in 0.000004 seconds (updated 0 objects)
[2026.05.02-08.53.05:611][  0]LogContentStreaming: Texture pool size now 600 MB
[2026.05.02-08.53.08:671][ 67]LogTemp: Repeating last play command: Selected Viewport
[2026.05.02-08.53.08:683][ 67]LogPlayLevel: PlayLevel: No blueprints needed recompiling
[2026.05.02-08.53.08:683][ 67]PIE: New page: PIE session: main (2 мая 2026 г., 14:53:08)
[2026.05.02-08.53.08:686][ 67]LogOnline: OSS: Creating online subsystem instance for: NULL
[2026.05.02-08.53.08:690][ 67]LogOnline: OSS: TryLoadSubsystemAndSetDefault: Loaded subsystem for module [NULL]
[2026.05.02-08.53.08:690][ 67]LogPlayLevel: Creating play world package: /Game/UEDPIE_0_main
[2026.05.02-08.53.08:696][ 67]LogPlayLevel: PIE: StaticDuplicateObject took: (0.004642s)
[2026.05.02-08.53.08:697][ 67]LogAIModule: Creating AISystem for world main
[2026.05.02-08.53.08:697][ 67]LogPlayLevel: PIE: World Init took: (0.002197s)
[2026.05.02-08.53.08:699][ 67]LogPlayLevel: PIE: Created PIE world by copying editor world from /Game/main.main to /Game/UEDPIE_0_main.main (0.007808s)
[2026.05.02-08.53.08:714][ 67]LogUObjectHash: Compacting FUObjectHashTables data took   1.65ms
[2026.05.02-08.53.08:719][ 67]LogAudio: Display: Creating Audio Device:                 Id: 2, Scope: Unique, Realtime: True
[2026.05.02-08.53.08:719][ 67]LogAudioMixer: Display: Audio Mixer Platform Settings:
[2026.05.02-08.53.08:720][ 67]LogAudioMixer: Display: 	Sample Rate:						  48000
[2026.05.02-08.53.08:720][ 67]LogAudioMixer: Display: 	Callback Buffer Frame Size Requested: 1024
[2026.05.02-08.53.08:720][ 67]LogAudioMixer: Display: 	Callback Buffer Frame Size To Use:	  1024
[2026.05.02-08.53.08:720][ 67]LogAudioMixer: Display: 	Number of buffers to queue:			  2
[2026.05.02-08.53.08:720][ 67]LogAudioMixer: Display: 	Max Channels (voices):				  32
[2026.05.02-08.53.08:720][ 67]LogAudioMixer: Display: 	Number of Async Source Workers:		  0
[2026.05.02-08.53.08:720][ 67]LogAudio: Display: AudioDevice MaxSources: 32
[2026.05.02-08.53.08:721][ 67]LogAudio: Display: Audio Spatialization Plugin: None (built-in).
[2026.05.02-08.53.08:721][ 67]LogAudio: Display: Audio Reverb Plugin: None (built-in).
[2026.05.02-08.53.08:722][ 67]LogAudio: Display: Audio Occlusion Plugin: None (built-in).
[2026.05.02-08.53.08:722][ 67]LogAudioMixer: Display: Initializing audio mixer.
[2026.05.02-08.53.08:730][ 67]LogAudioMixer: Display: 0: FrontLeft
[2026.05.02-08.53.08:730][ 67]LogAudioMixer: Display: 1: FrontRight
[2026.05.02-08.53.08:796][ 67]LogAudioMixer: Display: Using Audio Device Наушники (HONOR CHOICE Headphones Pro)
[2026.05.02-08.53.08:796][ 67]LogAudioMixer: Display: Initializing Sound Submixes...
[2026.05.02-08.53.08:797][ 67]LogAudioMixer: Display: Creating Master Submix 'MasterSubmixDefault'
[2026.05.02-08.53.08:797][ 67]LogAudioMixer: Display: Creating Master Submix 'MasterReverbSubmixDefault'
[2026.05.02-08.53.08:797][ 67]LogAudioMixer: Display: Creating Master Submix 'MasterEQSubmixDefault'
[2026.05.02-08.53.08:797][ 67]LogAudioMixer: FMixerPlatformXAudio2::StartAudioStream() called
[2026.05.02-08.53.08:798][ 67]LogAudioMixer: Display: Output buffers initialized: Frames=1024, Channels=2, Samples=2048
[2026.05.02-08.53.08:801][ 67]LogAudioMixer: Display: Starting AudioMixerPlatformInterface::RunInternal()
[2026.05.02-08.53.08:801][ 67]LogAudioMixer: Display: FMixerPlatformXAudio2::SubmitBuffer() called for the first time
[2026.05.02-08.53.08:801][ 67]LogInit: FAudioDevice initialized.
[2026.05.02-08.53.08:801][ 67]LogAudio: Display: Audio Device (ID: 2) registered with world 'main'.
[2026.05.02-08.53.08:837][ 67]LogLoad: Game class is 'SnakeGameModeBP_C'
[2026.05.02-08.53.08:838][ 67]LogWorld: Bringing World /Game/UEDPIE_0_main.main up for play (max tick rate 60) at 2026.05.02-11.53.08
[2026.05.02-08.53.08:840][ 67]LogWorld: Bringing up level for play took: 0.000969
[2026.05.02-08.53.08:840][ 67]LogOnline: OSS: Creating online subsystem instance for: :Context_1
[2026.05.02-08.53.08:847][ 67]LogNativeClassHierarchy: Verbose: Native class hierarchy updated for 'MovieSceneCapture' in 0.0005 seconds. Added 20 classes and 0 folders.
[2026.05.02-08.53.08:848][ 67]LogActor: Warning: SnakeElemBP_C /Game/UEDPIE_0_main.main:PersistentLevel.SnakeElemBP_C_0 has natively added scene component(s), but none of them were set as the actor's RootComponent - picking one arbitrarily
[2026.05.02-08.53.08:854][ 67]LogActor: Warning: SnakeElemBP_C /Game/UEDPIE_0_main.main:PersistentLevel.SnakeElemBP_C_1 has natively added scene component(s), but none of them were set as the actor's RootComponent - picking one arbitrarily
[2026.05.02-08.53.08:855][ 67]LogActor: Warning: SnakeElemBP_C /Game/UEDPIE_0_main.main:PersistentLevel.SnakeElemBP_C_2 has natively added scene component(s), but none of them were set as the actor's RootComponent - picking one arbitrarily
[2026.05.02-08.53.08:855][ 67]LogActor: Warning: SnakeElemBP_C /Game/UEDPIE_0_main.main:PersistentLevel.SnakeElemBP_C_3 has natively added scene component(s), but none of them were set as the actor's RootComponent - picking one arbitrarily
[2026.05.02-08.53.08:857][ 67]PIE: Server logged in
[2026.05.02-08.53.08:859][ 67]PIE: Play in editor total start time 0,179 seconds.
[2026.05.02-08.53.09:037][ 68]LogActor: Warning: SnakeElemBP_C /Engine/Transient.World_0:PersistentLevel.SnakeElemBP_C_0 has natively added scene component(s), but none of them were set as the actor's RootComponent - picking one arbitrarily
[2026.05.02-08.53.11:727][220]LogSlate: Updating window title bar state: overlay mode, drag disabled, window buttons hidden, title bar hidden
[2026.05.02-08.53.11:727][220]LogWorld: BeginTearingDown for /Game/UEDPIE_0_main
[2026.05.02-08.53.11:728][220]LogWorld: UWorld::CleanupWorld for main, bSessionEnded=true, bCleanupResources=true
[2026.05.02-08.53.11:728][220]LogSlate: InvalidateAllWidgets triggered.  All widgets were invalidated
[2026.05.02-08.53.11:745][220]LogPlayLevel: Display: Shutting down PIE online subsystems
[2026.05.02-08.53.11:748][220]LogSlate: InvalidateAllWidgets triggered.  All widgets were invalidated
[2026.05.02-08.53.11:753][220]LogAudio: Display: Audio Device unregistered from world 'None'.
[2026.05.02-08.53.11:753][220]LogAudioMixer: FMixerPlatformXAudio2::StopAudioStream() called
[2026.05.02-08.53.11:757][220]LogAudioMixer: FMixerPlatformXAudio2::StopAudioStream() called
[2026.05.02-08.53.11:760][220]LogSlate: Updating window title bar state: overlay mode, drag disabled, window buttons hidden, title bar hidden
[2026.05.02-08.53.11:764][220]LogUObjectHash: Compacting FUObjectHashTables data took   1.68ms
[2026.05.02-08.53.11:809][223]LogPlayLevel: Display: Destroying online subsystem :Context_1
[2026.05.02-08.53.16:334][487]LogTemp: Repeating last play command: Selected Viewport
[2026.05.02-08.53.16:344][487]LogPlayLevel: PlayLevel: No blueprints needed recompiling
[2026.05.02-08.53.16:344][487]PIE: New page: PIE session: main (2 мая 2026 г., 14:53:16)
[2026.05.02-08.53.16:345][487]LogPlayLevel: Creating play world package: /Game/UEDPIE_0_main
[2026.05.02-08.53.16:347][487]LogPlayLevel: PIE: StaticDuplicateObject took: (0.003121s)
[2026.05.02-08.53.16:350][487]LogAIModule: Creating AISystem for world main
[2026.05.02-08.53.16:350][487]LogPlayLevel: PIE: World Init took: (0.002000s)
[2026.05.02-08.53.16:350][487]LogPlayLevel: PIE: Created PIE world by copying editor world from /Game/main.main to /Game/UEDPIE_0_main.main (0.005854s)
[2026.05.02-08.53.16:358][487]LogUObjectHash: Compacting FUObjectHashTables data took   0.99ms
[2026.05.02-08.53.16:358][487]LogAudio: Display: Creating Audio Device:                 Id: 3, Scope: Unique, Realtime: True
[2026.05.02-08.53.16:358][487]LogAudioMixer: Display: Audio Mixer Platform Settings:
[2026.05.02-08.53.16:359][487]LogAudioMixer: Display: 	Sample Rate:						  48000
[2026.05.02-08.53.16:359][487]LogAudioMixer: Display: 	Callback Buffer Frame Size Requested: 1024
[2026.05.02-08.53.16:359][487]LogAudioMixer: Display: 	Callback Buffer Frame Size To Use:	  1024
[2026.05.02-08.53.16:359][487]LogAudioMixer: Display: 	Number of buffers to queue:			  2
[2026.05.02-08.53.16:359][487]LogAudioMixer: Display: 	Max Channels (voices):				  32
[2026.05.02-08.53.16:359][487]LogAudioMixer: Display: 	Number of Async Source Workers:		  0
[2026.05.02-08.53.16:359][487]LogAudio: Display: AudioDevice MaxSources: 32
[2026.05.02-08.53.16:359][487]LogAudio: Display: Audio Spatialization Plugin: None (built-in).
[2026.05.02-08.53.16:361][487]LogAudio: Display: Audio Reverb Plugin: None (built-in).
[2026.05.02-08.53.16:361][487]LogAudio: Display: Audio Occlusion Plugin: None (built-in).
[2026.05.02-08.53.16:361][487]LogAudioMixer: Display: Initializing audio mixer.
[2026.05.02-08.53.16:368][487]LogAudioMixer: Display: 0: FrontLeft
[2026.05.02-08.53.16:368][487]LogAudioMixer: Display: 1: FrontRight
[2026.05.02-08.53.16:430][487]LogAudioMixer: Display: Using Audio Device Наушники (HONOR CHOICE Headphones Pro)
[2026.05.02-08.53.16:431][487]LogAudioMixer: Display: Initializing Sound Submixes...
[2026.05.02-08.53.16:431][487]LogAudioMixer: Display: Creating Master Submix 'MasterSubmixDefault'
[2026.05.02-08.53.16:431][487]LogAudioMixer: Display: Creating Master Submix 'MasterReverbSubmixDefault'
[2026.05.02-08.53.16:431][487]LogAudioMixer: Display: Creating Master Submix 'MasterEQSubmixDefault'
[2026.05.02-08.53.16:432][487]LogAudioMixer: FMixerPlatformXAudio2::StartAudioStream() called
[2026.05.02-08.53.16:432][487]LogAudioMixer: Display: Output buffers initialized: Frames=1024, Channels=2, Samples=2048
[2026.05.02-08.53.16:435][487]LogAudioMixer: Display: Starting AudioMixerPlatformInterface::RunInternal()
[2026.05.02-08.53.16:435][487]LogAudioMixer: Display: FMixerPlatformXAudio2::SubmitBuffer() called for the first time
[2026.05.02-08.53.16:435][487]LogInit: FAudioDevice initialized.
[2026.05.02-08.53.16:435][487]LogAudio: Display: Audio Device (ID: 3) registered with world 'main'.
[2026.05.02-08.53.16:454][487]LogLoad: Game class is 'SnakeGameModeBP_C'
[2026.05.02-08.53.16:457][487]LogWorld: Bringing World /Game/UEDPIE_0_main.main up for play (max tick rate 60) at 2026.05.02-11.53.16
[2026.05.02-08.53.16:457][487]LogWorld: Bringing up level for play took: 0.000942
[2026.05.02-08.53.16:457][487]LogOnline: OSS: Creating online subsystem instance for: :Context_3
[2026.05.02-08.53.16:462][487]LogActor: Warning: SnakeElemBP_C /Game/UEDPIE_0_main.main:PersistentLevel.SnakeElemBP_C_0 has natively added scene component(s), but none of them were set as the actor's RootComponent - picking one arbitrarily
[2026.05.02-08.53.16:463][487]LogActor: Warning: SnakeElemBP_C /Game/UEDPIE_0_main.main:PersistentLevel.SnakeElemBP_C_1 has natively added scene component(s), but none of them were set as the actor's RootComponent - picking one arbitrarily
[2026.05.02-08.53.16:463][487]LogActor: Warning: SnakeElemBP_C /Game/UEDPIE_0_main.main:PersistentLevel.SnakeElemBP_C_2 has natively added scene component(s), but none of them were set as the actor's RootComponent - picking one arbitrarily
[2026.05.02-08.53.16:464][487]LogActor: Warning: SnakeElemBP_C /Game/UEDPIE_0_main.main:PersistentLevel.SnakeElemBP_C_3 has natively added scene component(s), but none of them were set as the actor's RootComponent - picking one arbitrarily
[2026.05.02-08.53.16:465][487]PIE: Server logged in
[2026.05.02-08.53.16:467][487]PIE: Play in editor total start time 0,125 seconds.
[2026.05.02-08.53.17:147][525]LogSlate: Updating window title bar state: overlay mode, drag disabled, window buttons hidden, title bar hidden
[2026.05.02-08.53.17:148][525]LogWorld: BeginTearingDown for /Game/UEDPIE_0_main
[2026.05.02-08.53.17:148][525]LogWorld: UWorld::CleanupWorld for main, bSessionEnded=true, bCleanupResources=true
[2026.05.02-08.53.17:148][525]LogSlate: InvalidateAllWidgets triggered.  All widgets were invalidated
[2026.05.02-08.53.17:167][525]LogPlayLevel: Display: Shutting down PIE online subsystems
[2026.05.02-08.53.17:170][525]LogSlate: InvalidateAllWidgets triggered.  All widgets were invalidated
[2026.05.02-08.53.17:176][525]LogSlate: Updating window title bar state: overlay mode, drag disabled, window buttons hidden, title bar hidden
[2026.05.02-08.53.17:176][525]LogAudioMixer: FMixerPlatformXAudio2::StopAudioStream() called
[2026.05.02-08.53.17:178][525]LogAudioMixer: FMixerPlatformXAudio2::StopAudioStream() called
[2026.05.02-08.53.17:187][525]LogUObjectHash: Compacting FUObjectHashTables data took   1.05ms
[2026.05.02-08.53.17:216][527]LogPlayLevel: Display: Destroying online subsystem :Context_3
[2026.05.02-08.53.18:338][591]LogUObjectHash: Compacting FUObjectHashTables data took   1.12ms
[2026.05.02-08.53.18:409][591]LogSlate: Window 'Snake - Unreal Editor' being destroyed
[2026.05.02-08.53.18:588][592]Cmd: QUIT_EDITOR
[2026.05.02-08.53.18:588][592]LogCore: Engine exit requested (reason: UUnrealEdEngine::CloseEditor())
[2026.05.02-08.53.18:594][592]LogCore: Engine exit requested (reason: EngineExit() was called; note: exit was already requested)
[2026.05.02-08.53.19:068][592]LogAudio: Display: Beginning Audio Device Manager Shutdown (Module: AudioMixerXAudio2)...
[2026.05.02-08.53.19:068][592]LogAudio: Display: Destroying 1 Remaining Audio Device(s)...
[2026.05.02-08.53.19:068][592]LogAudio: Display: Audio Device unregistered from world 'main'.
[2026.05.02-08.53.19:068][592]LogAudioMixer: FMixerPlatformXAudio2::StopAudioStream() called
[2026.05.02-08.53.19:070][592]LogAudioMixer: FMixerPlatformXAudio2::StopAudioStream() called
[2026.05.02-08.53.19:081][592]LogAudio: Display: Audio Device Manager Shutdown
[2026.05.02-08.53.19:082][592]LogWindowsTextInputMethodSystem: Display: IME system deactivated.
[2026.05.02-08.53.19:087][592]LogExit: Preparing to exit.
[2026.05.02-08.53.19:297][592]LogUObjectHash: Compacting FUObjectHashTables data took   1.24ms
[2026.05.02-08.53.19:499][592]LogWorld: UWorld::CleanupWorld for World_0, bSessionEnded=true, bCleanupResources=true
[2026.05.02-08.53.19:519][592]LogDemo: Cleaned up 0 splitscreen connections with owner deletion
[2026.05.02-08.53.19:531][592]LogWorld: UWorld::CleanupWorld for None, bSessionEnded=true, bCleanupResources=true
[2026.05.02-08.53.19:532][592]LogExit: Editor shut down
[2026.05.02-08.53.19:536][592]LogExit: Transaction tracking system shut down
[2026.05.02-08.53.19:724][592]LogExit: Object subsystem successfully closed.
[2026.05.02-08.53.19:825][592]LogShaderCompilers: Display: === FShaderJobCache stats ===
[2026.05.02-08.53.19:825][592]LogShaderCompilers: Display: Total job queries 0, among them cache hits 0 (0.00%)
[2026.05.02-08.53.19:825][592]LogShaderCompilers: Display: Tracking 0 distinct input hashes that result in 0 distinct outputs (0.00%)
[2026.05.02-08.53.19:825][592]LogShaderCompilers: Display: RAM used: 0.00 MB (0.00 GB) of 819.20 MB (0.80 GB) budget. Usage: 0.00%
[2026.05.02-08.53.19:825][592]LogShaderCompilers: Display: ================================================
[2026.05.02-08.53.19:842][592]LogShaderCompilers: Display: Shaders left to compile 0
[2026.05.02-08.53.19:886][592]LogModuleManager: Shutting down and abandoning module MovieSceneCapture (876)
[2026.05.02-08.53.19:886][592]LogModuleManager: Shutting down and abandoning module Voice (874)
[2026.05.02-08.53.19:886][592]LogModuleManager: Shutting down and abandoning module HierarchicalLODOutliner (872)
[2026.05.02-08.53.19:887][592]LogModuleManager: Shutting down and abandoning module SceneOutliner (870)
[2026.05.02-08.53.19:887][592]LogModuleManager: Shutting down and abandoning module AddContentDialog (868)
[2026.05.02-08.53.19:887][592]LogModuleManager: Shutting down and abandoning module WidgetCarousel (867)
[2026.05.02-08.53.19:887][592]LogModuleManager: Shutting down and abandoning module EditorWidgets (864)
[2026.05.02-08.53.19:887][592]LogModuleManager: Shutting down and abandoning module StatsViewer (862)
[2026.05.02-08.53.19:887][592]LogModuleManager: Shutting down and abandoning module PIEPreviewDeviceProfileSelector (860)
[2026.05.02-08.53.19:887][592]LogModuleManager: Shutting down and abandoning module SequenceRecorderSections (858)
[2026.05.02-08.53.19:888][592]LogModuleManager: Shutting down and abandoning module AutomationWorker (856)
[2026.05.02-08.53.19:888][592]LogModuleManager: Shutting down and abandoning module SteamVREditor (854)
[2026.05.02-08.53.19:888][592]LogModuleManager: Shutting down and abandoning module OculusMR (852)
[2026.05.02-08.53.19:888][592]LogModuleManager: Shutting down and abandoning module TakeRecorderSources (850)
[2026.05.02-08.53.19:888][592]LogModuleManager: Shutting down and abandoning module TakeRecorder (849)
[2026.05.02-08.53.19:888][592]LogModuleManager: Shutting down and abandoning module TakeTrackRecorders (846)
[2026.05.02-08.53.19:888][592]LogModuleManager: Shutting down and abandoning module TakesCore (844)
[2026.05.02-08.53.19:888][592]LogModuleManager: Shutting down and abandoning module OpenXRInput (842)
[2026.05.02-08.53.19:888][592]LogModuleManager: Shutting down and abandoning module GooglePADEditor (840)
[2026.05.02-08.53.19:888][592]LogModuleManager: Shutting down and abandoning module AudioCaptureEditor (838)
[2026.05.02-08.53.19:890][592]LogModuleManager: Shutting down and abandoning module MediaPlayerEditor (836)
[2026.05.02-08.53.19:890][592]LogModuleManager: Shutting down and abandoning module TemplateSequenceEditor (834)
[2026.05.02-08.53.19:890][592]LogModuleManager: Shutting down and abandoning module WmfMediaFactory (832)
[2026.05.02-08.53.19:890][592]LogModuleManager: Shutting down and abandoning module WmfMediaEditor (830)
[2026.05.02-08.53.19:890][592]LogModuleManager: Shutting down and abandoning module WebMMediaFactory (828)
[2026.05.02-08.53.19:890][592]LogModuleManager: Shutting down and abandoning module WebMMediaEditor (826)
[2026.05.02-08.53.19:890][592]LogModuleManager: Shutting down and abandoning module WebMMedia (824)
[2026.05.02-08.53.19:890][592]LogModuleManager: Shutting down and abandoning module MediaCompositingEditor (822)
[2026.05.02-08.53.19:890][592]LogModuleManager: Shutting down and abandoning module SequenceRecorder (821)
[2026.05.02-08.53.19:890][592]LogModuleManager: Shutting down and abandoning module OpenExrWrapper (818)
[2026.05.02-08.53.19:890][592]LogModuleManager: Shutting down and abandoning module ImgMediaFactory (816)
[2026.05.02-08.53.19:891][592]LogModuleManager: Shutting down and abandoning module ImgMediaEditor (814)
[2026.05.02-08.53.19:891][592]LogModuleManager: Shutting down and abandoning module MatineeToLevelSequence (812)
[2026.05.02-08.53.19:891][592]LogModuleManager: Shutting down and abandoning module AvfMediaFactory (810)
[2026.05.02-08.53.19:891][592]LogModuleManager: Shutting down and abandoning module AvfMediaEditor (808)
[2026.05.02-08.53.19:891][592]LogModuleManager: Shutting down and abandoning module AndroidMediaFactory (806)
[2026.05.02-08.53.19:891][592]LogModuleManager: Shutting down and abandoning module AndroidMediaEditor (804)
[2026.05.02-08.53.19:891][592]LogModuleManager: Shutting down and abandoning module ActorSequenceEditor (802)
[2026.05.02-08.53.19:891][592]LogModuleManager: Shutting down and abandoning module LevelSequenceEditor (800)
[2026.05.02-08.53.19:891][592]LogModuleManager: Shutting down and abandoning module MagicLeapMediaCodecFactory (798)
[2026.05.02-08.53.19:891][592]LogModuleManager: Shutting down and abandoning module MagicLeapMediaFactory (796)
[2026.05.02-08.53.19:891][592]LogModuleManager: Shutting down and abandoning module MagicLeapMediaEditor (794)
[2026.05.02-08.53.19:891][592]LogModuleManager: Shutting down and abandoning module PlanarCut (792)
[2026.05.02-08.53.19:893][592]LogModuleManager: Shutting down and abandoning module TextureAlignMode (790)
[2026.05.02-08.53.19:893][592]LogModuleManager: Shutting down and abandoning module BspMode (788)
[2026.05.02-08.53.19:893][592]LogModuleManager: Shutting down and abandoning module GeometryMode (786)
[2026.05.02-08.53.19:893][592]LogModuleManager: Shutting down and abandoning module CharacterAI (784)
[2026.05.02-08.53.19:893][592]LogModuleManager: Shutting down and abandoning module CameraShakePreviewer (782)
[2026.05.02-08.53.19:893][592]LogModuleManager: Shutting down and abandoning module SmartSnapping (780)
[2026.05.02-08.53.19:893][592]LogModuleManager: Shutting down and abandoning module SessionServices (778)
[2026.05.02-08.53.19:893][592]LogModuleManager: Shutting down and abandoning module MeshPaint (776)
[2026.05.02-08.53.19:893][592]LogModuleManager: Shutting down and abandoning module VirtualTexturingEditor (774)
[2026.05.02-08.53.19:893][592]LogModuleManager: Shutting down and abandoning module FoliageEdit (772)
[2026.05.02-08.53.19:893][592]LogModuleManager: Shutting down and abandoning module LandscapeEditor (770)
[2026.05.02-08.53.19:894][592]LogModuleManager: Shutting down and abandoning module MeshPaintMode (768)
[2026.05.02-08.53.19:894][592]LogModuleManager: Shutting down and abandoning module SceneDepthPickerMode (766)
[2026.05.02-08.53.19:894][592]LogModuleManager: Shutting down and abandoning module ActorPickerMode (764)
[2026.05.02-08.53.19:894][592]LogModuleManager: Shutting down and abandoning module PlacementMode (762)
[2026.05.02-08.53.19:894][592]LogModuleManager: Shutting down and abandoning module ViewportSnapping (760)
[2026.05.02-08.53.19:894][592]LogModuleManager: Shutting down and abandoning module ViewportInteraction (758)
[2026.05.02-08.53.19:894][592]LogModuleManager: Shutting down and abandoning module ClothPainter (756)
[2026.05.02-08.53.19:894][592]LogModuleManager: Shutting down and abandoning module SkeletalMeshEditor (755)
[2026.05.02-08.53.19:894][592]LogModuleManager: Shutting down and abandoning module LogVisualizer (752)
[2026.05.02-08.53.19:894][592]LogModuleManager: Shutting down and abandoning module IntroTutorials (750)
[2026.05.02-08.53.19:896][592]LogModuleManager: Shutting down and abandoning module GameProjectGeneration (749)
[2026.05.02-08.53.19:896][592]LogModuleManager: Shutting down and abandoning module LuminPlatformEditor (746)
[2026.05.02-08.53.19:896][592]LogModuleManager: Shutting down and abandoning module IOSPlatformEditor (744)
[2026.05.02-08.53.19:896][592]LogModuleManager: Shutting down and abandoning module AndroidPlatformEditor (742)
[2026.05.02-08.53.19:896][592]LogModuleManager: Shutting down and abandoning module AndroidDeviceDetection (741)
[2026.05.02-08.53.20:900][592]LogModuleManager: Shutting down and abandoning module WindowsPlatformEditor (738)
[2026.05.02-08.53.20:901][592]LogModuleManager: Shutting down and abandoning module LuminRuntimeSettings (736)
[2026.05.02-08.53.20:901][592]LogModuleManager: Shutting down and abandoning module IOSRuntimeSettings (734)
[2026.05.02-08.53.20:901][592]LogModuleManager: Shutting down and abandoning module AndroidRuntimeSettings (732)
[2026.05.02-08.53.20:901][592]LogModuleManager: Shutting down and abandoning module TraceInsights (730)
[2026.05.02-08.53.20:901][592]MemoryProfiler: Shutdown
[2026.05.02-08.53.20:903][592]NetworkingProfiler: Shutdown
[2026.05.02-08.53.20:903][592]LoadingProfiler: Shutdown
[2026.05.02-08.53.20:903][592]TimingProfiler: Shutdown
[2026.05.02-08.53.20:904][592]LogModuleManager: Shutting down and abandoning module TraceServices (729)
[2026.05.02-08.53.20:904][592]LogModuleManager: Shutting down and abandoning module EditorInteractiveToolsFramework (726)
[2026.05.02-08.53.20:904][592]LogModuleManager: Shutting down and abandoning module TimeManagementEditor (724)
[2026.05.02-08.53.20:904][592]LogModuleManager: Shutting down and abandoning module InputBindingEditor (722)
[2026.05.02-08.53.20:904][592]LogModuleManager: Shutting down and abandoning module MergeActors (720)
[2026.05.02-08.53.20:904][592]LogModuleManager: Shutting down and abandoning module LocalizationDashboard (718)
[2026.05.02-08.53.20:904][592]LogModuleManager: Shutting down and abandoning module LocalizationService (717)
[2026.05.02-08.53.20:904][592]LogModuleManager: Shutting down and abandoning module HardwareTargeting (714)
[2026.05.02-08.53.20:906][592]LogModuleManager: Shutting down and abandoning module DeviceProfileEditor (712)
[2026.05.02-08.53.20:906][592]LogModuleManager: Shutting down and abandoning module UndoHistory (710)
[2026.05.02-08.53.20:906][592]LogModuleManager: Shutting down and abandoning module XmlParser (708)
[2026.05.02-08.53.20:906][592]LogModuleManager: Shutting down and abandoning module Blutility (706)
[2026.05.02-08.53.20:906][592]LogModuleManager: Shutting down and abandoning module ProjectSettingsViewer (704)
[2026.05.02-08.53.20:906][592]LogModuleManager: Shutting down and abandoning module ProjectTargetPlatformEditor (703)
[2026.05.02-08.53.20:906][592]LogModuleManager: Shutting down and abandoning module EditorSettingsViewer (700)
[2026.05.02-08.53.20:906][592]LogModuleManager: Shutting down and abandoning module InternationalizationSettings (699)
[2026.05.02-08.53.20:907][592]LogModuleManager: Shutting down and abandoning module SettingsEditor (696)
[2026.05.02-08.53.20:907][592]LogModuleManager: Shutting down and abandoning module ProjectLauncher (694)
[2026.05.02-08.53.20:907][592]LogModuleManager: Shutting down and abandoning module SessionFrontend (692)
[2026.05.02-08.53.20:907][592]LogModuleManager: Shutting down and abandoning module ProfilerClient (690)
[2026.05.02-08.53.20:907][592]LogModuleManager: Shutting down and abandoning module DeviceManager (688)
[2026.05.02-08.53.20:907][592]LogModuleManager: Shutting down and abandoning module TargetDeviceServices (687)
[2026.05.02-08.53.20:940][592]LogModuleManager: Shutting down and abandoning module AutomationController (684)
[2026.05.02-08.53.20:940][592]LogModuleManager: Shutting down and abandoning module AutomationWindow (682)
[2026.05.02-08.53.20:940][592]LogModuleManager: Shutting down and abandoning module Layers (680)
[2026.05.02-08.53.20:940][592]LogModuleManager: Shutting down and abandoning module ComponentVisualizers (678)
[2026.05.02-08.53.20:940][592]LogModuleManager: Shutting down and abandoning module DetailCustomizations (676)
[2026.05.02-08.53.20:940][592]LogModuleManager: Shutting down and abandoning module PackagesDialog (674)
[2026.05.02-08.53.20:941][592]LogModuleManager: Shutting down and abandoning module AnimationBlueprintEditor (672)
[2026.05.02-08.53.20:941][592]LogModuleManager: Shutting down and abandoning module Persona (670)
[2026.05.02-08.53.20:941][592]LogModuleManager: Shutting down and abandoning module AdvancedPreviewScene (669)
[2026.05.02-08.53.20:941][592]LogModuleManager: Shutting down and abandoning module AnimGraph (667)
[2026.05.02-08.53.20:941][592]LogModuleManager: Shutting down and abandoning module Kismet (664)
[2026.05.02-08.53.20:942][592]LogModuleManager: Shutting down and abandoning module KismetWidgets (663)
[2026.05.02-08.53.20:942][592]LogModuleManager: Shutting down and abandoning module GraphEditor (660)
[2026.05.02-08.53.20:942][592]LogModuleManager: Shutting down and abandoning module StructViewer (658)
[2026.05.02-08.53.20:942][592]LogModuleManager: Shutting down and abandoning module ClassViewer (656)
[2026.05.02-08.53.20:942][592]LogModuleManager: Shutting down and abandoning module Toolbox (654)
[2026.05.02-08.53.20:942][592]LogModuleManager: Shutting down and abandoning module ModuleUI (652)
[2026.05.02-08.53.20:942][592]LogModuleManager: Shutting down and abandoning module OutputLog (650)
[2026.05.02-08.53.20:942][592]LogModuleManager: Shutting down and abandoning module GammaUI (648)
[2026.05.02-08.53.20:944][592]LogModuleManager: Shutting down and abandoning module Documentation (646)
[2026.05.02-08.53.20:944][592]LogModuleManager: Shutting down and abandoning module LiveCoding (644)
[2026.05.02-08.53.20:944][592]LogModuleManager: Shutting down and abandoning module LevelSequence (642)
[2026.05.02-08.53.20:944][592]LogModuleManager: Shutting down and abandoning module MovieSceneTracks (640)
[2026.05.02-08.53.20:944][592]LogModuleManager: Shutting down and abandoning module MovieScene (638)
[2026.05.02-08.53.20:945][592]LogModuleManager: Shutting down and abandoning module StreamingPauseRendering (636)
[2026.05.02-08.53.20:945][592]LogModuleManager: Shutting down and abandoning module LauncherPlatform (634)
[2026.05.02-08.53.20:945][592]LogModuleManager: Shutting down and abandoning module AnalyticsET (632)
[2026.05.02-08.53.20:945][592]LogModuleManager: Shutting down and abandoning module PortalServices (630)
[2026.05.02-08.53.20:945][592]LogModuleManager: Shutting down and abandoning module PortalRpc (628)
[2026.05.02-08.53.20:945][592]LogModuleManager: Shutting down and abandoning module MessagingRpc (626)
[2026.05.02-08.53.20:945][592]LogModuleManager: Shutting down and abandoning module AudioMixerXAudio2 (624)
[2026.05.02-08.53.20:945][592]LogModuleManager: Shutting down and abandoning module AudioMixerCore (623)
[2026.05.02-08.53.20:945][592]LogModuleManager: Shutting down and abandoning module AIModule (620)
[2026.05.02-08.53.20:945][592]LogModuleManager: Shutting down and abandoning module GameplayDebugger (619)
[2026.05.02-08.53.20:946][592]LogModuleManager: Shutting down and abandoning module AITestSuite (617)
[2026.05.02-08.53.20:946][592]LogModuleManager: Shutting down and abandoning module NavigationSystem (615)
[2026.05.02-08.53.20:946][592]LogModuleManager: Shutting down and abandoning module ImageWriteQueue (612)
[2026.05.02-08.53.20:966][592]LogModuleManager: Shutting down and abandoning module ProfilerService (610)
[2026.05.02-08.53.20:991][592]LogModuleManager: Shutting down and abandoning module TaskGraph (608)
[2026.05.02-08.53.20:991][592]LogModuleManager: Shutting down and abandoning module AudioSynesthesiaEditor (606)
[2026.05.02-08.53.20:991][592]LogModuleManager: Shutting down and abandoning module OculusEditor (604)
[2026.05.02-08.53.20:992][592]LogModuleManager: Shutting down and abandoning module OculusInput (602)
[2026.05.02-08.53.20:992][592]LogModuleManager: Shutting down and abandoning module ContentBrowserFileDataSource (600)
[2026.05.02-08.53.20:992][592]LogModuleManager: Shutting down and abandoning module ContentBrowserClassDataSource (598)
[2026.05.02-08.53.20:992][592]LogModuleManager: Shutting down and abandoning module ContentBrowserAssetDataSource (596)
[2026.05.02-08.53.20:992][592]LogModuleManager: Shutting down and abandoning module CollectionManager (595)
[2026.05.02-08.53.20:994][592]LogModuleManager: Shutting down and abandoning module TakeSequencer (592)
[2026.05.02-08.53.20:994][592]LogModuleManager: Shutting down and abandoning module TakeMovieScene (590)
[2026.05.02-08.53.20:994][592]LogModuleManager: Shutting down and abandoning module ScreenshotTools (588)
[2026.05.02-08.53.20:995][592]LogModuleManager: Shutting down and abandoning module SynthesisEditor (586)
[2026.05.02-08.53.20:995][592]LogModuleManager: Shutting down and abandoning module Synthesis (584)
[2026.05.02-08.53.20:995][592]LogModuleManager: Shutting down and abandoning module ProceduralMeshComponentEditor (582)
[2026.05.02-08.53.20:995][592]LogModuleManager: Shutting down and abandoning module ProceduralMeshComponent (580)
[2026.05.02-08.53.20:995][592]LogModuleManager: Shutting down and abandoning module EditableMesh (578)
[2026.05.02-08.53.20:996][592]LogModuleManager: Shutting down and abandoning module OpenXREditor (576)
[2026.05.02-08.53.20:996][592]LogModuleManager: Shutting down and abandoning module MobilePatchingUtils (574)
[2026.05.02-08.53.20:996][592]LogModuleManager: Shutting down and abandoning module GooglePAD (572)
[2026.05.02-08.53.20:996][592]LogModuleManager: Shutting down and abandoning module CustomMeshComponent (570)
[2026.05.02-08.53.20:996][592]LogModuleManager: Shutting down and abandoning module CableComponent (568)
[2026.05.02-08.53.20:996][592]LogModuleManager: Shutting down and abandoning module AudioCapture (566)
[2026.05.02-08.53.20:997][592]LogModuleManager: Shutting down and abandoning module AudioCaptureRtAudio (565)
[2026.05.02-08.53.20:997][592]LogModuleManager: Shutting down and abandoning module AssetTags (562)
[2026.05.02-08.53.20:997][592]LogModuleManager: Shutting down and abandoning module ArchVisCharacter (560)
[2026.05.02-08.53.20:997][592]LogModuleManager: Shutting down and abandoning module AppleImageUtilsBlueprintSupport (558)
[2026.05.02-08.53.20:997][592]LogModuleManager: Shutting down and abandoning module AppleImageUtils (556)
[2026.05.02-08.53.20:998][592]LogModuleManager: Shutting down and abandoning module AndroidPermission (554)
[2026.05.02-08.53.20:998][592]LogModuleManager: Shutting down and abandoning module ActorLayerUtilitiesEditor (552)
[2026.05.02-08.53.20:998][592]LogModuleManager: Shutting down and abandoning module ActorLayerUtilities (550)
[2026.05.02-08.53.20:999][592]LogModuleManager: Shutting down and abandoning module TemplateSequence (548)
[2026.05.02-08.53.20:999][592]LogModuleManager: Shutting down and abandoning module MediaCompositing (546)
[2026.05.02-08.53.20:999][592]LogModuleManager: Shutting down and abandoning module ImgMedia (544)
[2026.05.02-08.53.20:999][592]LogModuleManager: Shutting down and abandoning module MagicLeapSharedWorld (542)
[2026.05.02-08.53.20:999][592]LogModuleManager: Shutting down and abandoning module MeshConversion (540)
[2026.05.02-08.53.20:999][592]LogModuleManager: Shutting down and abandoning module DynamicMesh (538)
[2026.05.02-08.53.20:999][592]LogModuleManager: Shutting down and abandoning module GeometryAlgorithms (536)
[2026.05.02-08.53.20:999][592]LogModuleManager: Shutting down and abandoning module GeometricObjects (534)
[2026.05.02-08.53.20:999][592]LogModuleManager: Shutting down and abandoning module MagicLeapLightEstimation (532)
[2026.05.02-08.53.20:999][592]LogModuleManager: Shutting down and abandoning module MagicLeapHelperVulkan (530)
[2026.05.02-08.53.21:000][592]LogModuleManager: Shutting down and abandoning module MagicLeapHelperOpenGL (528)
[2026.05.02-08.53.21:000][592]LogModuleManager: Shutting down and abandoning module MagicLeapAudio (526)
[2026.05.02-08.53.21:000][592]LogModuleManager: Shutting down and abandoning module MotoSynthEditor (524)
[2026.05.02-08.53.21:000][592]LogModuleManager: Shutting down and abandoning module MotoSynth (522)
[2026.05.02-08.53.21:000][592]LogModuleManager: Shutting down and abandoning module OpenImageDenoise (520)
[2026.05.02-08.53.21:000][592]LogOpenImageDenoise: OIDN shutting down
[2026.05.02-08.53.21:000][592]LogModuleManager: Shutting down and abandoning module BackChannel (518)
[2026.05.02-08.53.21:000][592]LogModuleManager: Shutting down and abandoning module PluginBrowser (516)
[2026.05.02-08.53.21:000][592]LogModuleManager: Shutting down and abandoning module GeometryCollectionTracks (514)
[2026.05.02-08.53.21:000][592]LogModuleManager: Shutting down and abandoning module GeometryCollectionSequencer (513)
[2026.05.02-08.53.21:001][592]LogModuleManager: Shutting down and abandoning module GeometryCollectionEditor (510)
[2026.05.02-08.53.21:001][592]LogModuleManager: Shutting down and abandoning module GeometryCacheTracks (508)
[2026.05.02-08.53.21:001][592]LogModuleManager: Shutting down and abandoning module GeometryCacheStreamer (506)
[2026.05.02-08.53.21:001][592]LogModuleManager: Shutting down and abandoning module GeometryCacheSequencer (504)
[2026.05.02-08.53.21:001][592]LogModuleManager: Shutting down and abandoning module ChaosSolverEditor (502)
[2026.05.02-08.53.21:001][592]LogModuleManager: Shutting down and abandoning module FractureEditor (500)
[2026.05.02-08.53.21:001][592]LogModuleManager: Shutting down and abandoning module ChaosNiagara (498)
[2026.05.02-08.53.21:001][592]LogModuleManager: Shutting down and abandoning module FieldSystemEngine (497)
[2026.05.02-08.53.21:001][592]LogModuleManager: Shutting down and abandoning module ChaosClothEditor (494)
[2026.05.02-08.53.21:001][592]LogModuleManager: Shutting down and abandoning module AutomationUtilsEditor (492)
[2026.05.02-08.53.21:001][592]LogModuleManager: Shutting down and abandoning module AutomationUtils (490)
[2026.05.02-08.53.21:001][592]LogModuleManager: Shutting down and abandoning module AlembicImporter (488)
[2026.05.02-08.53.21:002][592]LogModuleManager: Shutting down and abandoning module AlembicLibrary (487)
[2026.05.02-08.53.21:002][592]LogModuleManager: Shutting down and abandoning module GeometryCache (486)
[2026.05.02-08.53.21:002][592]LogModuleManager: Shutting down and abandoning module GeometryCacheEd (485)
[2026.05.02-08.53.21:002][592]LogModuleManager: Shutting down and abandoning module NiagaraEditorWidgets (480)
[2026.05.02-08.53.21:002][592]LogModuleManager: Shutting down and abandoning module SpeedTreeImporter (478)
[2026.05.02-08.53.21:002][592]LogModuleManager: Shutting down and abandoning module VisualStudioSourceCodeAccess (476)
[2026.05.02-08.53.21:002][592]LogModuleManager: Shutting down and abandoning module MobileLauncherProfileWizard (474)
[2026.05.02-08.53.21:002][592]LogModuleManager: Shutting down and abandoning module MaterialAnalyzer (472)
[2026.05.02-08.53.21:002][592]LogModuleManager: Shutting down and abandoning module CurveEditorTools (470)
[2026.05.02-08.53.21:004][592]LogModuleManager: Shutting down and abandoning module CryptoKeysOpenSSL (468)
[2026.05.02-08.53.21:004][592]LogModuleManager: Shutting down and abandoning module CryptoKeys (466)
[2026.05.02-08.53.21:004][592]LogModuleManager: Shutting down and abandoning module RiderSourceCodeAccess (464)
[2026.05.02-08.53.21:004][592]LogModuleManager: Shutting down and abandoning module PerforceSourceControl (462)
[2026.05.02-08.53.21:004][592]LogModuleManager: Shutting down and abandoning module VisualStudioCodeSourceCodeAccess (460)
[2026.05.02-08.53.21:004][592]LogModuleManager: Shutting down and abandoning module UObjectPlugin (458)
[2026.05.02-08.53.21:004][592]LogModuleManager: Shutting down and abandoning module SubversionSourceControl (456)
[2026.05.02-08.53.21:004][592]LogModuleManager: Shutting down and abandoning module PluginUtils (454)
[2026.05.02-08.53.21:005][592]LogModuleManager: Shutting down and abandoning module OodleNetworkHandlerComponent (452)
[2026.05.02-08.53.21:005][592]LogModuleManager: Shutting down and abandoning module PlasticSourceControl (450)
[2026.05.02-08.53.21:005][592]LogModuleManager: Shutting down and abandoning module GitSourceControl (448)
[2026.05.02-08.53.21:005][592]LogModuleManager: Shutting down and abandoning module SourceControl (447)
[2026.05.02-08.53.21:005][592]LogModuleManager: Shutting down and abandoning module CLionSourceCodeAccess (444)
[2026.05.02-08.53.21:005][592]LogModuleManager: Shutting down and abandoning module AnimationSharingEd (442)
[2026.05.02-08.53.21:005][592]LogModuleManager: Shutting down and abandoning module VariantManagerContentEditor (440)
[2026.05.02-08.53.21:005][592]LogModuleManager: Shutting down and abandoning module DatasmithContentEditor (438)
[2026.05.02-08.53.21:005][592]LogModuleManager: Shutting down and abandoning module LightPropagationVolumeEditor (436)
[2026.05.02-08.53.21:005][592]LogModuleManager: Shutting down and abandoning module LiveLinkSequencer (434)
[2026.05.02-08.53.21:007][592]LogModuleManager: Shutting down and abandoning module LiveLinkMovieScene (432)
[2026.05.02-08.53.21:007][592]LogModuleManager: Shutting down and abandoning module LiveLinkGraphNode (430)
[2026.05.02-08.53.21:007][592]LogModuleManager: Shutting down and abandoning module LiveLinkEditor (428)
[2026.05.02-08.53.21:007][592]LogModuleManager: Shutting down and abandoning module LiveLinkComponents (426)
[2026.05.02-08.53.21:007][592]LogModuleManager: Shutting down and abandoning module LiveLink (424)
[2026.05.02-08.53.21:616][592]LogModuleManager: Shutting down and abandoning module PaperTiledImporter (422)
[2026.05.02-08.53.21:617][592]LogModuleManager: Shutting down and abandoning module PaperSpriteSheetImporter (420)
[2026.05.02-08.53.21:617][592]LogModuleManager: Shutting down and abandoning module Paper2DEditor (418)
[2026.05.02-08.53.21:617][592]LogModuleManager: Shutting down and abandoning module MeshPaintingToolset (416)
[2026.05.02-08.53.21:617][592]LogModuleManager: Shutting down and abandoning module MeshPaintEditorMode (414)
[2026.05.02-08.53.21:617][592]LogModuleManager: Shutting down and abandoning module Snake (412)
[2026.05.02-08.53.21:618][592]LogModuleManager: Shutting down and abandoning module RuntimePhysXCooking (410)
[2026.05.02-08.53.21:618][592]LogModuleManager: Shutting down and abandoning module SoundFields (408)
[2026.05.02-08.53.21:618][592]LogModuleManager: Shutting down and abandoning module SignificanceManager (406)
[2026.05.02-08.53.21:618][592]LogModuleManager: Shutting down and abandoning module PropertyAccessEditor (404)
[2026.05.02-08.53.21:618][592]LogModuleManager: Shutting down and abandoning module PhysXVehiclesEditor (402)
[2026.05.02-08.53.21:618][592]LogModuleManager: Shutting down and abandoning module LocationServicesBPLibrary (398)
[2026.05.02-08.53.21:618][592]LogModuleManager: Shutting down and abandoning module AudioSynesthesia (396)
[2026.05.02-08.53.21:620][592]LogModuleManager: Shutting down and abandoning module AudioSynesthesiaCore (394)
[2026.05.02-08.53.21:620][592]LogModuleManager: Shutting down and abandoning module ImgMediaEngine (392)
[2026.05.02-08.53.21:620][592]LogModuleManager: Shutting down and abandoning module ActorSequence (390)
[2026.05.02-08.53.21:620][592]LogModuleManager: Shutting down and abandoning module TcpMessaging (388)
[2026.05.02-08.53.21:721][592]LogModuleManager: Shutting down and abandoning module UdpMessaging (386)
[2026.05.02-08.53.21:822][592]LogModuleManager: Shutting down and abandoning module MagicLeapARPin (384)
[2026.05.02-08.53.21:822][592]LogModuleManager: Shutting down and abandoning module MagicLeapHandMeshing (382)
[2026.05.02-08.53.21:822][592]LogModuleManager: Shutting down and abandoning module MagicLeapSecureStorage (380)
[2026.05.02-08.53.21:822][592]LogModuleManager: Shutting down and abandoning module MagicLeapPrivileges (378)
[2026.05.02-08.53.21:822][592]LogModuleManager: Shutting down and abandoning module MagicLeapPlanes (376)
[2026.05.02-08.53.21:822][592]LogMagicLeapPlanes: Planes tracker already destroyed.
[2026.05.02-08.53.21:824][592]LogModuleManager: Shutting down and abandoning module MagicLeapImageTracker (374)
[2026.05.02-08.53.21:824][592]LogModuleManager: Shutting down and abandoning module MagicLeapIdentity (372)
[2026.05.02-08.53.21:824][592]LogModuleManager: Shutting down and abandoning module MagicLeapHandTracking (370)
[2026.05.02-08.53.21:824][592]LogModuleManager: Shutting down and abandoning module MagicLeapEyeTracker (368)
[2026.05.02-08.53.21:824][592]LogModuleManager: Shutting down and abandoning module MagicLeapController (366)
[2026.05.02-08.53.21:825][592]LogModuleManager: Shutting down and abandoning module MagicLeapARPinImpl (364)
[2026.05.02-08.53.21:825][592]LogModuleManager: Shutting down and abandoning module MagicLeapAR (362)
[2026.05.02-08.53.21:825][592]LogModuleManager: Shutting down and abandoning module PythonScriptPlugin (360)
[2026.05.02-08.53.21:825][592]LogModuleManager: Shutting down and abandoning module NiagaraAnimNotifies (358)
[2026.05.02-08.53.21:825][592]LogModuleManager: Shutting down and abandoning module Niagara (356)
[2026.05.02-08.53.21:825][592]LogModuleManager: Shutting down and abandoning module SignalProcessing (355)
[2026.05.02-08.53.21:825][592]LogModuleManager: Shutting down and abandoning module NiagaraEditor (353)
[2026.05.02-08.53.21:826][592]LogModuleManager: Shutting down and abandoning module NiagaraCore (350)
[2026.05.02-08.53.21:826][592]LogModuleManager: Shutting down and abandoning module FacialAnimationEditor (348)
[2026.05.02-08.53.21:826][592]LogModuleManager: Shutting down and abandoning module FacialAnimation (346)
[2026.05.02-08.53.21:826][592]LogModuleManager: Shutting down and abandoning module GameplayTagsEditor (344)
[2026.05.02-08.53.21:826][592]LogModuleManager: Shutting down and abandoning module DataValidation (342)
[2026.05.02-08.53.21:826][592]LogModuleManager: Shutting down and abandoning module AssetManagerEditor (340)
[2026.05.02-08.53.21:826][592]LogModuleManager: Shutting down and abandoning module LevelEditor (339)
[2026.05.02-08.53.21:828][592]LogModuleManager: Shutting down and abandoning module PixelInspectorModule (338)
[2026.05.02-08.53.21:828][592]LogModuleManager: Shutting down and abandoning module CommonMenuExtensions (336)
[2026.05.02-08.53.21:828][592]LogModuleManager: Shutting down and abandoning module MainFrame (334)
[2026.05.02-08.53.21:828][592]LogModuleManager: Shutting down and abandoning module HotReload (333)
[2026.05.02-08.53.21:829][592]LogModuleManager: Shutting down and abandoning module ToolMenus (329)
[2026.05.02-08.53.21:829][592]LogModuleManager: Shutting down and abandoning module ContentBrowser (327)
[2026.05.02-08.53.21:829][592]LogModuleManager: Shutting down and abandoning module ContentBrowserData (326)
[2026.05.02-08.53.21:829][592]LogModuleManager: Shutting down and abandoning module TreeMap (323)
[2026.05.02-08.53.21:829][592]LogModuleManager: Shutting down and abandoning module PropertyAccessNode (320)
[2026.05.02-08.53.21:830][592]LogModuleManager: Shutting down and abandoning module AnimationSharing (318)
[2026.05.02-08.53.21:830][592]LogModuleManager: Shutting down and abandoning module LightPropagationVolumeRuntime (316)
[2026.05.02-08.53.21:830][592]LogModuleManager: Shutting down and abandoning module GameplayCameras (314)
[2026.05.02-08.53.21:830][592]LogModuleManager: Shutting down and abandoning module EnvironmentQueryEditor (312)
[2026.05.02-08.53.21:830][592]LogModuleManager: Shutting down and abandoning module Paper2D (310)
[2026.05.02-08.53.21:830][592]LogModuleManager: Shutting down and abandoning module WindowsMoviePlayer (308)
[2026.05.02-08.53.21:830][592]LogModuleManager: Shutting down and abandoning module WebMMoviePlayer (306)
[2026.05.02-08.53.21:830][592]LogModuleManager: Shutting down and abandoning module NetworkReplayStreaming (304)
[2026.05.02-08.53.21:831][592]LogModuleManager: Shutting down and abandoning module PacketHandler (302)
[2026.05.02-08.53.21:831][592]LogModuleManager: Shutting down and abandoning module ClothingSystemEditor (300)
[2026.05.02-08.53.21:831][592]LogModuleManager: Shutting down and abandoning module ClothingSystemRuntimeNv (298)
[2026.05.02-08.53.21:831][592]LogModuleManager: Shutting down and abandoning module MediaAssets (296)
[2026.05.02-08.53.21:831][592]LogModuleManager: Shutting down and abandoning module Overlay (294)
[2026.05.02-08.53.21:831][592]LogModuleManager: Shutting down and abandoning module OverlayEditor (293)
[2026.05.02-08.53.21:831][592]LogModuleManager: Shutting down and abandoning module VREditor (290)
[2026.05.02-08.53.21:831][592]LogModuleManager: Shutting down and abandoning module StringTableEditor (288)
[2026.05.02-08.53.21:831][592]LogModuleManager: Shutting down and abandoning module GameplayTasksEditor (286)
[2026.05.02-08.53.21:831][592]LogModuleManager: Shutting down and abandoning module BehaviorTreeEditor (284)
[2026.05.02-08.53.21:831][592]LogModuleManager: Shutting down and abandoning module FunctionalTesting (282)
[2026.05.02-08.53.21:832][592]LogModuleManager: Shutting down and abandoning module CollisionAnalyzer (280)
[2026.05.02-08.53.21:832][592]LogModuleManager: Shutting down and abandoning module WorkspaceMenuStructure (279)
[2026.05.02-08.53.21:832][592]LogModuleManager: Shutting down and abandoning module UMG (276)
[2026.05.02-08.53.21:832][592]LogModuleManager: Shutting down and abandoning module UMGEditor (275)
[2026.05.02-08.53.21:832][592]LogModuleManager: Shutting down and abandoning module MessageLog (273)
[2026.05.02-08.53.21:832][592]LogModuleManager: Shutting down and abandoning module SlateReflector (268)
[2026.05.02-08.53.21:832][592]LogModuleManager: Shutting down and abandoning module Slate (266)
[2026.05.02-08.53.21:832][592]LogModuleManager: Shutting down and abandoning module SlateCore (264)
[2026.05.02-08.53.21:834][592]LogModuleManager: Shutting down and abandoning module LandscapeEditorUtilities (262)
[2026.05.02-08.53.21:834][592]LogModuleManager: Shutting down and abandoning module UnrealEd (260)
[2026.05.02-08.53.21:834][592]LogModuleManager: Shutting down and abandoning module MRMesh (258)
[2026.05.02-08.53.21:835][592]LogModuleManager: Shutting down and abandoning module SourceCodeAccess (256)
[2026.05.02-08.53.21:835][592]LogModuleManager: Shutting down and abandoning module HeadMountedDisplay (254)
[2026.05.02-08.53.21:835][592]LogModuleManager: Shutting down and abandoning module XAudio2 (252)
[2026.05.02-08.53.21:835][592]LogModuleManager: Shutting down and abandoning module Networking (250)
[2026.05.02-08.53.21:835][592]LogModuleManager: Shutting down and abandoning module Core (248)
[2026.05.02-08.53.21:835][592]LogModuleManager: Shutting down and abandoning module MaterialEditor (246)
[2026.05.02-08.53.21:835][592]LogModuleManager: Shutting down and abandoning module MovieSceneTools (244)
[2026.05.02-08.53.21:836][592]LogModuleManager: Shutting down and abandoning module CurveEditor (243)
[2026.05.02-08.53.21:836][592]LogModuleManager: Shutting down and abandoning module Sequencer (241)
[2026.05.02-08.53.21:836][592]LogModuleManager: Shutting down and abandoning module EditorStyle (240)
[2026.05.02-08.53.21:838][592]LogModuleManager: Shutting down and abandoning module KismetCompiler (236)
[2026.05.02-08.53.21:838][592]LogModuleManager: Shutting down and abandoning module MeshBuilder (234)
[2026.05.02-08.53.21:838][592]LogModuleManager: Shutting down and abandoning module MeshUtilities (232)
[2026.05.02-08.53.21:838][592]LogModuleManager: Shutting down and abandoning module MeshMergeUtilities (231)
[2026.05.02-08.53.21:838][592]LogModuleManager: Shutting down and abandoning module MeshReductionInterface (230)
[2026.05.02-08.53.21:839][592]LogModuleManager: Shutting down and abandoning module MeshBoneReduction (229)
[2026.05.02-08.53.21:839][592]LogModuleManager: Shutting down and abandoning module SkeletalMeshReduction (227)
[2026.05.02-08.53.21:839][592]LogModuleManager: Shutting down and abandoning module ProxyLODMeshReduction (225)
[2026.05.02-08.53.21:839][592]LogModuleManager: Shutting down and abandoning module QuadricMeshReduction (223)
[2026.05.02-08.53.21:839][592]LogModuleManager: Shutting down and abandoning module MaterialBaking (219)
[2026.05.02-08.53.21:839][592]LogModuleManager: Shutting down and abandoning module NullInstallBundleManager (214)
[2026.05.02-08.53.21:839][592]LogModuleManager: Shutting down and abandoning module DerivedDataCache (212)
[2026.05.02-08.53.21:839][592]LogModuleManager: Shutting down and abandoning module TargetPlatform (210)
[2026.05.02-08.53.21:839][592]LogModuleManager: Shutting down and abandoning module VulkanShaderFormat (209)
[2026.05.02-08.53.21:841][592]LogModuleManager: Shutting down and abandoning module ShaderFormatVectorVM (207)
[2026.05.02-08.53.21:841][592]LogModuleManager: Shutting down and abandoning module ShaderFormatOpenGL (205)
[2026.05.02-08.53.21:841][592]LogModuleManager: Shutting down and abandoning module ShaderFormatD3D (203)
[2026.05.02-08.53.21:841][592]LogModuleManager: Shutting down and abandoning module MetalShaderFormat (201)
[2026.05.02-08.53.21:841][592]LogModuleManager: Shutting down and abandoning module TextureFormatOodle (199)
[2026.05.02-08.53.21:841][592]LogModuleManager: Shutting down and abandoning module TextureFormatUncompressed (197)
[2026.05.02-08.53.21:841][592]LogModuleManager: Shutting down and abandoning module TextureFormatPVR (195)
[2026.05.02-08.53.21:841][592]LogModuleManager: Shutting down and abandoning module TextureFormatETC2 (193)
[2026.05.02-08.53.21:841][592]LogModuleManager: Shutting down and abandoning module TextureFormatDXT (191)
[2026.05.02-08.53.21:841][592]LogModuleManager: Shutting down and abandoning module TextureFormatIntelISPCTexComp (189)
[2026.05.02-08.53.21:843][592]LogModuleManager: Shutting down and abandoning module TextureFormatASTC (187)
[2026.05.02-08.53.21:843][592]LogModuleManager: Shutting down and abandoning module ImageWrapper (186)
[2026.05.02-08.53.21:843][592]LogModuleManager: Shutting down and abandoning module AudioFormatOpus (183)
[2026.05.02-08.53.21:843][592]LogModuleManager: Shutting down and abandoning module AudioFormatOgg (181)
[2026.05.02-08.53.21:843][592]LogModuleManager: Shutting down and abandoning module AudioFormatADPCM (179)
[2026.05.02-08.53.21:843][592]LogModuleManager: Shutting down and abandoning module WindowsServerTargetPlatform (177)
[2026.05.02-08.53.21:843][592]LogModuleManager: Shutting down and abandoning module WindowsClientTargetPlatform (175)
[2026.05.02-08.53.21:843][592]LogModuleManager: Shutting down and abandoning module WindowsTargetPlatform (173)
[2026.05.02-08.53.21:845][592]LogModuleManager: Shutting down and abandoning module WindowsNoEditorTargetPlatform (171)
[2026.05.02-08.53.21:845][592]LogModuleManager: Shutting down and abandoning module TVOSTargetPlatform (169)
[2026.05.02-08.53.21:845][592]LogModuleManager: Shutting down and abandoning module MacServerTargetPlatform (167)
[2026.05.02-08.53.21:845][592]LogModuleManager: Shutting down and abandoning module MacClientTargetPlatform (165)
[2026.05.02-08.53.21:846][592]LogModuleManager: Shutting down and abandoning module MacTargetPlatform (163)
[2026.05.02-08.53.21:846][592]LogModuleManager: Shutting down and abandoning module MacNoEditorTargetPlatform (161)
[2026.05.02-08.53.21:846][592]LogModuleManager: Shutting down and abandoning module LuminTargetPlatform (159)
[2026.05.02-08.53.21:846][592]LogModuleManager: Shutting down and abandoning module LinuxAArch64ServerTargetPlatform (157)
[2026.05.02-08.53.21:846][592]LogModuleManager: Shutting down and abandoning module LinuxAArch64ClientTargetPlatform (155)
[2026.05.02-08.53.21:848][592]LogModuleManager: Shutting down and abandoning module LinuxAArch64NoEditorTargetPlatform (153)
[2026.05.02-08.53.21:848][592]LogModuleManager: Shutting down and abandoning module LinuxServerTargetPlatform (151)
[2026.05.02-08.53.21:848][592]LogModuleManager: Shutting down and abandoning module LinuxClientTargetPlatform (149)
[2026.05.02-08.53.21:848][592]LogModuleManager: Shutting down and abandoning module LinuxNoEditorTargetPlatform (147)
[2026.05.02-08.53.21:848][592]LogModuleManager: Shutting down and abandoning module LinuxTargetPlatform (145)
[2026.05.02-08.53.21:848][592]LogModuleManager: Shutting down and abandoning module Messaging (143)
[2026.05.02-08.53.21:848][592]LogModuleManager: Shutting down and abandoning module IOSTargetPlatform (141)
[2026.05.02-08.53.21:849][592]LogModuleManager: Shutting down and abandoning module AndroidTargetPlatform (139)
[2026.05.02-08.53.21:853][592]LogModuleManager: Shutting down and abandoning module AllDesktopTargetPlatform (137)
[2026.05.02-08.53.21:853][592]LogModuleManager: Shutting down and abandoning module D3D11RHI (134)
[2026.05.02-08.53.21:853][592]LogModuleManager: Shutting down and abandoning module InputCore (132)
[2026.05.02-08.53.21:853][592]LogModuleManager: Shutting down and abandoning module Settings (130)
[2026.05.02-08.53.21:853][592]LogModuleManager: Shutting down and abandoning module DirectoryWatcher (128)
[2026.05.02-08.53.21:853][592]LogModuleManager: Shutting down and abandoning module PhysXCooking (126)
[2026.05.02-08.53.21:853][592]LogModuleManager: Shutting down and abandoning module Chaos (124)
[2026.05.02-08.53.21:853][592]LogModuleManager: Shutting down and abandoning module WindowsPlatformFeatures (122)
[2026.05.02-08.53.21:855][592]LogModuleManager: Shutting down and abandoning module GameplayMediaEncoder (121)
[2026.05.02-08.53.21:855][592]LogModuleManager: Shutting down and abandoning module AVEncoder (120)
[2026.05.02-08.53.21:855][592]LogModuleManager: Shutting down and abandoning module SteamVRInputDevice (116)
[2026.05.02-08.53.21:855][592]LogModuleManager: Shutting down and abandoning module SteamVRInput (114)
[2026.05.02-08.53.21:855][592]LogModuleManager: Shutting down and abandoning module SteamVR (112)
[2026.05.02-08.53.21:855][592]LogHMD: Freeing OpenVRDLLHandle.
[2026.05.02-08.53.21:855][592]LogModuleManager: Shutting down and abandoning module OculusHMD (110)
[2026.05.02-08.53.21:855][592]LogModuleManager: Shutting down and abandoning module OpenXREyeTracker (108)
[2026.05.02-08.53.21:855][592]LogModuleManager: Shutting down and abandoning module OpenXRHandTracking (106)
[2026.05.02-08.53.21:856][592]LogSlate: Slate User Destroyed.  User Index 0, Is Virtual User: 0
[2026.05.02-08.53.21:856][592]LogModuleManager: Shutting down and abandoning module OpenXRAR (104)
[2026.05.02-08.53.21:856][592]LogModuleManager: Shutting down and abandoning module AugmentedReality (103)
[2026.05.02-08.53.21:856][592]LogModuleManager: Shutting down and abandoning module OpenXRHMD (100)
[2026.05.02-08.53.21:857][592]LogModuleManager: Shutting down and abandoning module ExampleDeviceProfileSelector (98)
[2026.05.02-08.53.21:857][592]LogModuleManager: Shutting down and abandoning module LauncherChunkInstaller (96)
[2026.05.02-08.53.21:857][592]LogModuleManager: Shutting down and abandoning module ChunkDownloader (94)
[2026.05.02-08.53.21:857][592]LogModuleManager: Shutting down and abandoning module OnlineBlueprintSupport (92)
[2026.05.02-08.53.21:857][592]LogModuleManager: Shutting down and abandoning module OnlineSubsystem (88)
[2026.05.02-08.53.21:859][592]LogModuleManager: Shutting down and abandoning module XMPP (83)
[2026.05.02-08.53.21:859][592]LogModuleManager: Shutting down and abandoning module WebSockets (82)
[2026.05.02-08.53.21:870][592]LogModuleManager: Shutting down and abandoning module HTTP (79)
[2026.05.02-08.53.21:871][592]LogHttp: Display: Http module shutting down, but needs to wait on 1 outstanding Http requests:
[2026.05.02-08.53.21:871][592]LogHttp: Display: 	verb=[POST] url=[https://datarouter.ol.epicgames.com/datarouter/api/v1/public/data?SessionID=%7BD37075E4-4B33-361C-964A-748DBDF417FD%7D&AppID=UEEditor.Rocket.Release&AppVersion=4.27.2-18319896%2B%2B%2BUE4%2BRelease-4.27&UserID=348e9f624b4a3ef3be7fedaafb7de6fd%7Cb26187d4ee3a43c1989627066fea8b63%7C8e2446b4-2747-4f1f-8a88-f04adb2f4bc8&AppEnvironment=datacollector-binary&UploadType=eteventstream] refs=[1] status=Processing
[2026.05.02-08.53.21:871][592]LogHttp: Display: cleaning up 1 outstanding Http requests.
[2026.05.02-08.53.21:871][592]LogHttp: Warning: 000002295F674100: invalid HTTP response code received. URL: https://datarouter.ol.epicgames.com/datarouter/api/v1/public/data?SessionID=%7BD37075E4-4B33-361C-964A-748DBDF417FD%7D&AppID=UEEditor.Rocket.Release&AppVersion=4.27.2-18319896%2B%2B%2BUE4%2BRelease-4.27&UserID=348e9f624b4a3ef3be7fedaafb7de6fd%7Cb26187d4ee3a43c1989627066fea8b63%7C8e2446b4-2747-4f1f-8a88-f04adb2f4bc8&AppEnvironment=datacollector-binary&UploadType=eteventstream, HTTP code: 0, content length: 0, actual payload size: 0
[2026.05.02-08.53.21:871][592]LogHttp: Warning: 000002295F674100: request failed, libcurl error: 7 (Couldn't connect to server)
[2026.05.02-08.53.21:871][592]LogHttp: Warning: 000002295F674100: libcurl info message cache 0 (  Trying 127.0.0.1...)
[2026.05.02-08.53.21:871][592]LogHttp: Warning: 000002295F674100: libcurl info message cache 1 (TCP_NODELAY set)
[2026.05.02-08.53.21:871][592]LogHttp: Warning: 000002295F674100: libcurl info message cache 2 (connect to 127.0.0.1 port 12334 failed: Connection refused)
[2026.05.02-08.53.21:871][592]LogHttp: Warning: 000002295F674100: libcurl info message cache 3 (Failed to connect to 127.0.0.1 port 12334: Connection refused)
[2026.05.02-08.53.21:871][592]LogHttp: Warning: 000002295F674100: libcurl info message cache 4 (Closing connection 0)
[2026.05.02-08.53.21:874][592]LogModuleManager: Shutting down and abandoning module SSL (78)
[2026.05.02-08.53.21:876][592]LogModuleManager: Shutting down and abandoning module WmfMedia (74)
[2026.05.02-08.53.21:879][592]LogModuleManager: Shutting down and abandoning module Media (73)
[2026.05.02-08.53.21:882][592]LogModuleManager: Shutting down and abandoning module MediaInfo (72)
[2026.05.02-08.53.21:882][592]LogModuleManager: Shutting down and abandoning module ExrReaderGpu (68)
[2026.05.02-08.53.21:882][592]LogModuleManager: Shutting down and abandoning module MLSDK (66)
[2026.05.02-08.53.21:884][592]LogModuleManager: Shutting down and abandoning module MagicLeap (64)
[2026.05.02-08.53.21:884][592]LogModuleManager: Shutting down and abandoning module ChaosCloth (62)
[2026.05.02-08.53.21:884][592]LogModuleManager: Shutting down and abandoning module NiagaraVertexFactories (60)
[2026.05.02-08.53.21:884][592]LogModuleManager: Shutting down and abandoning module NiagaraShader (58)
[2026.05.02-08.53.21:884][592]LogModuleManager: Shutting down and abandoning module PixWinPlugin (56)
[2026.05.02-08.53.21:884][592]LogModuleManager: Shutting down and abandoning module VariantManagerContent (54)
[2026.05.02-08.53.21:884][592]LogModuleManager: Shutting down and abandoning module DatasmithContent (52)
[2026.05.02-08.53.21:885][592]LogModuleManager: Shutting down and abandoning module AISupportModule (50)
[2026.05.02-08.53.21:885][592]LogModuleManager: Shutting down and abandoning module DesktopPlatform (48)
[2026.05.02-08.53.21:885][592]LogModuleManager: Shutting down and abandoning module PythonScriptPluginPreload (46)
[2026.05.02-08.53.21:885][592]LogModuleManager: Shutting down and abandoning module PlatformCryptoOpenSSL (44)
[2026.05.02-08.53.21:885][592]LogModuleManager: Shutting down and abandoning module PlatformCryptoTypes (42)
[2026.05.02-08.53.21:885][592]LogModuleManager: Shutting down and abandoning module PlatformCrypto (40)
[2026.05.02-08.53.21:887][592]LogModuleManager: Shutting down and abandoning module OodleDataCompressionFormat (38)
[2026.05.02-08.53.21:887][592]LogModuleManager: Shutting down and abandoning module XGEController (36)
[2026.05.02-08.53.21:887][592]LogXGEController: Cleaning working directory: C:/Users/user/AppData/Local/Temp/UnrealXGEWorkingDir/
[2026.05.02-08.53.21:887][592]LogModuleManager: Shutting down and abandoning module AnimationModifiers (34)
[2026.05.02-08.53.21:887][592]LogModuleManager: Shutting down and abandoning module AudioEditor (32)
[2026.05.02-08.53.21:888][592]LogModuleManager: Shutting down and abandoning module PropertyEditor (31)
[2026.05.02-08.53.21:888][592]LogModuleManager: Shutting down and abandoning module TextureCompressor (28)
[2026.05.02-08.53.21:889][592]LogModuleManager: Shutting down and abandoning module RenderCore (26)
[2026.05.02-08.53.21:889][592]LogModuleManager: Shutting down and abandoning module Landscape (24)
[2026.05.02-08.53.21:889][592]LogModuleManager: Shutting down and abandoning module SlateRHIRenderer (22)
[2026.05.02-08.53.21:890][592]LogModuleManager: Shutting down and abandoning module AnimGraphRuntime (20)
[2026.05.02-08.53.21:890][592]LogModuleManager: Shutting down and abandoning module Renderer (18)
[2026.05.02-08.53.21:890][592]LogModuleManager: Shutting down and abandoning module Engine (16)
[2026.05.02-08.53.21:890][592]LogModuleManager: Shutting down and abandoning module CoreUObject (14)
[2026.05.02-08.53.21:890][592]LogModuleManager: Shutting down and abandoning module NetworkFile (12)
[2026.05.02-08.53.21:891][592]LogModuleManager: Shutting down and abandoning module CookedIterativeFile (10)
[2026.05.02-08.53.21:891][592]LogModuleManager: Shutting down and abandoning module StreamingFile (8)
[2026.05.02-08.53.21:891][592]LogModuleManager: Shutting down and abandoning module SandboxFile (6)
[2026.05.02-08.53.21:891][592]LogModuleManager: Shutting down and abandoning module PakFile (4)
[2026.05.02-08.53.21:891][592]LogModuleManager: Shutting down and abandoning module RSA (3)
[2026.05.02-08.53.22:332][592]LogContentStreaming: Display: There are 1 unreleased StreamingManagers
[2026.05.02-08.53.22:485][592]LogD3D11RHI: Shutdown
[2026.05.02-08.53.22:485][592]LogD3D11RHI: CleanupD3DDevice
[2026.05.02-08.53.22:497][592]LogExit: Exiting.
[2026.05.02-08.53.22:504][592]Log file closed, 05/02/26 11:53:22
