Log file open, 05/02/26 12:45:47
LogWindows: Failed to load 'aqProf.dll' (GetLastError=126)
LogWindows: File 'aqProf.dll' does not exist
LogWindows: Failed to load 'VtuneApi.dll' (GetLastError=126)
LogWindows: File 'VtuneApi.dll' does not exist
LogWindows: Failed to load 'VtuneApi32e.dll' (GetLastError=126)
LogWindows: File 'VtuneApi32e.dll' does not exist
LogConsoleResponse: Display: Failed to find resolution value strings in scalability ini. Falling back to default.
LogConsoleResponse: Display: Failed to find resolution value strings in scalability ini. Falling back to default.
LogInit: Display: Running engine for game: Snake
LogPlatformFile: Not using cached read wrapper
LogTaskGraph: Started task graph with 5 named threads and 47 total threads with 3 sets of task threads.
LogStats: Stats thread started at 0.474246
LogICUInternationalization: ICU TimeZone Detection - Raw Offset: +3:00, Platform Override: ''
LogInit: Display: Loading text-based GConfig....
LogPluginManager: Mounting plugin MeshPainting
LogPluginManager: Mounting plugin XGEController
LogPluginManager: Mounting plugin Paper2D
LogPluginManager: Mounting plugin LiveLink
LogPluginManager: Mounting plugin AISupport
LogPluginManager: Mounting plugin EnvironmentQueryEditor
LogPluginManager: Mounting plugin LightPropagationVolume
LogPluginManager: Mounting plugin CameraShakePreviewer
LogPluginManager: Mounting plugin GameplayCameras
LogPluginManager: Mounting plugin OodleNetwork
LogPluginManager: Mounting plugin OodleData
LogPluginManager: Mounting plugin AnimationSharing
LogPluginManager: Mounting plugin CLionSourceCodeAccess
LogPluginManager: Mounting plugin CodeLiteSourceCodeAccess
LogPluginManager: Mounting plugin GitSourceControl
LogPluginManager: Mounting plugin KDevelopSourceCodeAccess
LogPluginManager: Mounting plugin NullSourceCodeAccess
LogPluginManager: Mounting plugin PerforceSourceControl
LogPluginManager: Mounting plugin PixWinPlugin
LogPluginManager: Mounting plugin PlasticSourceControl
LogPluginManager: Mounting plugin PluginUtils
LogPluginManager: Mounting plugin PropertyAccessNode
LogPluginManager: Mounting plugin RiderSourceCodeAccess
LogPluginManager: Mounting plugin TextureFormatOodle
LogPluginManager: Mounting plugin SubversionSourceControl
LogPluginManager: Mounting plugin DatasmithContent
LogPluginManager: Mounting plugin UObjectPlugin
LogPluginManager: Mounting plugin VariantManagerContent
LogPluginManager: Mounting plugin VisualStudioSourceCodeAccess
LogPluginManager: Mounting plugin XCodeSourceCodeAccess
LogPluginManager: Mounting plugin AlembicImporter
LogPluginManager: Mounting plugin AutomationUtils
LogPluginManager: Mounting plugin BackChannel
LogPluginManager: Mounting plugin VisualStudioCodeSourceCodeAccess
LogPluginManager: Mounting plugin ChaosNiagara
LogPluginManager: Mounting plugin ChaosCloth
LogPluginManager: Mounting plugin ChaosSolverPlugin
LogPluginManager: Mounting plugin ChaosClothEditor
LogPluginManager: Mounting plugin ChaosEditor
LogPluginManager: Mounting plugin CharacterAI
LogPluginManager: Mounting plugin AssetManagerEditor
LogPluginManager: Mounting plugin GeometryCache
LogPluginManager: Mounting plugin GeometryCollectionPlugin
LogPluginManager: Mounting plugin CurveEditorTools
LogPluginManager: Mounting plugin CryptoKeys
LogPluginManager: Mounting plugin DataValidation
LogPluginManager: Mounting plugin FacialAnimation
LogPluginManager: Mounting plugin GameplayTagsEditor
LogPluginManager: Mounting plugin GeometryMode
LogPluginManager: Mounting plugin MaterialAnalyzer
LogPluginManager: Mounting plugin MobileLauncherProfileWizard
LogPluginManager: Mounting plugin PluginBrowser
LogPluginManager: Mounting plugin MacGraphicsSwitching
LogPluginManager: Mounting plugin SpeedTreeImporter
LogPluginManager: Mounting plugin GeometryProcessing
LogPluginManager: Mounting plugin LuminPlatformFeatures
LogPluginManager: Mounting plugin MagicLeap
LogPluginManager: Mounting plugin MotoSynth
LogPluginManager: Mounting plugin OpenImageDenoise
LogPluginManager: Mounting plugin MagicLeapLightEstimation
LogPluginManager: Mounting plugin MagicLeapPassableWorld
LogPluginManager: Mounting plugin MagicLeapMedia
LogPluginManager: Mounting plugin MLSDK
LogPluginManager: Mounting plugin PythonScriptPlugin
LogPluginManager: Mounting plugin ProxyLODPlugin
LogPluginManager: Mounting plugin PlatformCrypto
LogPluginManager: Mounting plugin SkeletalReduction
LogPluginManager: Mounting plugin AndroidMedia
LogPluginManager: Mounting plugin AvfMedia
LogPluginManager: Mounting plugin PlanarCut
LogPluginManager: Mounting plugin ImgMedia
LogPluginManager: Mounting plugin Niagara
LogPluginManager: Mounting plugin MediaCompositing
LogPluginManager: Mounting plugin MediaPlayerEditor
LogPluginManager: Mounting plugin WebMMedia
LogPluginManager: Mounting plugin LevelSequenceEditor
LogPluginManager: Mounting plugin ActorSequence
LogPluginManager: Mounting plugin TemplateSequence
LogPluginManager: Mounting plugin TcpMessaging
LogPluginManager: Mounting plugin UdpMessaging
LogPluginManager: Mounting plugin MatineeToLevelSequence
LogPluginManager: Mounting plugin OnlineSubsystemNull
LogPluginManager: Mounting plugin OnlineSubsystemUtils
LogPluginManager: Mounting plugin LauncherChunkInstaller
LogPluginManager: Mounting plugin AndroidDeviceProfileSelector
LogPluginManager: Mounting plugin AndroidMoviePlayer
LogPluginManager: Mounting plugin ActorLayerUtilities
LogPluginManager: Mounting plugin OnlineSubsystem
LogPluginManager: Mounting plugin AndroidPermission
LogPluginManager: Mounting plugin AppleImageUtils
LogPluginManager: Mounting plugin AppleMoviePlayer
LogPluginManager: Mounting plugin ArchVisCharacter
LogPluginManager: Mounting plugin AudioCapture
LogPluginManager: Mounting plugin AssetTags
LogPluginManager: Mounting plugin AudioSynesthesia
LogPluginManager: Mounting plugin CableComponent
LogPluginManager: Mounting plugin ChunkDownloader
LogPluginManager: Mounting plugin CustomMeshComponent
LogPluginManager: Mounting plugin ExampleDeviceProfileSelector
LogPluginManager: Mounting plugin EditableMesh
LogPluginManager: Mounting plugin GoogleCloudMessaging
LogPluginManager: Mounting plugin GooglePAD
LogPluginManager: Mounting plugin LinuxDeviceProfileSelector
LogPluginManager: Mounting plugin IOSDeviceProfileSelector
LogPluginManager: Mounting plugin LocationServicesBPLibrary
LogPluginManager: Mounting plugin MobilePatchingUtils
LogPluginManager: Mounting plugin OpenXR
LogPluginManager: Mounting plugin OpenXREyeTracker
LogPluginManager: Mounting plugin OpenXRHandTracking
LogPluginManager: Mounting plugin PhysXVehicles
LogPluginManager: Mounting plugin ScreenshotTools
LogPluginManager: Mounting plugin PostSplashScreen
LogPluginManager: Mounting plugin PropertyAccessEditor
LogPluginManager: Mounting plugin RuntimePhysXCooking
LogPluginManager: Mounting plugin SignificanceManager
LogPluginManager: Mounting plugin WmfMedia
LogPluginManager: Mounting plugin SoundFields
LogPluginManager: Mounting plugin ProceduralMeshComponent
LogPluginManager: Mounting plugin WebMMoviePlayer
LogPluginManager: Mounting plugin Synthesis
LogPluginManager: Mounting plugin WindowsMoviePlayer
LogPluginManager: Mounting plugin Takes
LogPluginManager: Mounting plugin ContentBrowserClassDataSource
LogPluginManager: Mounting plugin ContentBrowserFileDataSource
LogPluginManager: Mounting plugin ContentBrowserAssetDataSource
LogPluginManager: Mounting plugin OnlineSubsystemGooglePlay
LogPluginManager: Mounting plugin OnlineSubsystemIOS
LogPluginManager: Mounting plugin OculusVR
LogPluginManager: Mounting plugin SteamVR
PixWinPlugin: PIX capture plugin failed to initialize! Check that the process is launched from PIX.
LogInit: Using libcurl 7.55.1-DEV
LogInit:  - built for x86_64-pc-win32
LogInit:  - supports SSL with OpenSSL/1.1.1
LogInit:  - supports HTTP deflate (compression) using libz 1.2.8
LogInit:  - other features:
LogInit:      CURL_VERSION_SSL
LogInit:      CURL_VERSION_LIBZ
LogInit:      CURL_VERSION_IPV6
LogInit:      CURL_VERSION_ASYNCHDNS
LogInit:      CURL_VERSION_LARGEFILE
LogInit:      CURL_VERSION_IDN
LogInit:  CurlRequestOptions (configurable via config and command line):
LogInit:  - bVerifyPeer = true  - Libcurl will verify peer certificate
LogInit:  - bUseHttpProxy = true  - Libcurl will use HTTP proxy
LogInit:  - HttpProxyAddress = '127.0.0.1:12334'
LogInit:  - bDontReuseConnections = false  - Libcurl will reuse connections
LogInit:  - MaxHostConnections = 16  - Libcurl will limit the number of connections to a host
LogInit:  - LocalHostAddr = Default
LogInit:  - BufferSize = 65536
LogOnline: OSS: Creating online subsystem instance for: NULL
LogInit: WinSock: version 1.1 (2.2), MaxSocks=32767, MaxUdp=65467
LogOnline: OSS: TryLoadSubsystemAndSetDefault: Loaded subsystem for module [NULL]
LogOculusPluginWrapper: OculusPlugin initialized successfully
LogHMD: Failed initializing OVRPlugin 1.59.0
LogInit: Build: ++UE4+Release-4.27-CL-18319896
LogInit: Engine Version: 4.27.2-18319896+++UE4+Release-4.27
LogInit: Compatible Engine Version: 4.27.0-17155196+++UE4+Release-4.27
LogInit: Net CL: 17155196
LogInit: OS: Windows 10 (Release 2009) (), CPU: AMD Ryzen 7 5700U with Radeon Graphics         , GPU: AMD Radeon(TM) Graphics
LogInit: Compiled (64-bit): Nov 30 2021 07:12:08
LogInit: Compiled with Visual C++: 19.24.28315.00
LogInit: Build Configuration: Development
LogInit: Branch Name: ++UE4+Release-4.27
LogInit: Command Line:  -skipcompile
LogInit: Base Directory: C:/Program Files/Epic Games/UE_4.27/Engine/Binaries/Win64/
LogInit: Allocator: TBB
LogInit: Installed Engine Build: 1
LogDevObjectVersion: Number of dev versions registered: 29
LogDevObjectVersion:   Dev-Blueprints (B0D832E4-1F89-4F0D-ACCF-7EB736FD4AA2): 10
LogDevObjectVersion:   Dev-Build (E1C64328-A22C-4D53-A36C-8E866417BD8C): 0
LogDevObjectVersion:   Dev-Core (375EC13C-06E4-48FB-B500-84F0262A717E): 4
LogDevObjectVersion:   Dev-Editor (E4B068ED-F494-42E9-A231-DA0B2E46BB41): 40
LogDevObjectVersion:   Dev-Framework (CFFC743F-43B0-4480-9391-14DF171D2073): 37
LogDevObjectVersion:   Dev-Mobile (B02B49B5-BB20-44E9-A304-32B752E40360): 3
LogDevObjectVersion:   Dev-Networking (A4E4105C-59A1-49B5-A7C5-40C4547EDFEE): 0
LogDevObjectVersion:   Dev-Online (39C831C9-5AE6-47DC-9A44-9C173E1C8E7C): 0
LogDevObjectVersion:   Dev-Physics (78F01B33-EBEA-4F98-B9B4-84EACCB95AA2): 14
LogDevObjectVersion:   Dev-Platform (6631380F-2D4D-43E0-8009-CF276956A95A): 0
LogDevObjectVersion:   Dev-Rendering (12F88B9F-8875-4AFC-A67C-D90C383ABD29): 45
LogDevObjectVersion:   Dev-Sequencer (7B5AE74C-D270-4C10-A958-57980B212A5A): 13
LogDevObjectVersion:   Dev-VR (D7296918-1DD6-4BDD-9DE2-64A83CC13884): 3
LogDevObjectVersion:   Dev-LoadTimes (C2A15278-BFE7-4AFE-6C17-90FF531DF755): 1
LogDevObjectVersion:   Private-Geometry (6EACA3D4-40EC-4CC1-B786-8BED09428FC5): 3
LogDevObjectVersion:   Dev-AnimPhys (29E575DD-E0A3-4627-9D10-D276232CDCEA): 17
LogDevObjectVersion:   Dev-Anim (AF43A65D-7FD3-4947-9873-3E8ED9C1BB05): 15
LogDevObjectVersion:   Dev-ReflectionCapture (6B266CEC-1EC7-4B8F-A30B-E4D90942FC07): 1
LogDevObjectVersion:   Dev-Automation (0DF73D61-A23F-47EA-B727-89E90C41499A): 1
LogDevObjectVersion:   FortniteMain (601D1886-AC64-4F84-AA16-D3DE0DEAC7D6): 47
LogDevObjectVersion:   FortniteRelease (E7086368-6B23-4C58-8439-1B7016265E91): 1
LogDevObjectVersion:   Dev-Enterprise (9DFFBCD6-494F-0158-E221-12823C92A888): 10
LogDevObjectVersion:   Dev-Niagara (F2AED0AC-9AFE-416F-8664-AA7FFA26D6FC): 1
LogDevObjectVersion:   Dev-Destruction (174F1F0B-B4C6-45A5-B13F-2EE8D0FB917D): 10
LogDevObjectVersion:   Dev-Physics-Ext (35F94A83-E258-406C-A318-09F59610247C): 41
LogDevObjectVersion:   Dev-PhysicsMaterial-Chaos (B68FC16E-8B1B-42E2-B453-215C058844FE): 1
LogDevObjectVersion:   Dev-CineCamera (B2E18506-4273-CFC2-A54E-F4BB758BBA07): 1
LogDevObjectVersion:   Dev-VirtualProduction (64F58936-FD1B-42BA-BA96-7289D5D0FA4E): 1
LogDevObjectVersion:   Dev-MediaFramework (6F0ED827-A609-4895-9C91-998D90180EA4): 2
LogInit: Presizing for max 25165824 objects, including 0 objects not considered by GC, pre-allocating 0 bytes for permanent pool.
LogConfig: Applying CVar settings from Section [/Script/Engine.StreamingSettings] File [C:/Users/user/Documents/GitHub Unreal/Snake/Snake/Saved/Config/Windows/Engine.ini]
LogConfig: Setting CVar [[s.MinBulkDataSizeForAsyncLoading:131072]]
LogConfig: Setting CVar [[s.AsyncLoadingThreadEnabled:0]]
LogConfig: Setting CVar [[s.EventDrivenLoaderEnabled:1]]
LogConfig: Setting CVar [[s.WarnIfTimeLimitExceeded:0]]
LogConfig: Setting CVar [[s.TimeLimitExceededMultiplier:1.5]]
LogConfig: Setting CVar [[s.TimeLimitExceededMinTime:0.005]]
LogConfig: Setting CVar [[s.UseBackgroundLevelStreaming:1]]
LogConfig: Setting CVar [[s.PriorityAsyncLoadingExtraTime:15.0]]
LogConfig: Setting CVar [[s.LevelStreamingActorsUpdateTimeLimit:5.0]]
LogConfig: Setting CVar [[s.PriorityLevelStreamingActorsUpdateExtraTime:5.0]]
LogConfig: Setting CVar [[s.LevelStreamingComponentsRegistrationGranularity:10]]
LogConfig: Setting CVar [[s.UnregisterComponentsTimeLimit:1.0]]
LogConfig: Setting CVar [[s.LevelStreamingComponentsUnregistrationGranularity:5]]
LogConfig: Setting CVar [[s.FlushStreamingOnExit:1]]
LogInit: Object subsystem initialized
LogConfig: Setting CVar [[con.DebugEarlyDefault:1]]
LogConfig: Setting CVar [[r.setres:1280x720]]
[2026.05.02-09.45.49:212][  0]LogConfig: Setting CVar [[r.VSync:0]]
[2026.05.02-09.45.49:212][  0]LogConfig: Setting CVar [[r.RHICmdBypass:0]]
[2026.05.02-09.45.49:212][  0]LogConfig: Applying CVar settings from Section [/Script/Engine.RendererSettings] File [C:/Users/user/Documents/GitHub Unreal/Snake/Snake/Saved/Config/Windows/Engine.ini]
[2026.05.02-09.45.49:212][  0]LogConfig: Setting CVar [[r.GPUCrashDebugging:0]]
[2026.05.02-09.45.49:212][  0]LogConfig: Applying CVar settings from Section [/Script/Engine.RendererOverrideSettings] File [C:/Users/user/Documents/GitHub Unreal/Snake/Snake/Saved/Config/Windows/Engine.ini]
[2026.05.02-09.45.49:212][  0]LogConfig: Applying CVar settings from Section [/Script/Engine.StreamingSettings] File [C:/Users/user/Documents/GitHub Unreal/Snake/Snake/Saved/Config/Windows/Engine.ini]
[2026.05.02-09.45.49:212][  0]LogConfig: Setting CVar [[s.MinBulkDataSizeForAsyncLoading:131072]]
[2026.05.02-09.45.49:212][  0]LogConfig: Setting CVar [[s.AsyncLoadingThreadEnabled:0]]
[2026.05.02-09.45.49:213][  0]LogConfig: Setting CVar [[s.EventDrivenLoaderEnabled:1]]
[2026.05.02-09.45.49:213][  0]LogConfig: Setting CVar [[s.WarnIfTimeLimitExceeded:0]]
[2026.05.02-09.45.49:213][  0]LogConfig: Setting CVar [[s.TimeLimitExceededMultiplier:1.5]]
[2026.05.02-09.45.49:213][  0]LogConfig: Setting CVar [[s.TimeLimitExceededMinTime:0.005]]
[2026.05.02-09.45.49:213][  0]LogConfig: Setting CVar [[s.UseBackgroundLevelStreaming:1]]
[2026.05.02-09.45.49:213][  0]LogConfig: Setting CVar [[s.PriorityAsyncLoadingExtraTime:15.0]]
[2026.05.02-09.45.49:213][  0]LogConfig: Setting CVar [[s.LevelStreamingActorsUpdateTimeLimit:5.0]]
[2026.05.02-09.45.49:213][  0]LogConfig: Setting CVar [[s.PriorityLevelStreamingActorsUpdateExtraTime:5.0]]
[2026.05.02-09.45.49:213][  0]LogConfig: Setting CVar [[s.LevelStreamingComponentsRegistrationGranularity:10]]
[2026.05.02-09.45.49:213][  0]LogConfig: Setting CVar [[s.UnregisterComponentsTimeLimit:1.0]]
[2026.05.02-09.45.49:213][  0]LogConfig: Setting CVar [[s.LevelStreamingComponentsUnregistrationGranularity:5]]
[2026.05.02-09.45.49:213][  0]LogConfig: Setting CVar [[s.FlushStreamingOnExit:1]]
[2026.05.02-09.45.49:213][  0]LogConfig: Applying CVar settings from Section [/Script/Engine.GarbageCollectionSettings] File [C:/Users/user/Documents/GitHub Unreal/Snake/Snake/Saved/Config/Windows/Engine.ini]
[2026.05.02-09.45.49:213][  0]LogConfig: Setting CVar [[gc.MaxObjectsNotConsideredByGC:1]]
[2026.05.02-09.45.49:213][  0]LogConfig: Setting CVar [[gc.SizeOfPermanentObjectPool:0]]
[2026.05.02-09.45.49:214][  0]LogConfig: Setting CVar [[gc.FlushStreamingOnGC:0]]
[2026.05.02-09.45.49:214][  0]LogConfig: Setting CVar [[gc.NumRetriesBeforeForcingGC:10]]
[2026.05.02-09.45.49:214][  0]LogConfig: Setting CVar [[gc.AllowParallelGC:1]]
[2026.05.02-09.45.49:214][  0]LogConfig: Setting CVar [[gc.TimeBetweenPurgingPendingKillObjects:61.1]]
[2026.05.02-09.45.49:214][  0]LogConfig: Setting CVar [[gc.MaxObjectsInEditor:25165824]]
[2026.05.02-09.45.49:214][  0]LogConfig: Setting CVar [[gc.IncrementalBeginDestroyEnabled:1]]
[2026.05.02-09.45.49:214][  0]LogConfig: Setting CVar [[gc.CreateGCClusters:1]]
[2026.05.02-09.45.49:214][  0]LogConfig: Setting CVar [[gc.MinGCClusterSize:5]]
[2026.05.02-09.45.49:214][  0]LogConfig: Setting CVar [[gc.ActorClusteringEnabled:0]]
[2026.05.02-09.45.49:214][  0]LogConfig: Setting CVar [[gc.BlueprintClusteringEnabled:0]]
[2026.05.02-09.45.49:214][  0]LogConfig: Setting CVar [[gc.UseDisregardForGCOnDedicatedServers:0]]
[2026.05.02-09.45.49:214][  0]LogConfig: Setting CVar [[gc.MultithreadedDestructionEnabled:1]]
[2026.05.02-09.45.49:214][  0]LogConfig: Applying CVar settings from Section [/Script/Engine.NetworkSettings] File [C:/Users/user/Documents/GitHub Unreal/Snake/Snake/Saved/Config/Windows/Engine.ini]
[2026.05.02-09.45.49:214][  0]LogConfig: Applying CVar settings from Section [/Script/UnrealEd.CookerSettings] File [C:/Users/user/Documents/GitHub Unreal/Snake/Snake/Saved/Config/Windows/Engine.ini]
[2026.05.02-09.45.49:223][  0]LogConfig: Applying CVar settings from Section [ViewDistanceQuality@3] File [C:/Users/user/Documents/GitHub Unreal/Snake/Snake/Saved/Config/Windows/Scalability.ini]
[2026.05.02-09.45.49:223][  0]LogConfig: Setting CVar [[r.SkeletalMeshLODBias:0]]
[2026.05.02-09.45.49:223][  0]LogConfig: Setting CVar [[r.ViewDistanceScale:1.0]]
[2026.05.02-09.45.49:223][  0]LogConfig: Applying CVar settings from Section [AntiAliasingQuality@3] File [C:/Users/user/Documents/GitHub Unreal/Snake/Snake/Saved/Config/Windows/Scalability.ini]
[2026.05.02-09.45.49:223][  0]LogConfig: Setting CVar [[r.PostProcessAAQuality:4]]
[2026.05.02-09.45.49:223][  0]LogConfig: Applying CVar settings from Section [ShadowQuality@3] File [C:/Users/user/Documents/GitHub Unreal/Snake/Snake/Saved/Config/Windows/Scalability.ini]
[2026.05.02-09.45.49:223][  0]LogConfig: Setting CVar [[r.LightFunctionQuality:1]]
[2026.05.02-09.45.49:223][  0]LogConfig: Setting CVar [[r.ShadowQuality:5]]
[2026.05.02-09.45.49:223][  0]LogConfig: Setting CVar [[r.Shadow.CSM.MaxCascades:10]]
[2026.05.02-09.45.49:223][  0]LogConfig: Setting CVar [[r.Shadow.MaxResolution:2048]]
[2026.05.02-09.45.49:224][  0]LogConfig: Setting CVar [[r.Shadow.MaxCSMResolution:2048]]
[2026.05.02-09.45.49:224][  0]LogConfig: Setting CVar [[r.Shadow.RadiusThreshold:0.01]]
[2026.05.02-09.45.49:224][  0]LogConfig: Setting CVar [[r.Shadow.DistanceScale:1.0]]
[2026.05.02-09.45.49:224][  0]LogConfig: Setting CVar [[r.Shadow.CSM.TransitionScale:1.0]]
[2026.05.02-09.45.49:224][  0]LogConfig: Setting CVar [[r.Shadow.PreShadowResolutionFactor:1.0]]
[2026.05.02-09.45.49:224][  0]LogConfig: Setting CVar [[r.DistanceFieldShadowing:1]]
[2026.05.02-09.45.49:224][  0]LogConfig: Setting CVar [[r.DistanceFieldAO:1]]
[2026.05.02-09.45.49:224][  0]LogConfig: Setting CVar [[r.AOQuality:2]]
[2026.05.02-09.45.49:224][  0]LogConfig: Setting CVar [[r.VolumetricFog:1]]
[2026.05.02-09.45.49:224][  0]LogConfig: Setting CVar [[r.VolumetricFog.GridPixelSize:8]]
[2026.05.02-09.45.49:224][  0]LogConfig: Setting CVar [[r.VolumetricFog.GridSizeZ:128]]
[2026.05.02-09.45.49:224][  0]LogConfig: Setting CVar [[r.VolumetricFog.HistoryMissSupersampleCount:4]]
[2026.05.02-09.45.49:224][  0]LogConfig: Setting CVar [[r.LightMaxDrawDistanceScale:1]]
[2026.05.02-09.45.49:224][  0]LogConfig: Setting CVar [[r.CapsuleShadows:1]]
[2026.05.02-09.45.49:224][  0]LogConfig: Applying CVar settings from Section [PostProcessQuality@3] File [C:/Users/user/Documents/GitHub Unreal/Snake/Snake/Saved/Config/Windows/Scalability.ini]
[2026.05.02-09.45.49:224][  0]LogConfig: Setting CVar [[r.MotionBlurQuality:4]]
[2026.05.02-09.45.49:224][  0]LogConfig: Setting CVar [[r.AmbientOcclusionMipLevelFactor:0.4]]
[2026.05.02-09.45.49:224][  0]LogConfig: Setting CVar [[r.AmbientOcclusionMaxQuality:100]]
[2026.05.02-09.45.49:224][  0]LogConfig: Setting CVar [[r.AmbientOcclusionLevels:-1]]
[2026.05.02-09.45.49:224][  0]LogConfig: Setting CVar [[r.AmbientOcclusionRadiusScale:1.0]]
[2026.05.02-09.45.49:224][  0]LogConfig: Setting CVar [[r.DepthOfFieldQuality:2]]
[2026.05.02-09.45.49:224][  0]LogConfig: Setting CVar [[r.RenderTargetPoolMin:400]]
[2026.05.02-09.45.49:224][  0]LogConfig: Setting CVar [[r.LensFlareQuality:2]]
[2026.05.02-09.45.49:224][  0]LogConfig: Setting CVar [[r.SceneColorFringeQuality:1]]
[2026.05.02-09.45.49:225][  0]LogConfig: Setting CVar [[r.EyeAdaptationQuality:2]]
[2026.05.02-09.45.49:225][  0]LogConfig: Setting CVar [[r.BloomQuality:5]]
[2026.05.02-09.45.49:225][  0]LogConfig: Setting CVar [[r.FastBlurThreshold:100]]
[2026.05.02-09.45.49:225][  0]LogConfig: Setting CVar [[r.Upscale.Quality:3]]
[2026.05.02-09.45.49:225][  0]LogConfig: Setting CVar [[r.Tonemapper.GrainQuantization:1]]
[2026.05.02-09.45.49:225][  0]LogConfig: Setting CVar [[r.LightShaftQuality:1]]
[2026.05.02-09.45.49:225][  0]LogConfig: Setting CVar [[r.Filter.SizeScale:1]]
[2026.05.02-09.45.49:225][  0]LogConfig: Setting CVar [[r.Tonemapper.Quality:5]]
[2026.05.02-09.45.49:225][  0]LogConfig: Setting CVar [[r.DOF.Gather.AccumulatorQuality:1        ; higher gathering accumulator quality]]
[2026.05.02-09.45.49:225][  0]LogConfig: Setting CVar [[r.DOF.Gather.PostfilterMethod:1          ; Median3x3 postfilering method]]
[2026.05.02-09.45.49:225][  0]LogConfig: Setting CVar [[r.DOF.Gather.EnableBokehSettings:0       ; no bokeh simulation when gathering]]
[2026.05.02-09.45.49:225][  0]LogConfig: Setting CVar [[r.DOF.Gather.RingCount:4                 ; medium number of samples when gathering]]
[2026.05.02-09.45.49:225][  0]LogConfig: Setting CVar [[r.DOF.Scatter.ForegroundCompositing:1    ; additive foreground scattering]]
[2026.05.02-09.45.49:225][  0]LogConfig: Setting CVar [[r.DOF.Scatter.BackgroundCompositing:2    ; additive background scattering]]
[2026.05.02-09.45.49:225][  0]LogConfig: Setting CVar [[r.DOF.Scatter.EnableBokehSettings:1      ; bokeh simulation when scattering]]
[2026.05.02-09.45.49:225][  0]LogConfig: Setting CVar [[r.DOF.Scatter.MaxSpriteRatio:0.1         ; only a maximum of 10% of scattered bokeh]]
[2026.05.02-09.45.49:225][  0]LogConfig: Setting CVar [[r.DOF.Recombine.Quality:1                ; cheap slight out of focus]]
[2026.05.02-09.45.49:225][  0]LogConfig: Setting CVar [[r.DOF.Recombine.EnableBokehSettings:0    ; no bokeh simulation on slight out of focus]]
[2026.05.02-09.45.49:225][  0]LogConfig: Setting CVar [[r.DOF.TemporalAAQuality:1                ; more stable temporal accumulation]]
[2026.05.02-09.45.49:225][  0]LogConfig: Setting CVar [[r.DOF.Kernel.MaxForegroundRadius:0.025]]
[2026.05.02-09.45.49:225][  0]LogConfig: Setting CVar [[r.DOF.Kernel.MaxBackgroundRadius:0.025]]
[2026.05.02-09.45.49:225][  0]LogConfig: Applying CVar settings from Section [TextureQuality@3] File [C:/Users/user/Documents/GitHub Unreal/Snake/Snake/Saved/Config/Windows/Scalability.ini]
[2026.05.02-09.45.49:225][  0]LogConfig: Setting CVar [[r.Streaming.MipBias:0]]
[2026.05.02-09.45.49:225][  0]LogConfig: Setting CVar [[r.Streaming.AmortizeCPUToGPUCopy:0]]
[2026.05.02-09.45.49:226][  0]LogConfig: Setting CVar [[r.Streaming.MaxNumTexturesToStreamPerFrame:0]]
[2026.05.02-09.45.49:226][  0]LogConfig: Setting CVar [[r.Streaming.Boost:1]]
[2026.05.02-09.45.49:226][  0]LogConfig: Setting CVar [[r.MaxAnisotropy:8]]
[2026.05.02-09.45.49:226][  0]LogConfig: Setting CVar [[r.VT.MaxAnisotropy:8]]
[2026.05.02-09.45.49:226][  0]LogConfig: Setting CVar [[r.Streaming.LimitPoolSizeToVRAM:0]]
[2026.05.02-09.45.49:226][  0]LogConfig: Setting CVar [[r.Streaming.PoolSize:1000]]
[2026.05.02-09.45.49:226][  0]LogConfig: Setting CVar [[r.Streaming.MaxEffectiveScreenSize:0]]
[2026.05.02-09.45.49:226][  0]LogConfig: Applying CVar settings from Section [EffectsQuality@3] File [C:/Users/user/Documents/GitHub Unreal/Snake/Snake/Saved/Config/Windows/Scalability.ini]
[2026.05.02-09.45.49:226][  0]LogConfig: Setting CVar [[r.TranslucencyLightingVolumeDim:64]]
[2026.05.02-09.45.49:226][  0]LogConfig: Setting CVar [[r.RefractionQuality:2]]
[2026.05.02-09.45.49:226][  0]LogConfig: Setting CVar [[r.SSR.Quality:3]]
[2026.05.02-09.45.49:226][  0]LogConfig: Setting CVar [[r.SSR.HalfResSceneColor:0]]
[2026.05.02-09.45.49:226][  0]LogConfig: Setting CVar [[r.SceneColorFormat:4]]
[2026.05.02-09.45.49:226][  0]LogConfig: Setting CVar [[r.DetailMode:2]]
[2026.05.02-09.45.49:226][  0]LogConfig: Setting CVar [[r.TranslucencyVolumeBlur:1]]
[2026.05.02-09.45.49:226][  0]LogConfig: Setting CVar [[r.MaterialQualityLevel:1 ; High quality]]
[2026.05.02-09.45.49:226][  0]LogConfig: Setting CVar [[r.AnisotropicMaterials:1]]
[2026.05.02-09.45.49:226][  0]LogConfig: Setting CVar [[r.SSS.Scale:1]]
[2026.05.02-09.45.49:226][  0]LogConfig: Setting CVar [[r.SSS.SampleSet:2]]
[2026.05.02-09.45.49:226][  0]LogConfig: Setting CVar [[r.SSS.Quality:1]]
[2026.05.02-09.45.49:226][  0]LogConfig: Setting CVar [[r.SSS.HalfRes:0]]
[2026.05.02-09.45.49:226][  0]LogConfig: Setting CVar [[r.SSGI.Quality:3]]
[2026.05.02-09.45.49:226][  0]LogConfig: Setting CVar [[r.EmitterSpawnRateScale:1.0]]
[2026.05.02-09.45.49:226][  0]LogConfig: Setting CVar [[r.ParticleLightQuality:2]]
[2026.05.02-09.45.49:226][  0]LogConfig: Setting CVar [[r.SkyAtmosphere.AerialPerspectiveLUT.FastApplyOnOpaque:1 ; Always have FastSkyLUT 1 in this case to avoid wrong sky]]
[2026.05.02-09.45.49:226][  0]LogConfig: Setting CVar [[r.SkyAtmosphere.AerialPerspectiveLUT.SampleCountMaxPerSlice:4]]
[2026.05.02-09.45.49:226][  0]LogConfig: Setting CVar [[r.SkyAtmosphere.AerialPerspectiveLUT.DepthResolution:16.0]]
[2026.05.02-09.45.49:227][  0]LogConfig: Setting CVar [[r.SkyAtmosphere.FastSkyLUT:1]]
[2026.05.02-09.45.49:227][  0]LogConfig: Setting CVar [[r.SkyAtmosphere.FastSkyLUT.SampleCountMin:4.0]]
[2026.05.02-09.45.49:227][  0]LogConfig: Setting CVar [[r.SkyAtmosphere.FastSkyLUT.SampleCountMax:128.0]]
[2026.05.02-09.45.49:227][  0]LogConfig: Setting CVar [[r.SkyAtmosphere.SampleCountMin:4.0]]
[2026.05.02-09.45.49:227][  0]LogConfig: Setting CVar [[r.SkyAtmosphere.SampleCountMax:128.0]]
[2026.05.02-09.45.49:227][  0]LogConfig: Setting CVar [[r.SkyAtmosphere.TransmittanceLUT.UseSmallFormat:0]]
[2026.05.02-09.45.49:227][  0]LogConfig: Setting CVar [[r.SkyAtmosphere.TransmittanceLUT.SampleCount:10.0]]
[2026.05.02-09.45.49:227][  0]LogConfig: Setting CVar [[r.SkyAtmosphere.MultiScatteringLUT.SampleCount:15.0]]
[2026.05.02-09.45.49:227][  0]LogConfig: Setting CVar [[r.SkyLight.RealTimeReflectionCapture:1]]
[2026.05.02-09.45.49:227][  0]LogConfig: Applying CVar settings from Section [FoliageQuality@3] File [C:/Users/user/Documents/GitHub Unreal/Snake/Snake/Saved/Config/Windows/Scalability.ini]
[2026.05.02-09.45.49:227][  0]LogConfig: Setting CVar [[foliage.DensityScale:1.0]]
[2026.05.02-09.45.49:227][  0]LogConfig: Setting CVar [[grass.DensityScale:1.0]]
[2026.05.02-09.45.49:227][  0]LogConfig: Applying CVar settings from Section [ShadingQuality@3] File [C:/Users/user/Documents/GitHub Unreal/Snake/Snake/Saved/Config/Windows/Scalability.ini]
[2026.05.02-09.45.49:227][  0]LogConfig: Setting CVar [[r.HairStrands.SkyLighting.IntegrationType:2]]
[2026.05.02-09.45.49:227][  0]LogConfig: Setting CVar [[r.HairStrands.SkyAO.SampleCount:4]]
[2026.05.02-09.45.49:227][  0]LogConfig: Setting CVar [[r.HairStrands.Visibility.MSAA.SamplePerPixel:4]]
[2026.05.02-09.45.49:227][  0]LogInit: Selected Device Profile: [Windows]
[2026.05.02-09.45.49:227][  0]LogInit: Applying CVar settings loaded from the selected device profile: [Windows]
[2026.05.02-09.45.49:227][  0]LogHAL: Display: Platform has ~ 16 GB [16469520384 / 17179869184 / 16], which maps to Larger [LargestMinGB=32, LargerMinGB=12, DefaultMinGB=8, SmallerMinGB=6, SmallestMinGB=0)
[2026.05.02-09.45.49:227][  0]LogInit: Going up to parent DeviceProfile []
[2026.05.02-09.45.49:227][  0]LogConfig: Applying CVar settings from Section [ViewDistanceQuality@1] File [C:/Users/user/Documents/GitHub Unreal/Snake/Snake/Saved/Config/Windows/Scalability.ini]
[2026.05.02-09.45.49:227][  0]LogConfig: Setting CVar [[r.SkeletalMeshLODBias:1]]
[2026.05.02-09.45.49:227][  0]LogConfig: Setting CVar [[r.ViewDistanceScale:0.6]]
[2026.05.02-09.45.49:228][  0]LogConfig: Applying CVar settings from Section [AntiAliasingQuality@1] File [C:/Users/user/Documents/GitHub Unreal/Snake/Snake/Saved/Config/Windows/Scalability.ini]
[2026.05.02-09.45.49:228][  0]LogConfig: Setting CVar [[r.PostProcessAAQuality:2]]
[2026.05.02-09.45.49:228][  0]LogConfig: Applying CVar settings from Section [ShadowQuality@1] File [C:/Users/user/Documents/GitHub Unreal/Snake/Snake/Saved/Config/Windows/Scalability.ini]
[2026.05.02-09.45.49:228][  0]LogConfig: Setting CVar [[r.LightFunctionQuality:1]]
[2026.05.02-09.45.49:228][  0]LogConfig: Setting CVar [[r.ShadowQuality:3]]
[2026.05.02-09.45.49:228][  0]LogConfig: Setting CVar [[r.Shadow.CSM.MaxCascades:1]]
[2026.05.02-09.45.49:228][  0]LogConfig: Setting CVar [[r.Shadow.MaxResolution:1024]]
[2026.05.02-09.45.49:228][  0]LogConfig: Setting CVar [[r.Shadow.MaxCSMResolution:1024]]
[2026.05.02-09.45.49:228][  0]LogConfig: Setting CVar [[r.Shadow.RadiusThreshold:0.05]]
[2026.05.02-09.45.49:228][  0]LogConfig: Setting CVar [[r.Shadow.DistanceScale:0.7]]
[2026.05.02-09.45.49:228][  0]LogConfig: Setting CVar [[r.Shadow.CSM.TransitionScale:0.25]]
[2026.05.02-09.45.49:228][  0]LogConfig: Setting CVar [[r.Shadow.PreShadowResolutionFactor:0.5]]
[2026.05.02-09.45.49:228][  0]LogConfig: Setting CVar [[r.DistanceFieldShadowing:0]]
[2026.05.02-09.45.49:228][  0]LogConfig: Setting CVar [[r.DistanceFieldAO:0]]
[2026.05.02-09.45.49:228][  0]LogConfig: Setting CVar [[r.VolumetricFog:0]]
[2026.05.02-09.45.49:228][  0]LogConfig: Setting CVar [[r.LightMaxDrawDistanceScale:.5]]
[2026.05.02-09.45.49:228][  0]LogConfig: Setting CVar [[r.CapsuleShadows:1]]
[2026.05.02-09.45.49:228][  0]LogConfig: Applying CVar settings from Section [PostProcessQuality@1] File [C:/Users/user/Documents/GitHub Unreal/Snake/Snake/Saved/Config/Windows/Scalability.ini]
[2026.05.02-09.45.49:228][  0]LogConfig: Setting CVar [[r.MotionBlurQuality:3]]
[2026.05.02-09.45.49:228][  0]LogConfig: Setting CVar [[r.AmbientOcclusionMipLevelFactor:1.0]]
[2026.05.02-09.45.49:228][  0]LogConfig: Setting CVar [[r.AmbientOcclusionMaxQuality:60]]
[2026.05.02-09.45.49:228][  0]LogConfig: Setting CVar [[r.AmbientOcclusionLevels:-1]]
[2026.05.02-09.45.49:228][  0]LogConfig: Setting CVar [[r.AmbientOcclusionRadiusScale:1.5]]
[2026.05.02-09.45.49:228][  0]LogConfig: Setting CVar [[r.DepthOfFieldQuality:1]]
[2026.05.02-09.45.49:228][  0]LogConfig: Setting CVar [[r.RenderTargetPoolMin:350]]
[2026.05.02-09.45.49:228][  0]LogConfig: Setting CVar [[r.LensFlareQuality:0]]
[2026.05.02-09.45.49:228][  0]LogConfig: Setting CVar [[r.SceneColorFringeQuality:0]]
[2026.05.02-09.45.49:228][  0]LogConfig: Setting CVar [[r.EyeAdaptationQuality:2]]
[2026.05.02-09.45.49:228][  0]LogConfig: Setting CVar [[r.BloomQuality:4]]
[2026.05.02-09.45.49:228][  0]LogConfig: Setting CVar [[r.FastBlurThreshold:2]]
[2026.05.02-09.45.49:228][  0]LogConfig: Setting CVar [[r.Upscale.Quality:2]]
[2026.05.02-09.45.49:228][  0]LogConfig: Setting CVar [[r.Tonemapper.GrainQuantization:0]]
[2026.05.02-09.45.49:228][  0]LogConfig: Setting CVar [[r.LightShaftQuality:0]]
[2026.05.02-09.45.49:228][  0]LogConfig: Setting CVar [[r.Filter.SizeScale:0.7]]
[2026.05.02-09.45.49:228][  0]LogConfig: Setting CVar [[r.Tonemapper.Quality:2]]
[2026.05.02-09.45.49:228][  0]LogConfig: Setting CVar [[r.DOF.Gather.AccumulatorQuality:0        ; lower gathering accumulator quality]]
[2026.05.02-09.45.49:228][  0]LogConfig: Setting CVar [[r.DOF.Gather.PostfilterMethod:2          ; Max3x3 postfilering method]]
[2026.05.02-09.45.49:228][  0]LogConfig: Setting CVar [[r.DOF.Gather.EnableBokehSettings:0       ; no bokeh simulation when gathering]]
[2026.05.02-09.45.49:230][  0]LogConfig: Setting CVar [[r.DOF.Gather.RingCount:3                 ; low number of samples when gathering]]
[2026.05.02-09.45.49:230][  0]LogConfig: Setting CVar [[r.DOF.Scatter.ForegroundCompositing:0    ; no foreground scattering]]
[2026.05.02-09.45.49:230][  0]LogConfig: Setting CVar [[r.DOF.Scatter.BackgroundCompositing:0    ; no foreground scattering]]
[2026.05.02-09.45.49:230][  0]LogConfig: Setting CVar [[r.DOF.Recombine.Quality:0                ; no slight out of focus]]
[2026.05.02-09.45.49:230][  0]LogConfig: Setting CVar [[r.DOF.TemporalAAQuality:0                ; faster temporal accumulation]]
[2026.05.02-09.45.49:230][  0]LogConfig: Setting CVar [[r.DOF.Kernel.MaxForegroundRadius:0.006   ; required because low gathering and no scattering and not looking great at 1080p]]
[2026.05.02-09.45.49:230][  0]LogConfig: Setting CVar [[r.DOF.Kernel.MaxBackgroundRadius:0.006   ; required because low gathering and no scattering and not looking great at 1080p]]
[2026.05.02-09.45.49:230][  0]LogConfig: Applying CVar settings from Section [TextureQuality@1] File [C:/Users/user/Documents/GitHub Unreal/Snake/Snake/Saved/Config/Windows/Scalability.ini]
[2026.05.02-09.45.49:230][  0]LogConfig: Setting CVar [[r.Streaming.MipBias:1]]
[2026.05.02-09.45.49:230][  0]LogConfig: Setting CVar [[r.Streaming.AmortizeCPUToGPUCopy:0]]
[2026.05.02-09.45.49:230][  0]LogConfig: Setting CVar [[r.Streaming.MaxNumTexturesToStreamPerFrame:0]]
[2026.05.02-09.45.49:230][  0]LogConfig: Setting CVar [[r.Streaming.Boost:1]]
[2026.05.02-09.45.49:230][  0]LogConfig: Setting CVar [[r.MaxAnisotropy:2]]
[2026.05.02-09.45.49:230][  0]LogConfig: Setting CVar [[r.VT.MaxAnisotropy:4]]
[2026.05.02-09.45.49:230][  0]LogConfig: Setting CVar [[r.Streaming.LimitPoolSizeToVRAM:1]]
[2026.05.02-09.45.49:230][  0]LogConfig: Setting CVar [[r.Streaming.PoolSize:600]]
[2026.05.02-09.45.49:230][  0]LogConfig: Setting CVar [[r.Streaming.MaxEffectiveScreenSize:0]]
[2026.05.02-09.45.49:230][  0]LogConfig: Applying CVar settings from Section [EffectsQuality@1] File [C:/Users/user/Documents/GitHub Unreal/Snake/Snake/Saved/Config/Windows/Scalability.ini]
[2026.05.02-09.45.49:230][  0]LogConfig: Setting CVar [[r.TranslucencyLightingVolumeDim:32]]
[2026.05.02-09.45.49:230][  0]LogConfig: Setting CVar [[r.RefractionQuality:0]]
[2026.05.02-09.45.49:230][  0]LogConfig: Setting CVar [[r.SSR.Quality:0]]
[2026.05.02-09.45.49:230][  0]LogConfig: Setting CVar [[r.SSR.HalfResSceneColor:1]]
[2026.05.02-09.45.49:230][  0]LogConfig: Setting CVar [[r.SceneColorFormat:3]]
[2026.05.02-09.45.49:231][  0]LogConfig: Setting CVar [[r.DetailMode:1]]
[2026.05.02-09.45.49:231][  0]LogConfig: Setting CVar [[r.TranslucencyVolumeBlur:0]]
[2026.05.02-09.45.49:231][  0]LogConfig: Setting CVar [[r.MaterialQualityLevel:2 ; Medium quality]]
[2026.05.02-09.45.49:231][  0]LogConfig: Setting CVar [[r.AnisotropicMaterials:0]]
[2026.05.02-09.45.49:231][  0]LogConfig: Setting CVar [[r.SSS.Scale:0.75]]
[2026.05.02-09.45.49:231][  0]LogConfig: Setting CVar [[r.SSS.SampleSet:0]]
[2026.05.02-09.45.49:231][  0]LogConfig: Setting CVar [[r.SSS.Quality:0]]
[2026.05.02-09.45.49:231][  0]LogConfig: Setting CVar [[r.SSS.HalfRes:1]]
[2026.05.02-09.45.49:231][  0]LogConfig: Setting CVar [[r.SSGI.Quality:1]]
[2026.05.02-09.45.49:231][  0]LogConfig: Setting CVar [[r.EmitterSpawnRateScale:0.25]]
[2026.05.02-09.45.49:232][  0]LogConfig: Setting CVar [[r.ParticleLightQuality:0]]
[2026.05.02-09.45.49:232][  0]LogConfig: Setting CVar [[r.SkyAtmosphere.AerialPerspectiveLUT.FastApplyOnOpaque:1 ; Always have FastSkyLUT 1 in this case to avoid wrong sky]]
[2026.05.02-09.45.49:232][  0]LogConfig: Setting CVar [[r.SkyAtmosphere.AerialPerspectiveLUT.SampleCountMaxPerSlice:1]]
[2026.05.02-09.45.49:232][  0]LogConfig: Setting CVar [[r.SkyAtmosphere.AerialPerspectiveLUT.DepthResolution:16.0]]
[2026.05.02-09.45.49:232][  0]LogConfig: Setting CVar [[r.SkyAtmosphere.FastSkyLUT:1]]
[2026.05.02-09.45.49:232][  0]LogConfig: Setting CVar [[r.SkyAtmosphere.FastSkyLUT.SampleCountMin:4.0]]
[2026.05.02-09.45.49:232][  0]LogConfig: Setting CVar [[r.SkyAtmosphere.FastSkyLUT.SampleCountMax:32.0]]
[2026.05.02-09.45.49:232][  0]LogConfig: Setting CVar [[r.SkyAtmosphere.SampleCountMin:4.0]]
[2026.05.02-09.45.49:232][  0]LogConfig: Setting CVar [[r.SkyAtmosphere.SampleCountMax:32.0]]
[2026.05.02-09.45.49:232][  0]LogConfig: Setting CVar [[r.SkyAtmosphere.TransmittanceLUT.UseSmallFormat:0]]
[2026.05.02-09.45.49:232][  0]LogConfig: Setting CVar [[r.SkyAtmosphere.TransmittanceLUT.SampleCount:10.0]]
[2026.05.02-09.45.49:232][  0]LogConfig: Setting CVar [[r.SkyAtmosphere.MultiScatteringLUT.SampleCount:15.0]]
[2026.05.02-09.45.49:232][  0]LogConfig: Setting CVar [[r.SkyLight.RealTimeReflectionCapture:0]]
[2026.05.02-09.45.49:232][  0]LogConfig: Applying CVar settings from Section [FoliageQuality@1] File [C:/Users/user/Documents/GitHub Unreal/Snake/Snake/Saved/Config/Windows/Scalability.ini]
[2026.05.02-09.45.49:232][  0]LogConfig: Setting CVar [[foliage.DensityScale:0.4]]
[2026.05.02-09.45.49:232][  0]LogConfig: Setting CVar [[grass.DensityScale:0.4]]
[2026.05.02-09.45.49:232][  0]LogConfig: Applying CVar settings from Section [ShadingQuality@1] File [C:/Users/user/Documents/GitHub Unreal/Snake/Snake/Saved/Config/Windows/Scalability.ini]
[2026.05.02-09.45.49:232][  0]LogConfig: Setting CVar [[r.HairStrands.SkyLighting.IntegrationType:2]]
[2026.05.02-09.45.49:232][  0]LogConfig: Setting CVar [[r.HairStrands.SkyAO.SampleCount:4]]
[2026.05.02-09.45.49:232][  0]LogConfig: Setting CVar [[r.HairStrands.Visibility.MSAA.SamplePerPixel:1]]
[2026.05.02-09.45.49:232][  0]LogConfig: Applying CVar settings from Section [Startup] File [../../../Engine/Config/ConsoleVariables.ini]
[2026.05.02-09.45.49:233][  0]LogConfig: Setting CVar [[net.UseAdaptiveNetUpdateFrequency:0]]
[2026.05.02-09.45.49:234][  0]LogConfig: Setting CVar [[p.chaos.AllowCreatePhysxBodies:1]]
[2026.05.02-09.45.49:234][  0]LogConfig: Setting CVar [[fx.SkipVectorVMBackendOptimizations:1]]
[2026.05.02-09.45.49:234][  0]LogConfig: Applying CVar settings from Section [ConsoleVariables] File [C:/Users/user/Documents/GitHub Unreal/Snake/Snake/Saved/Config/Windows/Engine.ini]
[2026.05.02-09.45.49:234][  0]LogConfig: Applying CVar settings from Section [ConsoleVariables] File [C:/Users/user/Documents/GitHub Unreal/Snake/Snake/Saved/Config/Windows/Editor.ini]
[2026.05.02-09.45.49:234][  0]LogInit: Computer: WIN-F0BR1M2G8QI
[2026.05.02-09.45.49:234][  0]LogInit: User: user
[2026.05.02-09.45.49:234][  0]LogInit: CPU Page size=4096, Cores=8
[2026.05.02-09.45.49:234][  0]LogInit: High frequency timer resolution =10.000000 MHz
[2026.05.02-09.45.49:234][  0]LogMemory: Memory total: Physical=15.3GB (16GB approx)
[2026.05.02-09.45.49:234][  0]LogMemory: Platform Memory Stats for Windows
[2026.05.02-09.45.49:234][  0]LogMemory: Process Physical Memory: 151.02 MB used, 151.02 MB peak
[2026.05.02-09.45.49:234][  0]LogMemory: Process Virtual Memory: 129.78 MB used, 129.78 MB peak
[2026.05.02-09.45.49:234][  0]LogMemory: Physical Memory: 11511.16 MB used,  4195.39 MB free, 15706.56 MB total
[2026.05.02-09.45.49:234][  0]LogMemory: Virtual Memory: 134214112.00 MB used,  3613.54 MB free, 134217728.00 MB total
[2026.05.02-09.45.49:299][  0]LogWindows: WindowsPlatformFeatures enabled
[2026.05.02-09.45.49:614][  0]LogInit: Physics initialised using underlying interface: PhysX
[2026.05.02-09.45.49:616][  0]LogInit: Using OS detected language (ru-RU).
[2026.05.02-09.45.49:616][  0]LogInit: Using OS detected locale (ru-RU).
[2026.05.02-09.45.49:622][  0]LogTextLocalizationManager: No specific localization for 'ru-RU' exists, so the 'ru' localization will be used.
[2026.05.02-09.45.49:622][  0]LogTextLocalizationResource: LocRes '../../../Engine/Content/Localization/Editor/ru/Editor.locres' could not be opened for reading!
[2026.05.02-09.45.49:622][  0]LogTextLocalizationResource: LocRes '../../../Engine/Content/Localization/EditorTutorials/ru/EditorTutorials.locres' could not be opened for reading!
[2026.05.02-09.45.49:623][  0]LogTextLocalizationResource: LocRes '../../../Engine/Content/Localization/Keywords/ru/Keywords.locres' could not be opened for reading!
[2026.05.02-09.45.49:623][  0]LogTextLocalizationResource: LocRes '../../../Engine/Content/Localization/Category/ru/Category.locres' could not be opened for reading!
[2026.05.02-09.45.49:623][  0]LogTextLocalizationResource: LocRes '../../../Engine/Content/Localization/ToolTips/ru/ToolTips.locres' could not be opened for reading!
[2026.05.02-09.45.49:624][  0]LogTextLocalizationResource: LocRes '../../../Engine/Content/Localization/PropertyNames/ru/PropertyNames.locres' could not be opened for reading!
[2026.05.02-09.45.49:624][  0]LogTextLocalizationResource: LocRes '../../../Engine/Content/Localization/Engine/ru/Engine.locres' could not be opened for reading!
[2026.05.02-09.45.49:630][  0]LogInit: Setting process to per monitor DPI aware
[2026.05.02-09.45.49:674][  0]LogWindowsTextInputMethodSystem: Display: IME system deactivated.
[2026.05.02-09.45.49:747][  0]LogSlate: New Slate User Created.  User Index 0, Is Virtual User: 0
[2026.05.02-09.45.49:747][  0]LogSlate: Slate User Registered.  User Index 0, Is Virtual User: 0
[2026.05.02-09.45.53:872][  0]LogD3D11RHI: Loaded GFSDK_Aftermath_Lib.x64.dll
[2026.05.02-09.45.53:894][  0]LogHMD: Failed to initialize OpenVR with code 110
[2026.05.02-09.45.53:894][  0]LogD3D11RHI: D3D11 min allowed feature level: 11_0
[2026.05.02-09.45.53:894][  0]LogD3D11RHI: D3D11 max allowed feature level: 11_0
[2026.05.02-09.45.53:894][  0]LogD3D11RHI: D3D11 adapters:
[2026.05.02-09.45.53:979][  0]LogD3D11RHI:    0. 'AMD Radeon(TM) Graphics' (Feature Level 11_0)
[2026.05.02-09.45.53:979][  0]LogD3D11RHI:       495/0/7853 MB DedicatedVideo/DedicatedSystem/SharedSystem, Outputs:1, VendorId:0x1002
[2026.05.02-09.45.53:987][  0]LogD3D11RHI:    1. 'Microsoft Basic Render Driver' (Feature Level 11_0)
[2026.05.02-09.45.53:987][  0]LogD3D11RHI:       0/0/7853 MB DedicatedVideo/DedicatedSystem/SharedSystem, Outputs:0, VendorId:0x1414
[2026.05.02-09.45.54:054][  0]LogD3D11RHI:    2. 'AMD Radeon(TM) Graphics' (Feature Level 11_0)
[2026.05.02-09.45.54:054][  0]LogD3D11RHI:       495/0/7853 MB DedicatedVideo/DedicatedSystem/SharedSystem, Outputs:0, VendorId:0x1002
[2026.05.02-09.45.54:054][  0]LogD3D11RHI: Chosen D3D11 Adapter:
[2026.05.02-09.45.54:054][  0]LogD3D11RHI:     Description : AMD Radeon(TM) Graphics
[2026.05.02-09.45.54:054][  0]LogD3D11RHI:     VendorId    : 1002
[2026.05.02-09.45.54:054][  0]LogD3D11RHI:     DeviceId    : 164c
[2026.05.02-09.45.54:054][  0]LogD3D11RHI:     SubSysId    : 1410152d
[2026.05.02-09.45.54:054][  0]LogD3D11RHI:     Revision    : 00c1
[2026.05.02-09.45.54:054][  0]LogD3D11RHI:     DedicatedVideoMemory : 519634944 bytes
[2026.05.02-09.45.54:054][  0]LogD3D11RHI:     DedicatedSystemMemory : 0 bytes
[2026.05.02-09.45.54:054][  0]LogD3D11RHI:     SharedSystemMemory : 8234760192 bytes
[2026.05.02-09.45.54:054][  0]LogD3D11RHI:     AdapterLuid : 0 45828
[2026.05.02-09.45.54:065][  0]LogD3D11RHI: Creating new Direct3DDevice
[2026.05.02-09.45.54:066][  0]LogD3D11RHI:     GPU DeviceId: 0x164c (for the marketing name, search the web for "GPU Device Id")
[2026.05.02-09.45.54:066][  0]LogWindows: EnumDisplayDevices:
[2026.05.02-09.45.54:066][  0]LogWindows:    0. 'AMD Radeon(TM) Graphics' (P:1 D:1)
[2026.05.02-09.45.54:067][  0]LogWindows:    1. 'AMD Radeon(TM) Graphics' (P:0 D:0)
[2026.05.02-09.45.54:068][  0]LogWindows:    2. 'AMD Radeon(TM) Graphics' (P:0 D:0)
[2026.05.02-09.45.54:069][  0]LogWindows:    3. 'IddDesk Device' (P:0 D:0)
[2026.05.02-09.45.54:069][  0]LogWindows:    4. 'IddDesk Device' (P:0 D:0)
[2026.05.02-09.45.54:070][  0]LogWindows:    5. 'IddDesk Device' (P:0 D:0)
[2026.05.02-09.45.54:070][  0]LogWindows:    6. 'IddDesk Device' (P:0 D:0)
[2026.05.02-09.45.54:071][  0]LogWindows:    7. 'IddDesk Device' (P:0 D:0)
[2026.05.02-09.45.54:071][  0]LogWindows:    8. 'IddDesk Device' (P:0 D:0)
[2026.05.02-09.45.54:072][  0]LogWindows:    9. 'IddDesk Device' (P:0 D:0)
[2026.05.02-09.45.54:072][  0]LogWindows:    10. 'IddDesk Device' (P:0 D:0)
[2026.05.02-09.45.54:073][  0]LogWindows:    11. 'IddDesk Device' (P:0 D:0)
[2026.05.02-09.45.54:073][  0]LogWindows:    12. 'IddDesk Device' (P:0 D:0)
[2026.05.02-09.45.54:073][  0]LogWindows: DebugString: GetVideoDriverDetailsInvalid PrimaryIsNotTheChoosenAdapter GetVideoDriverDetailsInvalid PrimaryIsNotTheChoosenAdapter GetVideoDriverDetailsInvalid PrimaryIsNotTheChoosenAdapter GetVideoDriverDetailsInvalid PrimaryIsNotTheChoosenAdapter GetVideoDriverDetailsInvalid PrimaryIsNotTheChoosenAdapter GetVideoDriverDetailsInvalid PrimaryIsNotTheChoosenAdapter GetVideoDriverDetailsInvalid PrimaryIsNotTheChoosenAdapter GetVideoDriverDetailsInvalid PrimaryIsNotTheChoosenAdapter GetVideoDriverDetailsInvalid PrimaryIsNotTheChoosenAdapter GetVideoDriverDetailsInvalid PrimaryIsNotTheChoosenAdapter FoundDriverCount:3 
[2026.05.02-09.45.54:074][  0]LogD3D11RHI:     Adapter Name: AMD Radeon(TM) Graphics
[2026.05.02-09.45.54:074][  0]LogD3D11RHI:   Driver Version: AMD Software: Adrenalin Edition 26.1.1 (internal:31.0.21924.61, unified:31.0.21924.61)
[2026.05.02-09.45.54:074][  0]LogD3D11RHI:      Driver Date: 12-11-2025
[2026.05.02-09.45.54:074][  0]LogRHI: Texture pool is 5372 MB (70% of 7675 MB)
[2026.05.02-09.45.54:108][  0]LogD3D11RHI: Creating D3DDevice with AMD AGS, using adapter:
[2026.05.02-09.45.54:108][  0]LogD3D11RHI:     Description : AMD Radeon(TM) Graphics
[2026.05.02-09.45.54:108][  0]LogD3D11RHI:     VendorId    : 1002
[2026.05.02-09.45.54:108][  0]LogD3D11RHI:     DeviceId    : 164c
[2026.05.02-09.45.54:108][  0]LogD3D11RHI:     SubSysId    : 1410152d
[2026.05.02-09.45.54:110][  0]LogD3D11RHI:     Revision    : 00c1
[2026.05.02-09.45.54:110][  0]LogD3D11RHI:     DedicatedVideoMemory : 519634944 bytes
[2026.05.02-09.45.54:110][  0]LogD3D11RHI:     DedicatedSystemMemory : 0 bytes
[2026.05.02-09.45.54:110][  0]LogD3D11RHI:     SharedSystemMemory : 8234760192 bytes
[2026.05.02-09.45.54:110][  0]LogD3D11RHI:     AdapterLuid : 0 45828
[2026.05.02-09.45.54:183][  0]LogD3D11RHI: Created device via AGS, feature level 11_0, supported extensions 1fffffbf.
[2026.05.02-09.45.54:183][  0]LogD3D11RHI: RHI has support for 64 bit atomics
[2026.05.02-09.45.54:183][  0]LogD3D11RHI: Async texture creation enabled
[2026.05.02-09.45.54:183][  0]LogD3D11RHI: Array index from any shader is supported
[2026.05.02-09.45.54:197][  0]LogD3D11RHI: GPU Timing Frequency: 100.000000 (Debug: 2 1)
[2026.05.02-09.45.54:760][  0]LogTargetPlatformManager: Display: Loaded TargetPlatform 'AllDesktop'
[2026.05.02-09.45.54:787][  0]LogTargetPlatformManager: Display: Loaded TargetPlatform 'Android'
[2026.05.02-09.45.54:788][  0]LogTargetPlatformManager: Display: Loaded TargetPlatform 'Android_ASTC'
[2026.05.02-09.45.54:788][  0]LogTargetPlatformManager: Display: Loaded TargetPlatform 'Android_DXT'
[2026.05.02-09.45.54:788][  0]LogTargetPlatformManager: Display: Loaded TargetPlatform 'Android_ETC2'
[2026.05.02-09.45.54:788][  0]LogTargetPlatformManager: Display: Loaded TargetPlatform 'AndroidClient'
[2026.05.02-09.45.54:788][  0]LogTargetPlatformManager: Display: Loaded TargetPlatform 'Android_ASTCClient'
[2026.05.02-09.45.54:788][  0]LogTargetPlatformManager: Display: Loaded TargetPlatform 'Android_DXTClient'
[2026.05.02-09.45.54:789][  0]LogTargetPlatformManager: Display: Loaded TargetPlatform 'Android_ETC2Client'
[2026.05.02-09.45.54:789][  0]LogTargetPlatformManager: Display: Loaded TargetPlatform 'Android_Multi'
[2026.05.02-09.45.54:789][  0]LogTargetPlatformManager: Display: Loaded TargetPlatform 'Android_MultiClient'
[2026.05.02-09.45.54:830][  0]LogTargetPlatformManager: Display: Loaded TargetPlatform 'IOSClient'
[2026.05.02-09.45.54:830][  0]LogTargetPlatformManager: Display: Loaded TargetPlatform 'IOS'
[2026.05.02-09.45.54:855][  0]LogTargetPlatformManager: Display: Loaded TargetPlatform 'Linux'
[2026.05.02-09.45.54:868][  0]LogTargetPlatformManager: Display: Loaded TargetPlatform 'LinuxNoEditor'
[2026.05.02-09.45.54:879][  0]LogTargetPlatformManager: Display: Loaded TargetPlatform 'LinuxClient'
[2026.05.02-09.45.54:890][  0]LogTargetPlatformManager: Display: Loaded TargetPlatform 'LinuxServer'
[2026.05.02-09.45.54:909][  0]LogTargetPlatformManager: Display: Loaded TargetPlatform 'LinuxAArch64NoEditor'
[2026.05.02-09.45.54:922][  0]LogTargetPlatformManager: Display: Loaded TargetPlatform 'LinuxAArch64Client'
[2026.05.02-09.45.54:933][  0]LogTargetPlatformManager: Display: Loaded TargetPlatform 'LinuxAArch64Server'
[2026.05.02-09.45.54:970][  0]LogTargetPlatformManager: Display: Loaded TargetPlatform 'Lumin'
[2026.05.02-09.45.54:970][  0]LogTargetPlatformManager: Display: Loaded TargetPlatform 'LuminClient'
[2026.05.02-09.45.54:993][  0]LogTargetPlatformManager: Display: Loaded TargetPlatform 'MacNoEditor'
[2026.05.02-09.45.55:003][  0]LogTargetPlatformManager: Display: Loaded TargetPlatform 'Mac'
[2026.05.02-09.45.55:016][  0]LogTargetPlatformManager: Display: Loaded TargetPlatform 'MacClient'
[2026.05.02-09.45.55:026][  0]LogTargetPlatformManager: Display: Loaded TargetPlatform 'MacServer'
[2026.05.02-09.45.55:044][  0]LogTargetPlatformManager: Display: Loaded TargetPlatform 'TVOSClient'
[2026.05.02-09.45.55:044][  0]LogTargetPlatformManager: Display: Loaded TargetPlatform 'TVOS'
[2026.05.02-09.45.55:058][  0]LogTargetPlatformManager: Display: Loaded TargetPlatform 'WindowsNoEditor'
[2026.05.02-09.45.55:069][  0]LogTargetPlatformManager: Display: Loaded TargetPlatform 'Windows'
[2026.05.02-09.45.55:081][  0]LogTargetPlatformManager: Display: Loaded TargetPlatform 'WindowsClient'
[2026.05.02-09.45.55:094][  0]LogTargetPlatformManager: Display: Loaded TargetPlatform 'WindowsServer'
[2026.05.02-09.45.55:095][  0]LogTargetPlatformManager: Display: Building Assets For Windows
[2026.05.02-09.45.55:186][  0]LogAudioDebug: Display: Lib vorbis DLL was dynamically loaded.
[2026.05.02-09.45.55:346][  0]LogTextureFormatOodle: Display: Oodle Texture 2.9.0 init RDO Off
[2026.05.02-09.45.55:521][  0]LogRendererCore: Ray tracing is disabled. Reason: r.RayTracing=0.
[2026.05.02-09.45.55:521][  0]LogShaderCompilers: Guid format shader working directory is -20 characters bigger than the processId version (../../../../../../Users/user/Documents/GitHub Unreal/Snake/Snake/Intermediate/Shaders/WorkingDirectory/30808/).
[2026.05.02-09.45.55:521][  0]LogShaderCompilers: Cleaned the shader compiler working directory 'C:/Users/user/AppData/Local/Temp/UnrealShaderWorkingDir/F255231646B6E86249A25EBEFFC3020E/'.
[2026.05.02-09.45.55:522][  0]LogXGEController: Cannot use XGE Controller as Incredibuild is not installed on this machine.
[2026.05.02-09.45.55:522][  0]LogShaderCompilers: Cannot use XGE Shader Compiler as Incredibuild is not installed on this machine.
[2026.05.02-09.45.55:522][  0]LogShaderCompilers: Display: Using Local Shader Compiler.
[2026.05.02-09.46.00:750][  0]LogDerivedDataCache: Display: Max Cache Size: 512 MB
[2026.05.02-09.46.00:827][  0]LogDerivedDataCache: Loaded boot cache 0.08s 94MB C:/Users/user/AppData/Local/UnrealEngine/4.27/DerivedDataCache/Boot.ddc.
[2026.05.02-09.46.00:827][  0]LogDerivedDataCache: Display: Loaded Boot cache: C:/Users/user/AppData/Local/UnrealEngine/4.27/DerivedDataCache/Boot.ddc
[2026.05.02-09.46.00:827][  0]LogDerivedDataCache: FDerivedDataBackendGraph:  Pak pak cache file ../../../../../../Users/user/Documents/GitHub Unreal/Snake/Snake/DerivedDataCache/DDC.ddp not found, will not use a pak cache.
[2026.05.02-09.46.00:827][  0]LogDerivedDataCache: Unable to find inner node Pak for hierarchical cache Hierarchy.
[2026.05.02-09.46.00:828][  0]LogDerivedDataCache: FDerivedDataBackendGraph:  CompressedPak pak cache file ../../../../../../Users/user/Documents/GitHub Unreal/Snake/Snake/DerivedDataCache/Compressed.ddp not found, will not use a pak cache.
[2026.05.02-09.46.00:828][  0]LogDerivedDataCache: Unable to find inner node CompressedPak for hierarchical cache Hierarchy.
[2026.05.02-09.46.00:859][  0]LogDerivedDataCache: Display: Pak cache opened for reading ../../../Engine/DerivedDataCache/Compressed.ddp.
[2026.05.02-09.46.00:859][  0]LogDerivedDataCache: FDerivedDataBackendGraph:  EnterprisePak pak cache file ../../../Enterprise/DerivedDataCache/Compressed.ddp not found, will not use a pak cache.
[2026.05.02-09.46.00:860][  0]LogDerivedDataCache: Unable to find inner node EnterprisePak for hierarchical cache Hierarchy.
[2026.05.02-09.46.00:934][  0]LogDerivedDataCache: Speed tests for C:/Users/user/AppData/Local/UnrealEngine/Common/DerivedDataCache took 0.07 seconds
[2026.05.02-09.46.00:934][  0]LogDerivedDataCache: Display: Performance to C:/Users/user/AppData/Local/UnrealEngine/Common/DerivedDataCache: Latency=0.03ms. RandomReadSpeed=15.06MBs, RandomWriteSpeed=81.80MBs. Assigned SpeedClass 'Local'
[2026.05.02-09.46.00:936][  0]LogDerivedDataCache: Using Local data cache path C:/Users/user/AppData/Local/UnrealEngine/Common/DerivedDataCache: Writable
[2026.05.02-09.46.00:937][  0]LogDerivedDataCache: Shared data cache path not found in *engine.ini, will not use an Shared cache.
[2026.05.02-09.46.00:937][  0]LogDerivedDataCache: Unable to find inner node Shared for hierarchical cache Hierarchy.
[2026.05.02-09.46.00:978][  0]LogSlate: Using FreeType 2.10.0
[2026.05.02-09.46.00:992][  0]LogSlate: SlateFontServices - WITH_FREETYPE: 1, WITH_HARFBUZZ: 1
[2026.05.02-09.46.01:027][  0]LogAssetRegistry: FAssetRegistry took 0.0051 seconds to start up
[2026.05.02-09.46.01:271][  0]LogInit: Selected Device Profile: [Windows]
[2026.05.02-09.46.01:271][  0]LogInit: Active device profile: [00000274B9ACC700][00000274B4608580 49] Windows
[2026.05.02-09.46.01:271][  0]LogInit: Profiles: [00000274B9ACC700][00000274B4608580 49] Windows, [00000274B9A87700][00000274BBE2C6C0 49] WindowsNoEditor, [00000274B9ACF300][00000274B99FE800 49] WindowsServer, [00000274B9A84F00][00000274B4616940 49] WindowsClient, [00000274B9ACF500][00000274BBE28AC0 49] IOS, [00000274B9A83F00][00000274B463EC40 49] iPadAir, [00000274B9A87B00][00000274B461EDC0 49] iPadAir2, [00000274B9A40500][00000274B463B080 49] IPadPro, [00000274B9A40600][00000274B46230C0 49] iPadAir3, [00000274B9A80100][00000274BBDBD240 49] iPadAir4, [00000274B9A42C00][00000274BBDC13C0 49] iPadMini2, [00000274B9A82500][00000274BBDC5540 49] iPadMini3, [00000274B9A43400][00000274BBDC96C0 49] iPadMini4, [00000274B9A80F00][00000274BBDCD840 49] iPadMini5, [00000274BBA27E00][00000274BBDD5B00 49] iPhone6, [00000274BBA27F00][00000274BBDD1B40 49] iPodTouch6, [00000274B9ACF900][00000274B9772280 49] iPhone7, [00000274B9ACE100][00000274BBDD82C0 49] iPodTouch7, [00000274BBA24400][00000274B9776440 49] iPhone5S, [00000274B9A43D00][00000274B977A5C0 49] iPhone6Plus, [00000274B9ACF400][00000274B977E740 49] iPhone6S, [00000274B9A42000][00000274B461A880 49] iPhone6SPlus, [00000274B9ACC900][00000274B97829C0 49] iPhone7Plus, [00000274B9A40E00][00000274B9786B00 49] iPhoneSE, [00000274B9ACC200][00000274B978EC80 49] iPhone8, [00000274B9A42400][00000274B9792E00 49] iPhone8Plus, [00000274B9ACDE00][00000274B9796F80 49] iPhoneX, [00000274B9A43E00][00000274B979B100 49] iPhoneXS, [00000274B9ACD600][00000274B979F280 49] iPhoneXSMax, [00000274B9A42500][00000274B97A3400 49] iPhoneXR, [00000274B9ACEA00][00000274B97A7580 49] iPhone11, [00000274B9A43A00][00000274B97AB700 49] iPhone11Pro, [00000274B9ACCF00][00000274B97AF880 49] iPhone11ProMax, [00000274B9A42300][00000274B97B3A00 49] iPhoneSE2, [00000274B9ACE700][00000274B97B7B80 49] iPhone12Mini, [00000274B9A40700][00000274B97BA180 49] iPhone12, [00000274B9ACF100][00000274B97BE300 49] iPhone12Pro, [00000274B9A43500][00000274B97C2480 49] iPhone12ProMax, [00000274B9ACC800][00000274B97C6600 49] iPadPro105, [00000274B9A41C00][00000274B97CA780 49] iPadPro129, [00000274B9ACC300][00000274B97CE900 49] iPadPro97, [00000274B9A41D00][00000274B978AA40 49] iPadPro2_129, [00000274B9ACCC00][00000274B97D2B80 49] iPad5, [00000274B9A43000][00000274B97D6CC0 49] iPad6, [00000274B9ACEC00][00000274B97DEE40 49] iPad7, [00000274B9A42E00][00000274B97E2FC0 49] iPad8, [00000274B9ACD800][00000274B97E7140 49] iPadPro11, [00000274B9A41B00][00000274B97EB2C0 49] iPadPro2_11, [00000274B9ACD500][00000274B97EF440 49] iPadPro3_129, [00000274B9A42700][00000274B97F35C0 49] iPadPro4_129, [00000274B9ACC100][00000274B97F7740 49] AppleTV, [00000274B9A42B00][00000274B97FB8C0 49] AppleTV4K, [00000274B9ACDB00][00000274B97FFA40 49] TVOS, [00000274B9A40900][00000274B9803BC0 49] Mac, [00000274B9ACD700][00000274BBC761C0 49] MacClient, [00000274B9A42F00][00000274BBC7A340 49] MacNoEditor, [00000274B9ACCD00][00000274BBC7E4C0 49] MacServer, [00000274B9A40300][00000274BBC82640 49] Linux, [00000274B9ACEE00][00000274BBC867C0 49] LinuxAArch64, [00000274B9A41500][00000274BBC8A940 49] LinuxNoEditor, [00000274B9ACE400][00000274BBC8EAC0 49] LinuxAArch64NoEditor, [00000274B9A40200][00000274B97DAC00 49] LinuxClient, [00000274B9ACED00][00000274BBC92D40 49] LinuxAArch64Client, [00000274B9A40C00][00000274BBC96E80 49] LinuxServer, [00000274B9ACC400][00000274BBC9AFC0 49] LinuxAArch64Server, [00000274B9A41000][00000274BBCA3140 49] Android, [00000274B9A83900][00000274BBCA72C0 49] Android_Low, [00000274BBA25B00][00000274BBCAB440 49] Android_Mid, [00000274B9A83000][00000274BBCAF5C0 49] Android_High, [00000274BBA26300][00000274BBCB3740 49] Android_Default, [00000274B9A82000][00000274BBCB78C0 49] Android_Adreno4xx, [00000274BBA24100][00000274BBCBBA40 49] Android_Adreno5xx_Low, [00000274B9A80B00][00000274BBCBFBC0 49] Android_Adreno5xx, [00000274BBA25800][00000274BBCC21C0 49] Android_Adreno6xx, [00000274B9A81100][00000274BBCC6340 49] Android_Adreno6xx_Vulkan, [00000274BBA24800][00000274BBCCA4C0 49] Android_Mali_T6xx, [00000274B9A83600][00000274B4410640 49] Android_Mali_T7xx, [00000274BBA24D00][00000274B44147C0 49] Android_Mali_T8xx, [00000274B9A83C00][00000274B4418940 49] Android_Mali_G71, [00000274BBA25500][00000274B441CAC0 49] Android_Mali_G72, [00000274B9A83E00][00000274B4420C40 49] Android_Mali_G72_Vulkan, [00000274BBA27D00][00000274BBC9ED80 49] Android_Mali_G76, [00000274B9A83A00][00000274B4424EC0 49] Android_Mali_G76_Vulkan, [00000274BBA27600][00000274B4429000 49] Android_Mali_G77, [00000274B9A82200][00000274B442D140 49] Android_Mali_G77_Vulkan, [00000274BBA25200][00000274B99652C0 49] Android_Mali_G78, [00000274B9A80A00][00000274B9969440 49] Android_Mali_G78_Vulkan, [00000274BBA27000][00000274B996D5C0 49] Android_Mali_G710, [00000274B9A81400][00000274B9971740 49] Android_Mali_G710_Vulkan, [00000274BBA24700][00000274B99758C0 49] Android_Vulkan_SM5, [00000274B9A81800][00000274B9979A40 49] Android_PowerVR_G6xxx, [00000274BBA24E00][00000274B997DBC0 49] Android_PowerVR_GT7xxx, [00000274B9A80200][00000274B99801C0 49] Android_PowerVR_GE8xxx, [00000274BBA24600][00000274B9984340 49] Android_PowerVR_GM9xxx, [00000274B9A82600][00000274B99884C0 49] Android_PowerVR_GM9xxx_Vulkan, [00000274B9A40F00][00000274B998C640 49] Android_TegraK1, [00000274B9A82A00][00000274B99907C0 49] Android_Unknown_Vulkan, [00000274B9A40D00][00000274B9994940 49] Lumin, [00000274B9A81200][00000274BBCCEAC0 49] Lumin_Desktop, [00000274B9A40B00][00000274BBCD2C40 49] HoloLens, 
[2026.05.02-09.46.01:562][  0]LogMeshReduction: Using QuadricMeshReduction for automatic static mesh reduction
[2026.05.02-09.46.01:562][  0]LogMeshReduction: Using SimplygonMeshReduction for automatic skeletal mesh reduction
[2026.05.02-09.46.01:562][  0]LogMeshReduction: Using ProxyLODMeshReduction for automatic mesh merging
[2026.05.02-09.46.01:562][  0]LogMeshReduction: No distributed automatic mesh merging module available
[2026.05.02-09.46.01:562][  0]LogMeshMerging: No distributed automatic mesh merging module available
[2026.05.02-09.46.01:613][  0]LogNetVersion: Snake 1.0.0, NetCL: 17155196, EngineNetVer: 17, GameNetVer: 0 (Checksum: 56763789)
[2026.05.02-09.46.02:950][  0]LogTexture: Default maximum texture size for cubemaps generated from long-lat sources has been changed from 512 to unlimited. In order to preserve old behaiour for '/Engine/MapTemplates/Sky/DaylightAmbientCubemap.DaylightAmbientCubemap', its maximum texture size has been explicitly set to 512.
[2026.05.02-09.46.03:111][  0]LogHMD: PokeAHoleMaterial loaded successfully
[2026.05.02-09.46.03:118][  0]LogUObjectArray: 17178 objects as part of root set at end of initial load.
[2026.05.02-09.46.03:119][  0]LogUObjectAllocator: 4302048 out of 0 bytes used by permanent object pool.
[2026.05.02-09.46.03:119][  0]LogUObjectArray: CloseDisregardForGC: 0/0 objects in disregard for GC pool
[2026.05.02-09.46.04:311][  0]LogPython: Using Python 3.7.7
[2026.05.02-09.46.05:182][  0]LogNiagaraDebuggerClient: Niagara Debugger Client Initialized | Session: 1F91899141A16D452753A6BA11EEE5BF | Instance: 8CF45B084D8223214D1171AAD2950EA4 (WIN-F0BR1M2G8QI-30808).
[2026.05.02-09.46.05:285][  0]LogTcpMessaging: Initializing TcpMessaging bridge
[2026.05.02-09.46.05:298][  0]LogUdpMessaging: Initializing bridge on interface 0.0.0.0:0 to multicast group 230.0.0.1:6666.
[2026.05.02-09.46.05:773][  0]SourceControl: Source control is disabled
[2026.05.02-09.46.05:773][  0]SourceControl: Source control is disabled
[2026.05.02-09.46.05:784][  0]SourceControl: Source control is disabled
[2026.05.02-09.46.05:796][  0]SourceControl: Source control is disabled
[2026.05.02-09.46.05:835][  0]SourceControl: Source control is disabled
[2026.05.02-09.46.05:886][  0]LogUProjectInfo: Found projects:
[2026.05.02-09.46.06:525][  0]LogOpenImageDenoise: OIDN starting up
[2026.05.02-09.46.06:634][  0]LogAndroidPermission: UAndroidPermissionCallbackProxy::GetInstance
[2026.05.02-09.46.06:687][  0]LogAudioCaptureCore: Display: No Audio Capture implementations found. Audio input will be silent.
[2026.05.02-09.46.06:687][  0]LogAudioCaptureCore: Display: No Audio Capture implementations found. Audio input will be silent.
[2026.05.02-09.46.07:263][  0]LogCollectionManager: Loaded 0 collections in 0.001744 seconds
[2026.05.02-09.46.07:310][  0]LogFileCache: Scanning file cache for directory 'C:/Users/user/Documents/GitHub Unreal/Snake/Snake/Saved/Collections/' took 0.00s
[2026.05.02-09.46.07:310][  0]LogFileCache: Scanning file cache for directory 'C:/Users/user/Documents/GitHub Unreal/Snake/Snake/Content/Developers/user/Collections/' took 0.00s
[2026.05.02-09.46.07:311][  0]LogFileCache: Scanning file cache for directory 'C:/Users/user/Documents/GitHub Unreal/Snake/Snake/Content/Collections/' took 0.00s
[2026.05.02-09.46.07:346][  0]LogOcInput: OculusInput pre-init called
[2026.05.02-09.46.07:836][  0]LogEngine: Initializing Engine...
[2026.05.02-09.46.07:916][  0]LogHMD: Failed to enumerate extensions. Please check that you have a valid OpenXR runtime installed.
[2026.05.02-09.46.07:917][  0]LogHMD: Failed to initialize OpenVR with code 110
[2026.05.02-09.46.07:917][  0]LogMagicLeap: Warning: VR disabled because ZI is not enabled.  To enable, in the editor, Edit -> Project Settings -> Plugins -> Magic Leap Plugin -> Enable Zero Iteration
[2026.05.02-09.46.07:919][  0]LogStats: UGameplayTagsManager::InitializeManager -  0.000 s
[2026.05.02-09.46.08:505][  0]LogInit: Initializing FReadOnlyCVARCache
[2026.05.02-09.46.08:521][  0]LogAIModule: Creating AISystem for world Untitled
[2026.05.02-09.46.08:523][  0]LogAudio: Display: Initializing Audio Device Manager...
[2026.05.02-09.46.08:534][  0]LogAudio: Display: Loading Default Audio Settings Objects...
[2026.05.02-09.46.08:543][  0]LogAudio: Display: No default SoundConcurrencyObject specified (or failed to load).
[2026.05.02-09.46.08:544][  0]LogAudio: Display: Audio Device Manager Initialized
[2026.05.02-09.46.08:544][  0]LogAudio: Display: Creating Audio Device:                 Id: 1, Scope: Shared, Realtime: True
[2026.05.02-09.46.08:545][  0]LogAudioMixer: Display: Audio Mixer Platform Settings:
[2026.05.02-09.46.08:545][  0]LogAudioMixer: Display: 	Sample Rate:						  48000
[2026.05.02-09.46.08:545][  0]LogAudioMixer: Display: 	Callback Buffer Frame Size Requested: 1024
[2026.05.02-09.46.08:545][  0]LogAudioMixer: Display: 	Callback Buffer Frame Size To Use:	  1024
[2026.05.02-09.46.08:546][  0]LogAudioMixer: Display: 	Number of buffers to queue:			  2
[2026.05.02-09.46.08:546][  0]LogAudioMixer: Display: 	Max Channels (voices):				  32
[2026.05.02-09.46.08:546][  0]LogAudioMixer: Display: 	Number of Async Source Workers:		  0
[2026.05.02-09.46.08:546][  0]LogAudio: Display: AudioDevice MaxSources: 32
[2026.05.02-09.46.08:546][  0]LogAudio: Display: Audio Spatialization Plugin: None (built-in).
[2026.05.02-09.46.08:546][  0]LogAudio: Display: Audio Reverb Plugin: None (built-in).
[2026.05.02-09.46.08:546][  0]LogAudio: Display: Audio Occlusion Plugin: None (built-in).
[2026.05.02-09.46.08:547][  0]LogAudioMixer: Display: Initializing audio mixer.
[2026.05.02-09.46.08:644][  0]LogAudioMixer: Display: 0: FrontLeft
[2026.05.02-09.46.08:646][  0]LogAudioMixer: Display: 1: FrontRight
[2026.05.02-09.46.08:715][  0]LogAudioMixer: Display: Using Audio Device Наушники (HONOR CHOICE Headphones Pro)
[2026.05.02-09.46.08:716][  0]LogAudioMixer: Display: Initializing Sound Submixes...
[2026.05.02-09.46.08:760][  0]LogAudioMixer: Display: Creating Master Submix 'MasterSubmixDefault'
[2026.05.02-09.46.08:761][  0]LogAudioMixer: Display: Creating Master Submix 'MasterReverbSubmixDefault'
[2026.05.02-09.46.08:762][  0]LogAudioMixer: Display: Creating Master Submix 'MasterEQSubmixDefault'
[2026.05.02-09.46.08:762][  0]LogAudioMixer: FMixerPlatformXAudio2::StartAudioStream() called
[2026.05.02-09.46.08:763][  0]LogAudioMixer: Display: Output buffers initialized: Frames=1024, Channels=2, Samples=2048
[2026.05.02-09.46.08:766][  0]LogAudioMixer: Display: Starting AudioMixerPlatformInterface::RunInternal()
[2026.05.02-09.46.08:766][  0]LogAudioMixer: Display: FMixerPlatformXAudio2::SubmitBuffer() called for the first time
[2026.05.02-09.46.08:766][  0]LogInit: FAudioDevice initialized.
[2026.05.02-09.46.08:766][  0]LogAudio: Display: Audio Device (ID: 1) registered with world 'Untitled'.
[2026.05.02-09.46.08:767][  0]LogNetVersion: Set ProjectVersion to 1.0.0.0. Version Checksum will be recalculated on next use.
[2026.05.02-09.46.08:862][  0]LogDerivedDataCache: Saved boot cache 0.10s 94MB C:/Users/user/AppData/Local/UnrealEngine/4.27/DerivedDataCache/Boot.ddc.
[2026.05.02-09.46.08:863][  0]LogInit: Texture streaming: Enabled
[2026.05.02-09.46.08:901][  0]LogAnalytics: Display: [UEEditor.Rocket.Release] APIServer = https://datarouter.ol.epicgames.com/. AppVersion = 4.27.2-18319896+++UE4+Release-4.27
[2026.05.02-09.46.08:914][  0]LogEngineSessionManager: EngineSessionManager initialized
[2026.05.02-09.46.08:914][  0]LogEngineSessionManager: EngineSessionManager sent abnormal shutdown report. Type=Debugger, SessionId={7C9E6EC6-4F27-9D1E-E3C2-F2842694527B}
[2026.05.02-09.46.08:915][  0]LogEditorSessionSummary: Verbose: Initializing EditorSessionSummaryWriter for editor session tracking
[2026.05.02-09.46.08:920][  0]LogEditorSessionSummary: EditorSessionSummaryWriter initialized
[2026.05.02-09.46.08:970][  0]LogInit: Transaction tracking system initialized
[2026.05.02-09.46.09:036][  0]BlueprintLog: New page: Editor Load
[2026.05.02-09.46.09:211][  0]LocalizationService: Localization service is disabled
[2026.05.02-09.46.09:293][  0]TimingProfiler: Initialize
[2026.05.02-09.46.09:293][  0]TimingProfiler: OnSessionChanged
[2026.05.02-09.46.09:294][  0]LoadingProfiler: Initialize
[2026.05.02-09.46.09:294][  0]LoadingProfiler: OnSessionChanged
[2026.05.02-09.46.09:294][  0]NetworkingProfiler: Initialize
[2026.05.02-09.46.09:294][  0]NetworkingProfiler: OnSessionChanged
[2026.05.02-09.46.09:294][  0]MemoryProfiler: Initialize
[2026.05.02-09.46.09:294][  0]MemoryProfiler: OnSessionChanged
[2026.05.02-09.46.09:940][  0]LogCook: Display: CookSettings for Memory: MemoryMaxUsedVirtual 0MiB, MemoryMaxUsedPhysical 16384MiB, MemoryMinFreeVirtual 0MiB, MemoryMinFreePhysical 1024MiB
[2026.05.02-09.46.09:941][  0]LogFileCache: Scanning file cache for directory 'C:/Users/user/Documents/GitHub Unreal/Snake/Snake/Content/' took 0.01s
[2026.05.02-09.46.09:941][  0]LogCook: Display: Mobile HDR setting 1
[2026.05.02-09.46.10:648][  0]LogInit: Display: Engine is initialized. Leaving FEngineLoop::Init()
[2026.05.02-09.46.10:653][  0]SourceControl: Source control is disabled
[2026.05.02-09.46.10:653][  0]LogUnrealEdMisc: Loading editor; pre map load, took 24.983
[2026.05.02-09.46.10:654][  0]Cmd: MAP LOAD FILE="../../../../../../Users/user/Documents/GitHub Unreal/Snake/Snake/Content/main.umap" TEMPLATE=0 SHOWPROGRESS=1 FEATURELEVEL=3
[2026.05.02-09.46.10:661][  0]LightingResults: New page: Lighting Build
[2026.05.02-09.46.10:663][  0]LogWorld: UWorld::CleanupWorld for Untitled, bSessionEnded=true, bCleanupResources=true
[2026.05.02-09.46.10:664][  0]LogSlate: InvalidateAllWidgets triggered.  All widgets were invalidated
[2026.05.02-09.46.10:664][  0]MapCheck: New page: Map Check
[2026.05.02-09.46.10:664][  0]LightingResults: New page: Lighting Build
[2026.05.02-09.46.10:676][  0]LogAudio: Display: Audio Device unregistered from world 'None'.
[2026.05.02-09.46.10:681][  0]LogUObjectHash: Compacting FUObjectHashTables data took   0.79ms
[2026.05.02-09.46.10:835][  0]LogAudio: Display: Audio Device (ID: 1) registered with world 'main'.
[2026.05.02-09.46.10:836][  0]LogAIModule: Creating AISystem for world main
[2026.05.02-09.46.10:849][  0]LogEditorServer: Finished looking for orphan Actors (0.000 secs)
[2026.05.02-09.46.10:901][  0]LogUObjectHash: Compacting FUObjectHashTables data took   0.87ms
[2026.05.02-09.46.10:902][  0]Cmd: MAP CHECKDEP NOCLEARLOG
[2026.05.02-09.46.10:902][  0]MapCheck: Map check complete: 0 Error(s), 0 Warning(s), took 0,281ms to complete.
[2026.05.02-09.46.10:904][  0]LogFileHelpers: Loading map 'main' took 0.250
[2026.05.02-09.46.10:906][  0]LogUnrealEdMisc: Total Editor Startup Time, took 25.236
[2026.05.02-09.46.11:087][  0]LogSlate: Updating window title bar state: overlay mode, drag disabled, window buttons hidden, title bar hidden
[2026.05.02-09.46.11:096][  0]LogSlate: Updating window title bar state: overlay mode, drag disabled, window buttons hidden, title bar hidden
[2026.05.02-09.46.11:104][  0]LogSlate: Updating window title bar state: overlay mode, drag disabled, window buttons hidden, title bar hidden
[2026.05.02-09.46.11:111][  0]LogSlate: Updating window title bar state: overlay mode, drag disabled, window buttons hidden, title bar hidden
[2026.05.02-09.46.11:132][  0]LogNativeClassHierarchy: Verbose: Native class hierarchy populated in 0.0120 seconds. Added 3826 classes and 930 folders.
[2026.05.02-09.46.11:149][  0]LogNativeClassHierarchy: Verbose: Native class hierarchy updated for 'WidgetCarousel' in 0.0003 seconds. Added 0 classes and 0 folders.
[2026.05.02-09.46.11:163][  0]LogPakFile: PakFile PrimaryIndexSize=187
[2026.05.02-09.46.11:164][  0]LogPakFile: PakFile PathHashIndexSize=101
[2026.05.02-09.46.11:164][  0]LogPakFile: PakFile FullDirectoryIndexSize=148
[2026.05.02-09.46.11:164][  0]LogShaderLibrary: Display: ShaderCodeLibraryPakFileMountedCallback: PakFile 'C:/Program Files/Epic Games/UE_4.27/FeaturePacks/FP_FirstPerson.upack' (chunk index -1, root 'root:/') mounted
[2026.05.02-09.46.11:164][  0]LogShaderLibrary: Display: ShaderCodeLibraryPakFileMountedCallback: pending pak file info (ChunkID:-1 Root:root:/ File:C:/Program Files/Epic Games/UE_4.27/FeaturePacks/FP_FirstPerson.upack)
[2026.05.02-09.46.11:164][  0]LogPakFile: OnPakFileMounted2Time == 0.000351
[2026.05.02-09.46.11:174][  0]LogPakFile: PakFile PrimaryIndexSize=189
[2026.05.02-09.46.11:176][  0]LogPakFile: PakFile PathHashIndexSize=101
[2026.05.02-09.46.11:176][  0]LogPakFile: PakFile FullDirectoryIndexSize=152
[2026.05.02-09.46.11:176][  0]LogShaderLibrary: Display: ShaderCodeLibraryPakFileMountedCallback: PakFile 'C:/Program Files/Epic Games/UE_4.27/FeaturePacks/FP_FirstPersonBP.upack' (chunk index -1, root 'root:/') mounted
[2026.05.02-09.46.11:176][  0]LogShaderLibrary: Display: ShaderCodeLibraryPakFileMountedCallback: pending pak file info (ChunkID:-1 Root:root:/ File:C:/Program Files/Epic Games/UE_4.27/FeaturePacks/FP_FirstPersonBP.upack)
[2026.05.02-09.46.11:176][  0]LogPakFile: OnPakFileMounted2Time == 0.000246
[2026.05.02-09.46.11:184][  0]LogPakFile: PakFile PrimaryIndexSize=191
[2026.05.02-09.46.11:184][  0]LogPakFile: PakFile PathHashIndexSize=101
[2026.05.02-09.46.11:184][  0]LogPakFile: PakFile FullDirectoryIndexSize=160
[2026.05.02-09.46.11:184][  0]LogShaderLibrary: Display: ShaderCodeLibraryPakFileMountedCallback: PakFile 'C:/Program Files/Epic Games/UE_4.27/FeaturePacks/MobileStarterContent.upack' (chunk index -1, root 'root:/') mounted
[2026.05.02-09.46.11:184][  0]LogShaderLibrary: Display: ShaderCodeLibraryPakFileMountedCallback: pending pak file info (ChunkID:-1 Root:root:/ File:C:/Program Files/Epic Games/UE_4.27/FeaturePacks/MobileStarterContent.upack)
[2026.05.02-09.46.11:184][  0]LogPakFile: OnPakFileMounted2Time == 0.000383
[2026.05.02-09.46.11:195][  0]LogPakFile: PakFile PrimaryIndexSize=185
[2026.05.02-09.46.11:195][  0]LogPakFile: PakFile PathHashIndexSize=101
[2026.05.02-09.46.11:195][  0]LogPakFile: PakFile FullDirectoryIndexSize=148
[2026.05.02-09.46.11:195][  0]LogShaderLibrary: Display: ShaderCodeLibraryPakFileMountedCallback: PakFile 'C:/Program Files/Epic Games/UE_4.27/FeaturePacks/StarterContent.upack' (chunk index -1, root 'root:/') mounted
[2026.05.02-09.46.11:195][  0]LogShaderLibrary: Display: ShaderCodeLibraryPakFileMountedCallback: pending pak file info (ChunkID:-1 Root:root:/ File:C:/Program Files/Epic Games/UE_4.27/FeaturePacks/StarterContent.upack)
[2026.05.02-09.46.11:195][  0]LogPakFile: OnPakFileMounted2Time == 0.000197
[2026.05.02-09.46.11:206][  0]LogPakFile: PakFile PrimaryIndexSize=190
[2026.05.02-09.46.11:206][  0]LogPakFile: PakFile PathHashIndexSize=101
[2026.05.02-09.46.11:206][  0]LogPakFile: PakFile FullDirectoryIndexSize=154
[2026.05.02-09.46.11:207][  0]LogShaderLibrary: Display: ShaderCodeLibraryPakFileMountedCallback: PakFile 'C:/Program Files/Epic Games/UE_4.27/FeaturePacks/TP_2DSideScroller.upack' (chunk index -1, root 'root:/') mounted
[2026.05.02-09.46.11:207][  0]LogShaderLibrary: Display: ShaderCodeLibraryPakFileMountedCallback: pending pak file info (ChunkID:-1 Root:root:/ File:C:/Program Files/Epic Games/UE_4.27/FeaturePacks/TP_2DSideScroller.upack)
[2026.05.02-09.46.11:207][  0]LogPakFile: OnPakFileMounted2Time == 0.000365
[2026.05.02-09.46.11:216][  0]LogPakFile: PakFile PrimaryIndexSize=192
[2026.05.02-09.46.11:216][  0]LogPakFile: PakFile PathHashIndexSize=101
[2026.05.02-09.46.11:216][  0]LogPakFile: PakFile FullDirectoryIndexSize=158
[2026.05.02-09.46.11:216][  0]LogShaderLibrary: Display: ShaderCodeLibraryPakFileMountedCallback: PakFile 'C:/Program Files/Epic Games/UE_4.27/FeaturePacks/TP_2DSideScrollerBP.upack' (chunk index -1, root 'root:/') mounted
[2026.05.02-09.46.11:216][  0]LogShaderLibrary: Display: ShaderCodeLibraryPakFileMountedCallback: pending pak file info (ChunkID:-1 Root:root:/ File:C:/Program Files/Epic Games/UE_4.27/FeaturePacks/TP_2DSideScrollerBP.upack)
[2026.05.02-09.46.11:216][  0]LogPakFile: OnPakFileMounted2Time == 0.000216
[2026.05.02-09.46.11:227][  0]LogPakFile: PakFile PrimaryIndexSize=182
[2026.05.02-09.46.11:227][  0]LogPakFile: PakFile PathHashIndexSize=101
[2026.05.02-09.46.11:227][  0]LogPakFile: PakFile FullDirectoryIndexSize=138
[2026.05.02-09.46.11:227][  0]LogShaderLibrary: Display: ShaderCodeLibraryPakFileMountedCallback: PakFile 'C:/Program Files/Epic Games/UE_4.27/FeaturePacks/TP_Flying.upack' (chunk index -1, root 'root:/') mounted
[2026.05.02-09.46.11:227][  0]LogShaderLibrary: Display: ShaderCodeLibraryPakFileMountedCallback: pending pak file info (ChunkID:-1 Root:root:/ File:C:/Program Files/Epic Games/UE_4.27/FeaturePacks/TP_Flying.upack)
[2026.05.02-09.46.11:227][  0]LogPakFile: OnPakFileMounted2Time == 0.000162
[2026.05.02-09.46.11:241][  0]LogPakFile: PakFile PrimaryIndexSize=184
[2026.05.02-09.46.11:242][  0]LogPakFile: PakFile PathHashIndexSize=101
[2026.05.02-09.46.11:242][  0]LogPakFile: PakFile FullDirectoryIndexSize=142
[2026.05.02-09.46.11:242][  0]LogShaderLibrary: Display: ShaderCodeLibraryPakFileMountedCallback: PakFile 'C:/Program Files/Epic Games/UE_4.27/FeaturePacks/TP_FlyingBP.upack' (chunk index -1, root 'root:/') mounted
[2026.05.02-09.46.11:242][  0]LogShaderLibrary: Display: ShaderCodeLibraryPakFileMountedCallback: pending pak file info (ChunkID:-1 Root:root:/ File:C:/Program Files/Epic Games/UE_4.27/FeaturePacks/TP_FlyingBP.upack)
[2026.05.02-09.46.11:242][  0]LogPakFile: OnPakFileMounted2Time == 0.000587
[2026.05.02-09.46.11:254][  0]LogPakFile: PakFile PrimaryIndexSize=188
[2026.05.02-09.46.11:254][  0]LogPakFile: PakFile PathHashIndexSize=101
[2026.05.02-09.46.11:254][  0]LogPakFile: PakFile FullDirectoryIndexSize=150
[2026.05.02-09.46.11:254][  0]LogShaderLibrary: Display: ShaderCodeLibraryPakFileMountedCallback: PakFile 'C:/Program Files/Epic Games/UE_4.27/FeaturePacks/TP_HandheldARBP.upack' (chunk index -1, root 'root:/') mounted
[2026.05.02-09.46.11:254][  0]LogShaderLibrary: Display: ShaderCodeLibraryPakFileMountedCallback: pending pak file info (ChunkID:-1 Root:root:/ File:C:/Program Files/Epic Games/UE_4.27/FeaturePacks/TP_HandheldARBP.upack)
[2026.05.02-09.46.11:254][  0]LogPakFile: OnPakFileMounted2Time == 0.000182
[2026.05.02-09.46.11:268][  0]LogPakFile: PakFile PrimaryIndexSize=182
[2026.05.02-09.46.11:269][  0]LogPakFile: PakFile PathHashIndexSize=101
[2026.05.02-09.46.11:269][  0]LogPakFile: PakFile FullDirectoryIndexSize=138
[2026.05.02-09.46.11:269][  0]LogShaderLibrary: Display: ShaderCodeLibraryPakFileMountedCallback: PakFile 'C:/Program Files/Epic Games/UE_4.27/FeaturePacks/TP_Puzzle.upack' (chunk index -1, root 'root:/') mounted
[2026.05.02-09.46.11:269][  0]LogShaderLibrary: Display: ShaderCodeLibraryPakFileMountedCallback: pending pak file info (ChunkID:-1 Root:root:/ File:C:/Program Files/Epic Games/UE_4.27/FeaturePacks/TP_Puzzle.upack)
[2026.05.02-09.46.11:269][  0]LogPakFile: OnPakFileMounted2Time == 0.000268
[2026.05.02-09.46.11:279][  0]LogPakFile: PakFile PrimaryIndexSize=184
[2026.05.02-09.46.11:279][  0]LogPakFile: PakFile PathHashIndexSize=101
[2026.05.02-09.46.11:279][  0]LogPakFile: PakFile FullDirectoryIndexSize=142
[2026.05.02-09.46.11:280][  0]LogShaderLibrary: Display: ShaderCodeLibraryPakFileMountedCallback: PakFile 'C:/Program Files/Epic Games/UE_4.27/FeaturePacks/TP_PuzzleBP.upack' (chunk index -1, root 'root:/') mounted
[2026.05.02-09.46.11:280][  0]LogShaderLibrary: Display: ShaderCodeLibraryPakFileMountedCallback: pending pak file info (ChunkID:-1 Root:root:/ File:C:/Program Files/Epic Games/UE_4.27/FeaturePacks/TP_PuzzleBP.upack)
[2026.05.02-09.46.11:280][  0]LogPakFile: OnPakFileMounted2Time == 0.000225
[2026.05.02-09.46.11:291][  0]LogPakFile: PakFile PrimaryIndexSize=183
[2026.05.02-09.46.11:291][  0]LogPakFile: PakFile PathHashIndexSize=101
[2026.05.02-09.46.11:291][  0]LogPakFile: PakFile FullDirectoryIndexSize=140
[2026.05.02-09.46.11:291][  0]LogShaderLibrary: Display: ShaderCodeLibraryPakFileMountedCallback: PakFile 'C:/Program Files/Epic Games/UE_4.27/FeaturePacks/TP_Rolling.upack' (chunk index -1, root 'root:/') mounted
[2026.05.02-09.46.11:291][  0]LogShaderLibrary: Display: ShaderCodeLibraryPakFileMountedCallback: pending pak file info (ChunkID:-1 Root:root:/ File:C:/Program Files/Epic Games/UE_4.27/FeaturePacks/TP_Rolling.upack)
[2026.05.02-09.46.11:291][  0]LogPakFile: OnPakFileMounted2Time == 0.000262
[2026.05.02-09.46.11:298][  0]LogPakFile: PakFile PrimaryIndexSize=185
[2026.05.02-09.46.11:300][  0]LogPakFile: PakFile PathHashIndexSize=101
[2026.05.02-09.46.11:300][  0]LogPakFile: PakFile FullDirectoryIndexSize=144
[2026.05.02-09.46.11:300][  0]LogShaderLibrary: Display: ShaderCodeLibraryPakFileMountedCallback: PakFile 'C:/Program Files/Epic Games/UE_4.27/FeaturePacks/TP_RollingBP.upack' (chunk index -1, root 'root:/') mounted
[2026.05.02-09.46.11:300][  0]LogShaderLibrary: Display: ShaderCodeLibraryPakFileMountedCallback: pending pak file info (ChunkID:-1 Root:root:/ File:C:/Program Files/Epic Games/UE_4.27/FeaturePacks/TP_RollingBP.upack)
[2026.05.02-09.46.11:300][  0]LogPakFile: OnPakFileMounted2Time == 0.000213
[2026.05.02-09.46.11:309][  0]LogPakFile: PakFile PrimaryIndexSize=188
[2026.05.02-09.46.11:309][  0]LogPakFile: PakFile PathHashIndexSize=101
[2026.05.02-09.46.11:309][  0]LogPakFile: PakFile FullDirectoryIndexSize=150
[2026.05.02-09.46.11:309][  0]LogShaderLibrary: Display: ShaderCodeLibraryPakFileMountedCallback: PakFile 'C:/Program Files/Epic Games/UE_4.27/FeaturePacks/TP_SideScroller.upack' (chunk index -1, root 'root:/') mounted
[2026.05.02-09.46.11:310][  0]LogShaderLibrary: Display: ShaderCodeLibraryPakFileMountedCallback: pending pak file info (ChunkID:-1 Root:root:/ File:C:/Program Files/Epic Games/UE_4.27/FeaturePacks/TP_SideScroller.upack)
[2026.05.02-09.46.11:310][  0]LogPakFile: OnPakFileMounted2Time == 0.000333
[2026.05.02-09.46.11:318][  0]LogPakFile: PakFile PrimaryIndexSize=190
[2026.05.02-09.46.11:318][  0]LogPakFile: PakFile PathHashIndexSize=101
[2026.05.02-09.46.11:318][  0]LogPakFile: PakFile FullDirectoryIndexSize=154
[2026.05.02-09.46.11:318][  0]LogShaderLibrary: Display: ShaderCodeLibraryPakFileMountedCallback: PakFile 'C:/Program Files/Epic Games/UE_4.27/FeaturePacks/TP_SideScrollerBP.upack' (chunk index -1, root 'root:/') mounted
[2026.05.02-09.46.11:318][  0]LogShaderLibrary: Display: ShaderCodeLibraryPakFileMountedCallback: pending pak file info (ChunkID:-1 Root:root:/ File:C:/Program Files/Epic Games/UE_4.27/FeaturePacks/TP_SideScrollerBP.upack)
[2026.05.02-09.46.11:319][  0]LogPakFile: OnPakFileMounted2Time == 0.000243
[2026.05.02-09.46.11:329][  0]LogPakFile: PakFile PrimaryIndexSize=187
[2026.05.02-09.46.11:330][  0]LogPakFile: PakFile PathHashIndexSize=101
[2026.05.02-09.46.11:330][  0]LogPakFile: PakFile FullDirectoryIndexSize=148
[2026.05.02-09.46.11:330][  0]LogShaderLibrary: Display: ShaderCodeLibraryPakFileMountedCallback: PakFile 'C:/Program Files/Epic Games/UE_4.27/FeaturePacks/TP_ThirdPerson.upack' (chunk index -1, root 'root:/') mounted
[2026.05.02-09.46.11:330][  0]LogShaderLibrary: Display: ShaderCodeLibraryPakFileMountedCallback: pending pak file info (ChunkID:-1 Root:root:/ File:C:/Program Files/Epic Games/UE_4.27/FeaturePacks/TP_ThirdPerson.upack)
[2026.05.02-09.46.11:330][  0]LogPakFile: OnPakFileMounted2Time == 0.000149
[2026.05.02-09.46.11:340][  0]LogPakFile: PakFile PrimaryIndexSize=189
[2026.05.02-09.46.11:341][  0]LogPakFile: PakFile PathHashIndexSize=101
[2026.05.02-09.46.11:341][  0]LogPakFile: PakFile FullDirectoryIndexSize=152
[2026.05.02-09.46.11:341][  0]LogShaderLibrary: Display: ShaderCodeLibraryPakFileMountedCallback: PakFile 'C:/Program Files/Epic Games/UE_4.27/FeaturePacks/TP_ThirdPersonBP.upack' (chunk index -1, root 'root:/') mounted
[2026.05.02-09.46.11:341][  0]LogShaderLibrary: Display: ShaderCodeLibraryPakFileMountedCallback: pending pak file info (ChunkID:-1 Root:root:/ File:C:/Program Files/Epic Games/UE_4.27/FeaturePacks/TP_ThirdPersonBP.upack)
[2026.05.02-09.46.11:341][  0]LogPakFile: OnPakFileMounted2Time == 0.000234
[2026.05.02-09.46.11:351][  0]LogPakFile: PakFile PrimaryIndexSize=183
[2026.05.02-09.46.11:351][  0]LogPakFile: PakFile PathHashIndexSize=101
[2026.05.02-09.46.11:352][  0]LogPakFile: PakFile FullDirectoryIndexSize=140
[2026.05.02-09.46.11:352][  0]LogShaderLibrary: Display: ShaderCodeLibraryPakFileMountedCallback: PakFile 'C:/Program Files/Epic Games/UE_4.27/FeaturePacks/TP_TopDown.upack' (chunk index -1, root 'root:/') mounted
[2026.05.02-09.46.11:352][  0]LogShaderLibrary: Display: ShaderCodeLibraryPakFileMountedCallback: pending pak file info (ChunkID:-1 Root:root:/ File:C:/Program Files/Epic Games/UE_4.27/FeaturePacks/TP_TopDown.upack)
[2026.05.02-09.46.11:352][  0]LogPakFile: OnPakFileMounted2Time == 0.000447
[2026.05.02-09.46.11:362][  0]LogPakFile: PakFile PrimaryIndexSize=185
[2026.05.02-09.46.11:362][  0]LogPakFile: PakFile PathHashIndexSize=101
[2026.05.02-09.46.11:362][  0]LogPakFile: PakFile FullDirectoryIndexSize=144
[2026.05.02-09.46.11:362][  0]LogShaderLibrary: Display: ShaderCodeLibraryPakFileMountedCallback: PakFile 'C:/Program Files/Epic Games/UE_4.27/FeaturePacks/TP_TopDownBP.upack' (chunk index -1, root 'root:/') mounted
[2026.05.02-09.46.11:362][  0]LogShaderLibrary: Display: ShaderCodeLibraryPakFileMountedCallback: pending pak file info (ChunkID:-1 Root:root:/ File:C:/Program Files/Epic Games/UE_4.27/FeaturePacks/TP_TopDownBP.upack)
[2026.05.02-09.46.11:362][  0]LogPakFile: OnPakFileMounted2Time == 0.000181
[2026.05.02-09.46.11:375][  0]LogPakFile: PakFile PrimaryIndexSize=185
[2026.05.02-09.46.11:375][  0]LogPakFile: PakFile PathHashIndexSize=101
[2026.05.02-09.46.11:375][  0]LogPakFile: PakFile FullDirectoryIndexSize=144
[2026.05.02-09.46.11:375][  0]LogShaderLibrary: Display: ShaderCodeLibraryPakFileMountedCallback: PakFile 'C:/Program Files/Epic Games/UE_4.27/FeaturePacks/TP_TwinStick.upack' (chunk index -1, root 'root:/') mounted
[2026.05.02-09.46.11:375][  0]LogShaderLibrary: Display: ShaderCodeLibraryPakFileMountedCallback: pending pak file info (ChunkID:-1 Root:root:/ File:C:/Program Files/Epic Games/UE_4.27/FeaturePacks/TP_TwinStick.upack)
[2026.05.02-09.46.11:375][  0]LogPakFile: OnPakFileMounted2Time == 0.000328
[2026.05.02-09.46.11:385][  0]LogPakFile: PakFile PrimaryIndexSize=187
[2026.05.02-09.46.11:385][  0]LogPakFile: PakFile PathHashIndexSize=101
[2026.05.02-09.46.11:385][  0]LogPakFile: PakFile FullDirectoryIndexSize=148
[2026.05.02-09.46.11:385][  0]LogShaderLibrary: Display: ShaderCodeLibraryPakFileMountedCallback: PakFile 'C:/Program Files/Epic Games/UE_4.27/FeaturePacks/TP_TwinStickBP.upack' (chunk index -1, root 'root:/') mounted
[2026.05.02-09.46.11:385][  0]LogShaderLibrary: Display: ShaderCodeLibraryPakFileMountedCallback: pending pak file info (ChunkID:-1 Root:root:/ File:C:/Program Files/Epic Games/UE_4.27/FeaturePacks/TP_TwinStickBP.upack)
[2026.05.02-09.46.11:387][  0]LogPakFile: OnPakFileMounted2Time == 0.000432
[2026.05.02-09.46.11:398][  0]LogPakFile: PakFile PrimaryIndexSize=183
[2026.05.02-09.46.11:398][  0]LogPakFile: PakFile PathHashIndexSize=101
[2026.05.02-09.46.11:398][  0]LogPakFile: PakFile FullDirectoryIndexSize=140
[2026.05.02-09.46.11:398][  0]LogShaderLibrary: Display: ShaderCodeLibraryPakFileMountedCallback: PakFile 'C:/Program Files/Epic Games/UE_4.27/FeaturePacks/TP_Vehicle.upack' (chunk index -1, root 'root:/') mounted
[2026.05.02-09.46.11:398][  0]LogShaderLibrary: Display: ShaderCodeLibraryPakFileMountedCallback: pending pak file info (ChunkID:-1 Root:root:/ File:C:/Program Files/Epic Games/UE_4.27/FeaturePacks/TP_Vehicle.upack)
[2026.05.02-09.46.11:398][  0]LogPakFile: OnPakFileMounted2Time == 0.000234
[2026.05.02-09.46.11:408][  0]LogPakFile: PakFile PrimaryIndexSize=186
[2026.05.02-09.46.11:409][  0]LogPakFile: PakFile PathHashIndexSize=101
[2026.05.02-09.46.11:409][  0]LogPakFile: PakFile FullDirectoryIndexSize=146
[2026.05.02-09.46.11:409][  0]LogShaderLibrary: Display: ShaderCodeLibraryPakFileMountedCallback: PakFile 'C:/Program Files/Epic Games/UE_4.27/FeaturePacks/TP_VehicleAdv.upack' (chunk index -1, root 'root:/') mounted
[2026.05.02-09.46.11:409][  0]LogShaderLibrary: Display: ShaderCodeLibraryPakFileMountedCallback: pending pak file info (ChunkID:-1 Root:root:/ File:C:/Program Files/Epic Games/UE_4.27/FeaturePacks/TP_VehicleAdv.upack)
[2026.05.02-09.46.11:409][  0]LogPakFile: OnPakFileMounted2Time == 0.000429
[2026.05.02-09.46.11:418][  0]LogPakFile: PakFile PrimaryIndexSize=188
[2026.05.02-09.46.11:418][  0]LogPakFile: PakFile PathHashIndexSize=101
[2026.05.02-09.46.11:418][  0]LogPakFile: PakFile FullDirectoryIndexSize=150
[2026.05.02-09.46.11:419][  0]LogShaderLibrary: Display: ShaderCodeLibraryPakFileMountedCallback: PakFile 'C:/Program Files/Epic Games/UE_4.27/FeaturePacks/TP_VehicleAdvBP.upack' (chunk index -1, root 'root:/') mounted
[2026.05.02-09.46.11:419][  0]LogShaderLibrary: Display: ShaderCodeLibraryPakFileMountedCallback: pending pak file info (ChunkID:-1 Root:root:/ File:C:/Program Files/Epic Games/UE_4.27/FeaturePacks/TP_VehicleAdvBP.upack)
[2026.05.02-09.46.11:419][  0]LogPakFile: OnPakFileMounted2Time == 0.000393
[2026.05.02-09.46.11:429][  0]LogPakFile: PakFile PrimaryIndexSize=185
[2026.05.02-09.46.11:429][  0]LogPakFile: PakFile PathHashIndexSize=101
[2026.05.02-09.46.11:429][  0]LogPakFile: PakFile FullDirectoryIndexSize=144
[2026.05.02-09.46.11:429][  0]LogShaderLibrary: Display: ShaderCodeLibraryPakFileMountedCallback: PakFile 'C:/Program Files/Epic Games/UE_4.27/FeaturePacks/TP_VehicleBP.upack' (chunk index -1, root 'root:/') mounted
[2026.05.02-09.46.11:429][  0]LogShaderLibrary: Display: ShaderCodeLibraryPakFileMountedCallback: pending pak file info (ChunkID:-1 Root:root:/ File:C:/Program Files/Epic Games/UE_4.27/FeaturePacks/TP_VehicleBP.upack)
[2026.05.02-09.46.11:429][  0]LogPakFile: OnPakFileMounted2Time == 0.000249
[2026.05.02-09.46.11:438][  0]LogPakFile: PakFile PrimaryIndexSize=192
[2026.05.02-09.46.11:438][  0]LogPakFile: PakFile PathHashIndexSize=101
[2026.05.02-09.46.11:438][  0]LogPakFile: PakFile FullDirectoryIndexSize=158
[2026.05.02-09.46.11:438][  0]LogShaderLibrary: Display: ShaderCodeLibraryPakFileMountedCallback: PakFile 'C:/Program Files/Epic Games/UE_4.27/FeaturePacks/TP_VirtualRealityBP.upack' (chunk index -1, root 'root:/') mounted
[2026.05.02-09.46.11:438][  0]LogShaderLibrary: Display: ShaderCodeLibraryPakFileMountedCallback: pending pak file info (ChunkID:-1 Root:root:/ File:C:/Program Files/Epic Games/UE_4.27/FeaturePacks/TP_VirtualRealityBP.upack)
[2026.05.02-09.46.11:438][  0]LogPakFile: OnPakFileMounted2Time == 0.000189
[2026.05.02-09.46.11:723][  0]LogNativeClassHierarchy: Verbose: Native class hierarchy updated for 'AddContentDialog' in 0.0004 seconds. Added 0 classes and 0 folders.
[2026.05.02-09.46.11:731][  0]LogNativeClassHierarchy: Verbose: Native class hierarchy updated for 'SceneOutliner' in 0.0007 seconds. Added 2 classes and 0 folders.
[2026.05.02-09.46.11:848][  0]LogSlate: Took 0.010864 seconds to synchronously load lazily loaded font '../../../Engine/Content/Slate/Fonts/Roboto-Regular.ttf' (155K)
[2026.05.02-09.46.11:857][  0]LogSlate: Took 0.008652 seconds to synchronously load lazily loaded font '../../../Engine/Content/Editor/Slate/Fonts/FontAwesome.ttf' (139K)
[2026.05.02-09.46.11:869][  0]LogSlate: Took 0.007671 seconds to synchronously load lazily loaded font '../../../Engine/Content/Slate/Fonts/Roboto-Bold.ttf' (160K)
[2026.05.02-09.46.11:982][  0]LogRenderer: Reallocating scene render targets to support 1168x440 Format 9 NumSamples 1 (Frame:1).
[2026.05.02-09.46.12:048][  0]LogSlate: Took 0.007877 seconds to synchronously load lazily loaded font '../../../Engine/Content/Slate/Fonts/Roboto-Light.ttf' (167K)
[2026.05.02-09.46.12:256][  0]LogNativeClassHierarchy: Verbose: Native class hierarchy updated for 'HierarchicalLODOutliner' in 0.0003 seconds. Added 0 classes and 0 folders.
[2026.05.02-09.46.12:256][  0]LogLoad: (Engine Initialization) Total time: 26.59 seconds
[2026.05.02-09.46.12:257][  0]LogLoad: (Engine Initialization) Total Blueprint compile time: 0.00 seconds
[2026.05.02-09.46.12:314][  0]LogAssetRegistry: Asset discovery search completed in 11.2920 seconds
[2026.05.02-09.46.12:353][  0]LogCollectionManager: Fixed up redirectors for 0 collections in 0.000004 seconds (updated 0 objects)
[2026.05.02-09.46.12:355][  0]LogContentStreaming: Texture pool size now 600 MB
[2026.05.02-09.47.00:376][211]LogTemp: Repeating last play command: Selected Viewport
[2026.05.02-09.47.00:383][211]LogPlayLevel: PlayLevel: No blueprints needed recompiling
[2026.05.02-09.47.00:383][211]PIE: New page: PIE session: main (2 мая 2026 г., 15:47:00)
[2026.05.02-09.47.00:386][211]LogOnline: OSS: Creating online subsystem instance for: NULL
[2026.05.02-09.47.00:390][211]LogOnline: OSS: TryLoadSubsystemAndSetDefault: Loaded subsystem for module [NULL]
[2026.05.02-09.47.00:390][211]LogPlayLevel: Creating play world package: /Game/UEDPIE_0_main
[2026.05.02-09.47.00:393][211]LogPlayLevel: PIE: StaticDuplicateObject took: (0.002698s)
[2026.05.02-09.47.00:394][211]LogAIModule: Creating AISystem for world main
[2026.05.02-09.47.00:394][211]LogPlayLevel: PIE: World Init took: (0.001523s)
[2026.05.02-09.47.00:394][211]LogPlayLevel: PIE: Created PIE world by copying editor world from /Game/main.main to /Game/UEDPIE_0_main.main (0.004752s)
[2026.05.02-09.47.00:400][211]LogUObjectHash: Compacting FUObjectHashTables data took   0.64ms
[2026.05.02-09.47.00:402][211]LogAudio: Display: Creating Audio Device:                 Id: 2, Scope: Unique, Realtime: True
[2026.05.02-09.47.00:403][211]LogAudioMixer: Display: Audio Mixer Platform Settings:
[2026.05.02-09.47.00:403][211]LogAudioMixer: Display: 	Sample Rate:						  48000
[2026.05.02-09.47.00:403][211]LogAudioMixer: Display: 	Callback Buffer Frame Size Requested: 1024
[2026.05.02-09.47.00:403][211]LogAudioMixer: Display: 	Callback Buffer Frame Size To Use:	  1024
[2026.05.02-09.47.00:403][211]LogAudioMixer: Display: 	Number of buffers to queue:			  2
[2026.05.02-09.47.00:403][211]LogAudioMixer: Display: 	Max Channels (voices):				  32
[2026.05.02-09.47.00:403][211]LogAudioMixer: Display: 	Number of Async Source Workers:		  0
[2026.05.02-09.47.00:405][211]LogAudio: Display: AudioDevice MaxSources: 32
[2026.05.02-09.47.00:405][211]LogAudio: Display: Audio Spatialization Plugin: None (built-in).
[2026.05.02-09.47.00:405][211]LogAudio: Display: Audio Reverb Plugin: None (built-in).
[2026.05.02-09.47.00:405][211]LogAudio: Display: Audio Occlusion Plugin: None (built-in).
[2026.05.02-09.47.00:405][211]LogAudioMixer: Display: Initializing audio mixer.
[2026.05.02-09.47.00:411][211]LogAudioMixer: Display: 0: FrontLeft
[2026.05.02-09.47.00:411][211]LogAudioMixer: Display: 1: FrontRight
[2026.05.02-09.47.00:453][211]LogAudioMixer: Display: Using Audio Device Наушники (HONOR CHOICE Headphones Pro)
[2026.05.02-09.47.00:453][211]LogAudioMixer: Display: Initializing Sound Submixes...
[2026.05.02-09.47.00:454][211]LogAudioMixer: Display: Creating Master Submix 'MasterSubmixDefault'
[2026.05.02-09.47.00:454][211]LogAudioMixer: Display: Creating Master Submix 'MasterReverbSubmixDefault'
[2026.05.02-09.47.00:455][211]LogAudioMixer: Display: Creating Master Submix 'MasterEQSubmixDefault'
[2026.05.02-09.47.00:455][211]LogAudioMixer: FMixerPlatformXAudio2::StartAudioStream() called
[2026.05.02-09.47.00:455][211]LogAudioMixer: Display: Output buffers initialized: Frames=1024, Channels=2, Samples=2048
[2026.05.02-09.47.00:457][211]LogAudioMixer: Display: Starting AudioMixerPlatformInterface::RunInternal()
[2026.05.02-09.47.00:457][211]LogAudioMixer: Display: FMixerPlatformXAudio2::SubmitBuffer() called for the first time
[2026.05.02-09.47.00:457][211]LogInit: FAudioDevice initialized.
[2026.05.02-09.47.00:457][211]LogAudio: Display: Audio Device (ID: 2) registered with world 'main'.
[2026.05.02-09.47.00:493][211]LogLoad: Game class is 'SnakeGameModeBP_C'
[2026.05.02-09.47.00:494][211]LogWorld: Bringing World /Game/UEDPIE_0_main.main up for play (max tick rate 60) at 2026.05.02-12.47.00
[2026.05.02-09.47.00:495][211]LogWorld: Bringing up level for play took: 0.000942
[2026.05.02-09.47.00:495][211]LogOnline: OSS: Creating online subsystem instance for: :Context_1
[2026.05.02-09.47.00:501][211]LogNativeClassHierarchy: Verbose: Native class hierarchy updated for 'MovieSceneCapture' in 0.0003 seconds. Added 20 classes and 0 folders.
[2026.05.02-09.47.00:503][211]LogActor: Warning: SnakeElemBP_C /Game/UEDPIE_0_main.main:PersistentLevel.SnakeElemBP_C_0 has natively added scene component(s), but none of them were set as the actor's RootComponent - picking one arbitrarily
[2026.05.02-09.47.00:503][211]LogActor: Warning: SnakeElemBP_C /Game/UEDPIE_0_main.main:PersistentLevel.SnakeElemBP_C_1 has natively added scene component(s), but none of them were set as the actor's RootComponent - picking one arbitrarily
[2026.05.02-09.47.00:504][211]LogActor: Warning: SnakeElemBP_C /Game/UEDPIE_0_main.main:PersistentLevel.SnakeElemBP_C_2 has natively added scene component(s), but none of them were set as the actor's RootComponent - picking one arbitrarily
[2026.05.02-09.47.00:504][211]LogActor: Warning: SnakeElemBP_C /Game/UEDPIE_0_main.main:PersistentLevel.SnakeElemBP_C_3 has natively added scene component(s), but none of them were set as the actor's RootComponent - picking one arbitrarily
[2026.05.02-09.47.00:504][211]LogActor: Warning: SnakeElemBP_C /Game/UEDPIE_0_main.main:PersistentLevel.SnakeElemBP_C_4 has natively added scene component(s), but none of them were set as the actor's RootComponent - picking one arbitrarily
[2026.05.02-09.47.00:505][211]PIE: Server logged in
[2026.05.02-09.47.00:506][211]PIE: Play in editor total start time 0,125 seconds.
[2026.05.02-09.47.00:565][212]LogActor: Warning: SnakeElemBP_C /Engine/Transient.World_0:PersistentLevel.SnakeElemBP_C_0 has natively added scene component(s), but none of them were set as the actor's RootComponent - picking one arbitrarily
[2026.05.02-09.47.05:383][497]LogSlate: Updating window title bar state: overlay mode, drag disabled, window buttons hidden, title bar hidden
[2026.05.02-09.47.05:384][497]LogWorld: BeginTearingDown for /Game/UEDPIE_0_main
[2026.05.02-09.47.05:384][497]LogWorld: UWorld::CleanupWorld for main, bSessionEnded=true, bCleanupResources=true
[2026.05.02-09.47.05:384][497]LogSlate: InvalidateAllWidgets triggered.  All widgets were invalidated
[2026.05.02-09.47.05:406][497]LogPlayLevel: Display: Shutting down PIE online subsystems
[2026.05.02-09.47.05:408][497]LogSlate: InvalidateAllWidgets triggered.  All widgets were invalidated
[2026.05.02-09.47.05:413][497]LogAudio: Display: Audio Device unregistered from world 'None'.
[2026.05.02-09.47.05:413][497]LogAudioMixer: FMixerPlatformXAudio2::StopAudioStream() called
[2026.05.02-09.47.05:415][497]LogAudioMixer: FMixerPlatformXAudio2::StopAudioStream() called
[2026.05.02-09.47.05:420][497]LogSlate: Updating window title bar state: overlay mode, drag disabled, window buttons hidden, title bar hidden
[2026.05.02-09.47.05:423][497]LogUObjectHash: Compacting FUObjectHashTables data took   0.77ms
[2026.05.02-09.47.05:568][499]LogPlayLevel: Display: Destroying online subsystem :Context_1
[2026.05.02-09.47.06:285][542]LogTemp: Repeating last play command: Selected Viewport
[2026.05.02-09.47.06:293][542]LogPlayLevel: PlayLevel: No blueprints needed recompiling
[2026.05.02-09.47.06:293][542]PIE: New page: PIE session: main (2 мая 2026 г., 15:47:06)
[2026.05.02-09.47.06:293][542]LogPlayLevel: Creating play world package: /Game/UEDPIE_0_main
[2026.05.02-09.47.06:296][542]LogPlayLevel: PIE: StaticDuplicateObject took: (0.002222s)
[2026.05.02-09.47.06:297][542]LogAIModule: Creating AISystem for world main
[2026.05.02-09.47.06:298][542]LogPlayLevel: PIE: World Init took: (0.002260s)
[2026.05.02-09.47.06:298][542]LogPlayLevel: PIE: Created PIE world by copying editor world from /Game/main.main to /Game/UEDPIE_0_main.main (0.005177s)
[2026.05.02-09.47.06:302][542]LogUObjectHash: Compacting FUObjectHashTables data took   0.63ms
[2026.05.02-09.47.06:303][542]LogAudio: Display: Creating Audio Device:                 Id: 3, Scope: Unique, Realtime: True
[2026.05.02-09.47.06:303][542]LogAudioMixer: Display: Audio Mixer Platform Settings:
[2026.05.02-09.47.06:303][542]LogAudioMixer: Display: 	Sample Rate:						  48000
[2026.05.02-09.47.06:303][542]LogAudioMixer: Display: 	Callback Buffer Frame Size Requested: 1024
[2026.05.02-09.47.06:305][542]LogAudioMixer: Display: 	Callback Buffer Frame Size To Use:	  1024
[2026.05.02-09.47.06:305][542]LogAudioMixer: Display: 	Number of buffers to queue:			  2
[2026.05.02-09.47.06:305][542]LogAudioMixer: Display: 	Max Channels (voices):				  32
[2026.05.02-09.47.06:305][542]LogAudioMixer: Display: 	Number of Async Source Workers:		  0
[2026.05.02-09.47.06:305][542]LogAudio: Display: AudioDevice MaxSources: 32
[2026.05.02-09.47.06:305][542]LogAudio: Display: Audio Spatialization Plugin: None (built-in).
[2026.05.02-09.47.06:305][542]LogAudio: Display: Audio Reverb Plugin: None (built-in).
[2026.05.02-09.47.06:305][542]LogAudio: Display: Audio Occlusion Plugin: None (built-in).
[2026.05.02-09.47.06:305][542]LogAudioMixer: Display: Initializing audio mixer.
[2026.05.02-09.47.06:310][542]LogAudioMixer: Display: 0: FrontLeft
[2026.05.02-09.47.06:310][542]LogAudioMixer: Display: 1: FrontRight
[2026.05.02-09.47.06:350][542]LogAudioMixer: Display: Using Audio Device Наушники (HONOR CHOICE Headphones Pro)
[2026.05.02-09.47.06:351][542]LogAudioMixer: Display: Initializing Sound Submixes...
[2026.05.02-09.47.06:351][542]LogAudioMixer: Display: Creating Master Submix 'MasterSubmixDefault'
[2026.05.02-09.47.06:351][542]LogAudioMixer: Display: Creating Master Submix 'MasterReverbSubmixDefault'
[2026.05.02-09.47.06:352][542]LogAudioMixer: Display: Creating Master Submix 'MasterEQSubmixDefault'
[2026.05.02-09.47.06:352][542]LogAudioMixer: FMixerPlatformXAudio2::StartAudioStream() called
[2026.05.02-09.47.06:352][542]LogAudioMixer: Display: Output buffers initialized: Frames=1024, Channels=2, Samples=2048
[2026.05.02-09.47.06:354][542]LogAudioMixer: Display: Starting AudioMixerPlatformInterface::RunInternal()
[2026.05.02-09.47.06:354][542]LogAudioMixer: Display: FMixerPlatformXAudio2::SubmitBuffer() called for the first time
[2026.05.02-09.47.06:354][542]LogInit: FAudioDevice initialized.
[2026.05.02-09.47.06:354][542]LogAudio: Display: Audio Device (ID: 3) registered with world 'main'.
[2026.05.02-09.47.06:367][542]LogLoad: Game class is 'SnakeGameModeBP_C'
[2026.05.02-09.47.06:370][542]LogWorld: Bringing World /Game/UEDPIE_0_main.main up for play (max tick rate 60) at 2026.05.02-12.47.06
[2026.05.02-09.47.06:370][542]LogWorld: Bringing up level for play took: 0.001045
[2026.05.02-09.47.06:370][542]LogOnline: OSS: Creating online subsystem instance for: :Context_3
[2026.05.02-09.47.06:374][542]LogActor: Warning: SnakeElemBP_C /Game/UEDPIE_0_main.main:PersistentLevel.SnakeElemBP_C_0 has natively added scene component(s), but none of them were set as the actor's RootComponent - picking one arbitrarily
[2026.05.02-09.47.06:374][542]LogActor: Warning: SnakeElemBP_C /Game/UEDPIE_0_main.main:PersistentLevel.SnakeElemBP_C_1 has natively added scene component(s), but none of them were set as the actor's RootComponent - picking one arbitrarily
[2026.05.02-09.47.06:375][542]LogActor: Warning: SnakeElemBP_C /Game/UEDPIE_0_main.main:PersistentLevel.SnakeElemBP_C_2 has natively added scene component(s), but none of them were set as the actor's RootComponent - picking one arbitrarily
[2026.05.02-09.47.06:375][542]LogActor: Warning: SnakeElemBP_C /Game/UEDPIE_0_main.main:PersistentLevel.SnakeElemBP_C_3 has natively added scene component(s), but none of them were set as the actor's RootComponent - picking one arbitrarily
[2026.05.02-09.47.06:375][542]LogActor: Warning: SnakeElemBP_C /Game/UEDPIE_0_main.main:PersistentLevel.SnakeElemBP_C_4 has natively added scene component(s), but none of them were set as the actor's RootComponent - picking one arbitrarily
[2026.05.02-09.47.06:375][542]PIE: Server logged in
[2026.05.02-09.47.06:376][542]PIE: Play in editor total start time 0,086 seconds.
[2026.05.02-09.47.10:962][815]LogHttp: Warning: 00000274AF561600: invalid HTTP response code received. URL: https://datarouter.ol.epicgames.com/datarouter/api/v1/public/data?SessionID=%7B03F15590-4159-E3CD-1945-DAB7930C9ADA%7D&AppID=UEEditor.Rocket.Release&AppVersion=4.27.2-18319896%2B%2B%2BUE4%2BRelease-4.27&UserID=348e9f624b4a3ef3be7fedaafb7de6fd%7Cb26187d4ee3a43c1989627066fea8b63%7C8e2446b4-2747-4f1f-8a88-f04adb2f4bc8&AppEnvironment=datacollector-binary&UploadType=eteventstream, HTTP code: 0, content length: 0, actual payload size: 0
[2026.05.02-09.47.10:962][815]LogHttp: Warning: 00000274AF561600: request failed, libcurl error: 7 (Couldn't connect to server)
[2026.05.02-09.47.10:962][815]LogHttp: Warning: 00000274AF561600: libcurl info message cache 0 (  Trying 127.0.0.1...)
[2026.05.02-09.47.10:962][815]LogHttp: Warning: 00000274AF561600: libcurl info message cache 1 (TCP_NODELAY set)
[2026.05.02-09.47.10:962][815]LogHttp: Warning: 00000274AF561600: libcurl info message cache 2 (connect to 127.0.0.1 port 12334 failed: Connection refused)
[2026.05.02-09.47.10:962][815]LogHttp: Warning: 00000274AF561600: libcurl info message cache 3 (Failed to connect to 127.0.0.1 port 12334: Connection refused)
[2026.05.02-09.47.10:962][815]LogHttp: Warning: 00000274AF561600: libcurl info message cache 4 (Closing connection 0)
[2026.05.02-09.47.10:977][816]LogHttp: Warning: Retry exhausted on https://datarouter.ol.epicgames.com/datarouter/api/v1/public/data?SessionID=%7B03F15590-4159-E3CD-1945-DAB7930C9ADA%7D&AppID=UEEditor.Rocket.Release&AppVersion=4.27.2-18319896%2B%2B%2BUE4%2BRelease-4.27&UserID=348e9f624b4a3ef3be7fedaafb7de6fd%7Cb26187d4ee3a43c1989627066fea8b63%7C8e2446b4-2747-4f1f-8a88-f04adb2f4bc8&AppEnvironment=datacollector-binary&UploadType=eteventstream
[2026.05.02-09.47.12:114][881]LogSlate: Updating window title bar state: overlay mode, drag disabled, window buttons hidden, title bar hidden
[2026.05.02-09.47.12:114][881]LogWorld: BeginTearingDown for /Game/UEDPIE_0_main
[2026.05.02-09.47.12:114][881]LogWorld: UWorld::CleanupWorld for main, bSessionEnded=true, bCleanupResources=true
[2026.05.02-09.47.12:114][881]LogSlate: InvalidateAllWidgets triggered.  All widgets were invalidated
[2026.05.02-09.47.12:129][881]LogPlayLevel: Display: Shutting down PIE online subsystems
[2026.05.02-09.47.12:132][881]LogSlate: InvalidateAllWidgets triggered.  All widgets were invalidated
[2026.05.02-09.47.12:137][881]LogSlate: Updating window title bar state: overlay mode, drag disabled, window buttons hidden, title bar hidden
[2026.05.02-09.47.12:137][881]LogAudioMixer: FMixerPlatformXAudio2::StopAudioStream() called
[2026.05.02-09.47.12:139][881]LogAudioMixer: FMixerPlatformXAudio2::StopAudioStream() called
[2026.05.02-09.47.12:146][881]LogUObjectHash: Compacting FUObjectHashTables data took   0.67ms
[2026.05.02-09.47.12:190][884]LogPlayLevel: Display: Destroying online subsystem :Context_3
[2026.05.02-09.48.11:288][168]LogHttp: Warning: 00000274CFE10800: invalid HTTP response code received. URL: https://datarouter.ol.epicgames.com/datarouter/api/v1/public/data?SessionID=%7B03F15590-4159-E3CD-1945-DAB7930C9ADA%7D&AppID=UEEditor.Rocket.Release&AppVersion=4.27.2-18319896%2B%2B%2BUE4%2BRelease-4.27&UserID=348e9f624b4a3ef3be7fedaafb7de6fd%7Cb26187d4ee3a43c1989627066fea8b63%7C8e2446b4-2747-4f1f-8a88-f04adb2f4bc8&AppEnvironment=datacollector-binary&UploadType=eteventstream, HTTP code: 0, content length: 0, actual payload size: 0
[2026.05.02-09.48.11:288][168]LogHttp: Warning: 00000274CFE10800: request failed, libcurl error: 7 (Couldn't connect to server)
[2026.05.02-09.48.11:288][168]LogHttp: Warning: 00000274CFE10800: libcurl info message cache 0 (Hostname in DNS cache was stale, zapped)
[2026.05.02-09.48.11:288][168]LogHttp: Warning: 00000274CFE10800: libcurl info message cache 1 (  Trying 127.0.0.1...)
[2026.05.02-09.48.11:288][168]LogHttp: Warning: 00000274CFE10800: libcurl info message cache 2 (TCP_NODELAY set)
[2026.05.02-09.48.11:288][168]LogHttp: Warning: 00000274CFE10800: libcurl info message cache 3 (connect to 127.0.0.1 port 12334 failed: Connection refused)
[2026.05.02-09.48.11:289][168]LogHttp: Warning: 00000274CFE10800: libcurl info message cache 4 (Failed to connect to 127.0.0.1 port 12334: Connection refused)
[2026.05.02-09.48.11:289][168]LogHttp: Warning: 00000274CFE10800: libcurl info message cache 5 (Closing connection 1)
[2026.05.02-09.48.11:289][168]LogHttp: Warning: Retry exhausted on https://datarouter.ol.epicgames.com/datarouter/api/v1/public/data?SessionID=%7B03F15590-4159-E3CD-1945-DAB7930C9ADA%7D&AppID=UEEditor.Rocket.Release&AppVersion=4.27.2-18319896%2B%2B%2BUE4%2BRelease-4.27&UserID=348e9f624b4a3ef3be7fedaafb7de6fd%7Cb26187d4ee3a43c1989627066fea8b63%7C8e2446b4-2747-4f1f-8a88-f04adb2f4bc8&AppEnvironment=datacollector-binary&UploadType=eteventstream
[2026.05.02-09.48.34:408][294]LogSlate: Took 0.000349 seconds to synchronously load lazily loaded font '../../../Engine/Content/Slate/Fonts/Roboto-Light.ttf' (167K)
[2026.05.02-09.48.34:444][294]LogAssetEditorSubsystem: Opening Asset editor for Blueprint /Game/SnakeBP.SnakeBP
[2026.05.02-09.48.35:042][294]LogNativeClassHierarchy: Verbose: Native class hierarchy updated for 'BlueprintGraph' in 0.0005 seconds. Added 126 classes and 0 folders.
[2026.05.02-09.48.40:706][578]BlueprintLog: New page: Compile SnakeBP
[2026.05.02-09.48.40:739][578]LogUObjectHash: Compacting FUObjectHashTables data took   2.46ms
[2026.05.02-09.48.40:767][578]Cmd: OBJ SAVEPACKAGE PACKAGE="/Game/SnakeBP" FILE="../../../../../../Users/user/Documents/GitHub Unreal/Snake/Snake/Content/SnakeBP.uasset" SILENT=true
[2026.05.02-09.48.40:773][578]LogSavePackage: Moving '../../../../../../Users/user/Documents/GitHub Unreal/Snake/Snake/Saved/SnakeBP8459A21140B966D6EDE836A8FB7CA18B.tmp' to '../../../../../../Users/user/Documents/GitHub Unreal/Snake/Snake/Content/SnakeBP.uasset'
[2026.05.02-09.48.40:788][578]AssetCheck: New page: Asset Save: SnakeBP
[2026.05.02-09.48.40:788][578]LogContentValidation: Display: Validating Blueprint /Game/SnakeBP.SnakeBP
[2026.05.02-09.48.41:989][650]LogTemp: Repeating last play command: Selected Viewport
[2026.05.02-09.48.41:999][650]LogPlayLevel: PlayLevel: No blueprints needed recompiling
[2026.05.02-09.48.41:999][650]PIE: New page: PIE session: main (2 мая 2026 г., 15:48:41)
[2026.05.02-09.48.41:999][650]LogPlayLevel: Creating play world package: /Game/UEDPIE_0_main
[2026.05.02-09.48.42:002][650]LogPlayLevel: PIE: StaticDuplicateObject took: (0.002445s)
[2026.05.02-09.48.42:003][650]LogAIModule: Creating AISystem for world main
[2026.05.02-09.48.42:005][650]LogPlayLevel: PIE: World Init took: (0.002269s)
[2026.05.02-09.48.42:005][650]LogPlayLevel: PIE: Created PIE world by copying editor world from /Game/main.main to /Game/UEDPIE_0_main.main (0.005384s)
[2026.05.02-09.48.42:024][650]LogUObjectHash: Compacting FUObjectHashTables data took   1.97ms
[2026.05.02-09.48.42:026][650]LogAudio: Display: Creating Audio Device:                 Id: 4, Scope: Unique, Realtime: True
[2026.05.02-09.48.42:026][650]LogAudioMixer: Display: Audio Mixer Platform Settings:
[2026.05.02-09.48.42:026][650]LogAudioMixer: Display: 	Sample Rate:						  48000
[2026.05.02-09.48.42:026][650]LogAudioMixer: Display: 	Callback Buffer Frame Size Requested: 1024
[2026.05.02-09.48.42:026][650]LogAudioMixer: Display: 	Callback Buffer Frame Size To Use:	  1024
[2026.05.02-09.48.42:026][650]LogAudioMixer: Display: 	Number of buffers to queue:			  2
[2026.05.02-09.48.42:026][650]LogAudioMixer: Display: 	Max Channels (voices):				  32
[2026.05.02-09.48.42:026][650]LogAudioMixer: Display: 	Number of Async Source Workers:		  0
[2026.05.02-09.48.42:026][650]LogAudio: Display: AudioDevice MaxSources: 32
[2026.05.02-09.48.42:027][650]LogAudio: Display: Audio Spatialization Plugin: None (built-in).
[2026.05.02-09.48.42:027][650]LogAudio: Display: Audio Reverb Plugin: None (built-in).
[2026.05.02-09.48.42:027][650]LogAudio: Display: Audio Occlusion Plugin: None (built-in).
[2026.05.02-09.48.42:027][650]LogAudioMixer: Display: Initializing audio mixer.
[2026.05.02-09.48.42:031][650]LogAudioMixer: Display: 0: FrontLeft
[2026.05.02-09.48.42:032][650]LogAudioMixer: Display: 1: FrontRight
[2026.05.02-09.48.42:070][650]LogAudioMixer: Display: Using Audio Device Наушники (HONOR CHOICE Headphones Pro)
[2026.05.02-09.48.42:072][650]LogAudioMixer: Display: Initializing Sound Submixes...
[2026.05.02-09.48.42:072][650]LogAudioMixer: Display: Creating Master Submix 'MasterSubmixDefault'
[2026.05.02-09.48.42:072][650]LogAudioMixer: Display: Creating Master Submix 'MasterReverbSubmixDefault'
[2026.05.02-09.48.42:072][650]LogAudioMixer: Display: Creating Master Submix 'MasterEQSubmixDefault'
[2026.05.02-09.48.42:073][650]LogAudioMixer: FMixerPlatformXAudio2::StartAudioStream() called
[2026.05.02-09.48.42:073][650]LogAudioMixer: Display: Output buffers initialized: Frames=1024, Channels=2, Samples=2048
[2026.05.02-09.48.42:075][650]LogAudioMixer: Display: Starting AudioMixerPlatformInterface::RunInternal()
[2026.05.02-09.48.42:076][650]LogAudioMixer: Display: FMixerPlatformXAudio2::SubmitBuffer() called for the first time
[2026.05.02-09.48.42:076][650]LogInit: FAudioDevice initialized.
[2026.05.02-09.48.42:076][650]LogAudio: Display: Audio Device (ID: 4) registered with world 'main'.
[2026.05.02-09.48.42:088][650]LogLoad: Game class is 'SnakeGameModeBP_C'
[2026.05.02-09.48.42:091][650]LogWorld: Bringing World /Game/UEDPIE_0_main.main up for play (max tick rate 60) at 2026.05.02-12.48.42
[2026.05.02-09.48.42:091][650]LogWorld: Bringing up level for play took: 0.000840
[2026.05.02-09.48.42:091][650]LogOnline: OSS: Creating online subsystem instance for: :Context_5
[2026.05.02-09.48.42:095][650]LogActor: Warning: SnakeElemBP_C /Game/UEDPIE_0_main.main:PersistentLevel.SnakeElemBP_C_0 has natively added scene component(s), but none of them were set as the actor's RootComponent - picking one arbitrarily
[2026.05.02-09.48.42:095][650]LogActor: Warning: SnakeElemBP_C /Game/UEDPIE_0_main.main:PersistentLevel.SnakeElemBP_C_1 has natively added scene component(s), but none of them were set as the actor's RootComponent - picking one arbitrarily
[2026.05.02-09.48.42:096][650]LogActor: Warning: SnakeElemBP_C /Game/UEDPIE_0_main.main:PersistentLevel.SnakeElemBP_C_2 has natively added scene component(s), but none of them were set as the actor's RootComponent - picking one arbitrarily
[2026.05.02-09.48.42:096][650]LogActor: Warning: SnakeElemBP_C /Game/UEDPIE_0_main.main:PersistentLevel.SnakeElemBP_C_3 has natively added scene component(s), but none of them were set as the actor's RootComponent - picking one arbitrarily
[2026.05.02-09.48.42:096][650]LogActor: Warning: SnakeElemBP_C /Game/UEDPIE_0_main.main:PersistentLevel.SnakeElemBP_C_4 has natively added scene component(s), but none of them were set as the actor's RootComponent - picking one arbitrarily
[2026.05.02-09.48.42:096][650]PIE: Server logged in
[2026.05.02-09.48.42:098][650]PIE: Play in editor total start time 0,101 seconds.
