Log file open, 05/02/26 12:08:12
LogWindows: Failed to load 'aqProf.dll' (GetLastError=126)
LogWindows: File 'aqProf.dll' does not exist
LogWindows: Failed to load 'VtuneApi.dll' (GetLastError=126)
LogWindows: File 'VtuneApi.dll' does not exist
LogWindows: Failed to load 'VtuneApi32e.dll' (GetLastError=126)
LogWindows: File 'VtuneApi32e.dll' does not exist
LogConsoleResponse: Display: Failed to find resolution value strings in scalability ini. Falling back to default.
LogConsoleResponse: Display: Failed to find resolution value strings in scalability ini. Falling back to default.
LogInit: Display: Running engine for game: Snake
LogPlatformFile: Not using cached read wrapper
LogTaskGraph: Started task graph with 5 named threads and 47 total threads with 3 sets of task threads.
LogStats: Stats thread started at 0.555394
LogICUInternationalization: ICU TimeZone Detection - Raw Offset: +3:00, Platform Override: ''
LogInit: Display: Loading text-based GConfig....
LogPluginManager: Mounting plugin MeshPainting
LogPluginManager: Mounting plugin XGEController
LogPluginManager: Mounting plugin Paper2D
LogPluginManager: Mounting plugin AISupport
LogPluginManager: Mounting plugin LightPropagationVolume
LogPluginManager: Mounting plugin CameraShakePreviewer
LogPluginManager: Mounting plugin EnvironmentQueryEditor
LogPluginManager: Mounting plugin GameplayCameras
LogPluginManager: Mounting plugin OodleNetwork
LogPluginManager: Mounting plugin OodleData
LogPluginManager: Mounting plugin LiveLink
LogPluginManager: Mounting plugin AssetManagerEditor
LogPluginManager: Mounting plugin CryptoKeys
LogPluginManager: Mounting plugin CurveEditorTools
LogPluginManager: Mounting plugin GeometryMode
LogPluginManager: Mounting plugin FacialAnimation
LogPluginManager: Mounting plugin DataValidation
LogPluginManager: Mounting plugin GameplayTagsEditor
LogPluginManager: Mounting plugin MacGraphicsSwitching
LogPluginManager: Mounting plugin PluginBrowser
LogPluginManager: Mounting plugin SpeedTreeImporter
LogPluginManager: Mounting plugin MobileLauncherProfileWizard
LogPluginManager: Mounting plugin MaterialAnalyzer
LogPluginManager: Mounting plugin Niagara
LogPluginManager: Mounting plugin DatasmithContent
LogPluginManager: Mounting plugin VariantManagerContent
LogPluginManager: Mounting plugin AnimationSharing
LogPluginManager: Mounting plugin KDevelopSourceCodeAccess
LogPluginManager: Mounting plugin CodeLiteSourceCodeAccess
LogPluginManager: Mounting plugin NullSourceCodeAccess
LogPluginManager: Mounting plugin PlasticSourceControl
LogPluginManager: Mounting plugin PixWinPlugin
LogPluginManager: Mounting plugin CLionSourceCodeAccess
LogPluginManager: Mounting plugin GitSourceControl
LogPluginManager: Mounting plugin PerforceSourceControl
LogPluginManager: Mounting plugin PluginUtils
LogPluginManager: Mounting plugin PropertyAccessNode
LogPluginManager: Mounting plugin AlembicImporter
LogPluginManager: Mounting plugin RiderSourceCodeAccess
LogPluginManager: Mounting plugin SubversionSourceControl
LogPluginManager: Mounting plugin TextureFormatOodle
LogPluginManager: Mounting plugin BackChannel
LogPluginManager: Mounting plugin AutomationUtils
LogPluginManager: Mounting plugin UObjectPlugin
LogPluginManager: Mounting plugin ChaosClothEditor
LogPluginManager: Mounting plugin ChaosCloth
LogPluginManager: Mounting plugin VisualStudioSourceCodeAccess
LogPluginManager: Mounting plugin VisualStudioCodeSourceCodeAccess
LogPluginManager: Mounting plugin ChaosEditor
LogPluginManager: Mounting plugin XCodeSourceCodeAccess
LogPluginManager: Mounting plugin ChaosNiagara
LogPluginManager: Mounting plugin ChaosSolverPlugin
LogPluginManager: Mounting plugin CharacterAI
LogPluginManager: Mounting plugin GeometryCache
LogPluginManager: Mounting plugin GeometryCollectionPlugin
LogPluginManager: Mounting plugin GeometryProcessing
LogPluginManager: Mounting plugin OpenImageDenoise
LogPluginManager: Mounting plugin PlanarCut
LogPluginManager: Mounting plugin PlatformCrypto
LogPluginManager: Mounting plugin MotoSynth
LogPluginManager: Mounting plugin ProxyLODPlugin
LogPluginManager: Mounting plugin PythonScriptPlugin
LogPluginManager: Mounting plugin LuminPlatformFeatures
LogPluginManager: Mounting plugin MagicLeap
LogPluginManager: Mounting plugin MagicLeapLightEstimation
LogPluginManager: Mounting plugin SkeletalReduction
LogPluginManager: Mounting plugin AndroidMedia
LogPluginManager: Mounting plugin MagicLeapMedia
LogPluginManager: Mounting plugin AvfMedia
LogPluginManager: Mounting plugin MagicLeapPassableWorld
LogPluginManager: Mounting plugin MLSDK
LogPluginManager: Mounting plugin ImgMedia
LogPluginManager: Mounting plugin MediaCompositing
LogPluginManager: Mounting plugin WebMMedia
LogPluginManager: Mounting plugin TcpMessaging
LogPluginManager: Mounting plugin WmfMedia
LogPluginManager: Mounting plugin UdpMessaging
LogPluginManager: Mounting plugin MediaPlayerEditor
LogPluginManager: Mounting plugin LauncherChunkInstaller
LogPluginManager: Mounting plugin ActorSequence
LogPluginManager: Mounting plugin LevelSequenceEditor
LogPluginManager: Mounting plugin MatineeToLevelSequence
LogPluginManager: Mounting plugin OnlineSubsystem
LogPluginManager: Mounting plugin OnlineSubsystemUtils
LogPluginManager: Mounting plugin TemplateSequence
LogPluginManager: Mounting plugin ActorLayerUtilities
LogPluginManager: Mounting plugin AndroidDeviceProfileSelector
LogPluginManager: Mounting plugin AndroidPermission
LogPluginManager: Mounting plugin AndroidMoviePlayer
LogPluginManager: Mounting plugin AppleImageUtils
LogPluginManager: Mounting plugin AppleMoviePlayer
LogPluginManager: Mounting plugin ArchVisCharacter
LogPluginManager: Mounting plugin AssetTags
LogPluginManager: Mounting plugin AudioCapture
LogPluginManager: Mounting plugin CustomMeshComponent
LogPluginManager: Mounting plugin AudioSynesthesia
LogPluginManager: Mounting plugin CableComponent
LogPluginManager: Mounting plugin ChunkDownloader
LogPluginManager: Mounting plugin EditableMesh
LogPluginManager: Mounting plugin ExampleDeviceProfileSelector
LogPluginManager: Mounting plugin GooglePAD
LogPluginManager: Mounting plugin OnlineSubsystemNull
LogPluginManager: Mounting plugin IOSDeviceProfileSelector
LogPluginManager: Mounting plugin LinuxDeviceProfileSelector
LogPluginManager: Mounting plugin LocationServicesBPLibrary
LogPluginManager: Mounting plugin OpenXREyeTracker
LogPluginManager: Mounting plugin OpenXR
LogPluginManager: Mounting plugin OpenXRHandTracking
LogPluginManager: Mounting plugin GoogleCloudMessaging
LogPluginManager: Mounting plugin PhysXVehicles
LogPluginManager: Mounting plugin MobilePatchingUtils
LogPluginManager: Mounting plugin PropertyAccessEditor
LogPluginManager: Mounting plugin ScreenshotTools
LogPluginManager: Mounting plugin SignificanceManager
LogPluginManager: Mounting plugin RuntimePhysXCooking
LogPluginManager: Mounting plugin SoundFields
LogPluginManager: Mounting plugin Synthesis
LogPluginManager: Mounting plugin ProceduralMeshComponent
LogPluginManager: Mounting plugin WebMMoviePlayer
LogPluginManager: Mounting plugin WindowsMoviePlayer
LogPluginManager: Mounting plugin PostSplashScreen
LogPluginManager: Mounting plugin Takes
LogPluginManager: Mounting plugin ContentBrowserAssetDataSource
LogPluginManager: Mounting plugin ContentBrowserFileDataSource
LogPluginManager: Mounting plugin ContentBrowserClassDataSource
LogPluginManager: Mounting plugin OnlineSubsystemIOS
LogPluginManager: Mounting plugin OnlineSubsystemGooglePlay
LogPluginManager: Mounting plugin OculusVR
LogPluginManager: Mounting plugin SteamVR
PixWinPlugin: PIX capture plugin failed to initialize! Check that the process is launched from PIX.
LogInit: Using libcurl 7.55.1-DEV
LogInit:  - built for x86_64-pc-win32
LogInit:  - supports SSL with OpenSSL/1.1.1
LogInit:  - supports HTTP deflate (compression) using libz 1.2.8
LogInit:  - other features:
LogInit:      CURL_VERSION_SSL
LogInit:      CURL_VERSION_LIBZ
LogInit:      CURL_VERSION_IPV6
LogInit:      CURL_VERSION_ASYNCHDNS
LogInit:      CURL_VERSION_LARGEFILE
LogInit:      CURL_VERSION_IDN
LogInit:  CurlRequestOptions (configurable via config and command line):
LogInit:  - bVerifyPeer = true  - Libcurl will verify peer certificate
LogInit:  - bUseHttpProxy = true  - Libcurl will use HTTP proxy
LogInit:  - HttpProxyAddress = '127.0.0.1:12334'
LogInit:  - bDontReuseConnections = false  - Libcurl will reuse connections
LogInit:  - MaxHostConnections = 16  - Libcurl will limit the number of connections to a host
LogInit:  - LocalHostAddr = Default
LogInit:  - BufferSize = 65536
LogOnline: OSS: Creating online subsystem instance for: NULL
LogInit: WinSock: version 1.1 (2.2), MaxSocks=32767, MaxUdp=65467
LogOnline: OSS: TryLoadSubsystemAndSetDefault: Loaded subsystem for module [NULL]
LogOculusPluginWrapper: OculusPlugin initialized successfully
LogHMD: Failed initializing OVRPlugin 1.59.0
LogInit: Build: ++UE4+Release-4.27-CL-18319896
LogInit: Engine Version: 4.27.2-18319896+++UE4+Release-4.27
LogInit: Compatible Engine Version: 4.27.0-17155196+++UE4+Release-4.27
LogInit: Net CL: 17155196
LogInit: OS: Windows 10 (Release 2009) (), CPU: AMD Ryzen 7 5700U with Radeon Graphics         , GPU: AMD Radeon(TM) Graphics
LogInit: Compiled (64-bit): Nov 30 2021 07:12:08
LogInit: Compiled with Visual C++: 19.24.28315.00
LogInit: Build Configuration: Development
LogInit: Branch Name: ++UE4+Release-4.27
LogInit: Command Line:  -skipcompile
LogInit: Base Directory: C:/Program Files/Epic Games/UE_4.27/Engine/Binaries/Win64/
LogInit: Allocator: TBB
LogInit: Installed Engine Build: 1
LogDevObjectVersion: Number of dev versions registered: 29
LogDevObjectVersion:   Dev-Blueprints (B0D832E4-1F89-4F0D-ACCF-7EB736FD4AA2): 10
LogDevObjectVersion:   Dev-Build (E1C64328-A22C-4D53-A36C-8E866417BD8C): 0
LogDevObjectVersion:   Dev-Core (375EC13C-06E4-48FB-B500-84F0262A717E): 4
LogDevObjectVersion:   Dev-Editor (E4B068ED-F494-42E9-A231-DA0B2E46BB41): 40
LogDevObjectVersion:   Dev-Framework (CFFC743F-43B0-4480-9391-14DF171D2073): 37
LogDevObjectVersion:   Dev-Mobile (B02B49B5-BB20-44E9-A304-32B752E40360): 3
LogDevObjectVersion:   Dev-Networking (A4E4105C-59A1-49B5-A7C5-40C4547EDFEE): 0
LogDevObjectVersion:   Dev-Online (39C831C9-5AE6-47DC-9A44-9C173E1C8E7C): 0
LogDevObjectVersion:   Dev-Physics (78F01B33-EBEA-4F98-B9B4-84EACCB95AA2): 14
LogDevObjectVersion:   Dev-Platform (6631380F-2D4D-43E0-8009-CF276956A95A): 0
LogDevObjectVersion:   Dev-Rendering (12F88B9F-8875-4AFC-A67C-D90C383ABD29): 45
LogDevObjectVersion:   Dev-Sequencer (7B5AE74C-D270-4C10-A958-57980B212A5A): 13
LogDevObjectVersion:   Dev-VR (D7296918-1DD6-4BDD-9DE2-64A83CC13884): 3
LogDevObjectVersion:   Dev-LoadTimes (C2A15278-BFE7-4AFE-6C17-90FF531DF755): 1
LogDevObjectVersion:   Private-Geometry (6EACA3D4-40EC-4CC1-B786-8BED09428FC5): 3
LogDevObjectVersion:   Dev-AnimPhys (29E575DD-E0A3-4627-9D10-D276232CDCEA): 17
LogDevObjectVersion:   Dev-Anim (AF43A65D-7FD3-4947-9873-3E8ED9C1BB05): 15
LogDevObjectVersion:   Dev-ReflectionCapture (6B266CEC-1EC7-4B8F-A30B-E4D90942FC07): 1
LogDevObjectVersion:   Dev-Automation (0DF73D61-A23F-47EA-B727-89E90C41499A): 1
LogDevObjectVersion:   FortniteMain (601D1886-AC64-4F84-AA16-D3DE0DEAC7D6): 47
LogDevObjectVersion:   FortniteRelease (E7086368-6B23-4C58-8439-1B7016265E91): 1
LogDevObjectVersion:   Dev-Enterprise (9DFFBCD6-494F-0158-E221-12823C92A888): 10
LogDevObjectVersion:   Dev-Niagara (F2AED0AC-9AFE-416F-8664-AA7FFA26D6FC): 1
LogDevObjectVersion:   Dev-Destruction (174F1F0B-B4C6-45A5-B13F-2EE8D0FB917D): 10
LogDevObjectVersion:   Dev-Physics-Ext (35F94A83-E258-406C-A318-09F59610247C): 41
LogDevObjectVersion:   Dev-PhysicsMaterial-Chaos (B68FC16E-8B1B-42E2-B453-215C058844FE): 1
LogDevObjectVersion:   Dev-CineCamera (B2E18506-4273-CFC2-A54E-F4BB758BBA07): 1
LogDevObjectVersion:   Dev-VirtualProduction (64F58936-FD1B-42BA-BA96-7289D5D0FA4E): 1
LogDevObjectVersion:   Dev-MediaFramework (6F0ED827-A609-4895-9C91-998D90180EA4): 2
LogInit: Presizing for max 25165824 objects, including 0 objects not considered by GC, pre-allocating 0 bytes for permanent pool.
LogConfig: Applying CVar settings from Section [/Script/Engine.StreamingSettings] File [C:/Users/user/Documents/GitHub Unreal/Snake/Snake/Saved/Config/Windows/Engine.ini]
LogConfig: Setting CVar [[s.MinBulkDataSizeForAsyncLoading:131072]]
LogConfig: Setting CVar [[s.AsyncLoadingThreadEnabled:0]]
LogConfig: Setting CVar [[s.EventDrivenLoaderEnabled:1]]
LogConfig: Setting CVar [[s.WarnIfTimeLimitExceeded:0]]
LogConfig: Setting CVar [[s.TimeLimitExceededMultiplier:1.5]]
LogConfig: Setting CVar [[s.TimeLimitExceededMinTime:0.005]]
LogConfig: Setting CVar [[s.UseBackgroundLevelStreaming:1]]
LogConfig: Setting CVar [[s.PriorityAsyncLoadingExtraTime:15.0]]
LogConfig: Setting CVar [[s.LevelStreamingActorsUpdateTimeLimit:5.0]]
LogConfig: Setting CVar [[s.PriorityLevelStreamingActorsUpdateExtraTime:5.0]]
LogConfig: Setting CVar [[s.LevelStreamingComponentsRegistrationGranularity:10]]
LogConfig: Setting CVar [[s.UnregisterComponentsTimeLimit:1.0]]
LogConfig: Setting CVar [[s.LevelStreamingComponentsUnregistrationGranularity:5]]
LogConfig: Setting CVar [[s.FlushStreamingOnExit:1]]
LogInit: Object subsystem initialized
LogConfig: Setting CVar [[con.DebugEarlyDefault:1]]
LogConfig: Setting CVar [[r.setres:1280x720]]
[2026.05.02-09.08.13:716][  0]LogConfig: Setting CVar [[r.VSync:0]]
[2026.05.02-09.08.13:716][  0]LogConfig: Setting CVar [[r.RHICmdBypass:0]]
[2026.05.02-09.08.13:716][  0]LogConfig: Applying CVar settings from Section [/Script/Engine.RendererSettings] File [C:/Users/user/Documents/GitHub Unreal/Snake/Snake/Saved/Config/Windows/Engine.ini]
[2026.05.02-09.08.13:716][  0]LogConfig: Setting CVar [[r.GPUCrashDebugging:0]]
[2026.05.02-09.08.13:716][  0]LogConfig: Applying CVar settings from Section [/Script/Engine.RendererOverrideSettings] File [C:/Users/user/Documents/GitHub Unreal/Snake/Snake/Saved/Config/Windows/Engine.ini]
[2026.05.02-09.08.13:716][  0]LogConfig: Applying CVar settings from Section [/Script/Engine.StreamingSettings] File [C:/Users/user/Documents/GitHub Unreal/Snake/Snake/Saved/Config/Windows/Engine.ini]
[2026.05.02-09.08.13:716][  0]LogConfig: Setting CVar [[s.MinBulkDataSizeForAsyncLoading:131072]]
[2026.05.02-09.08.13:716][  0]LogConfig: Setting CVar [[s.AsyncLoadingThreadEnabled:0]]
[2026.05.02-09.08.13:716][  0]LogConfig: Setting CVar [[s.EventDrivenLoaderEnabled:1]]
[2026.05.02-09.08.13:716][  0]LogConfig: Setting CVar [[s.WarnIfTimeLimitExceeded:0]]
[2026.05.02-09.08.13:716][  0]LogConfig: Setting CVar [[s.TimeLimitExceededMultiplier:1.5]]
[2026.05.02-09.08.13:716][  0]LogConfig: Setting CVar [[s.TimeLimitExceededMinTime:0.005]]
[2026.05.02-09.08.13:716][  0]LogConfig: Setting CVar [[s.UseBackgroundLevelStreaming:1]]
[2026.05.02-09.08.13:716][  0]LogConfig: Setting CVar [[s.PriorityAsyncLoadingExtraTime:15.0]]
[2026.05.02-09.08.13:716][  0]LogConfig: Setting CVar [[s.LevelStreamingActorsUpdateTimeLimit:5.0]]
[2026.05.02-09.08.13:717][  0]LogConfig: Setting CVar [[s.PriorityLevelStreamingActorsUpdateExtraTime:5.0]]
[2026.05.02-09.08.13:717][  0]LogConfig: Setting CVar [[s.LevelStreamingComponentsRegistrationGranularity:10]]
[2026.05.02-09.08.13:717][  0]LogConfig: Setting CVar [[s.UnregisterComponentsTimeLimit:1.0]]
[2026.05.02-09.08.13:717][  0]LogConfig: Setting CVar [[s.LevelStreamingComponentsUnregistrationGranularity:5]]
[2026.05.02-09.08.13:717][  0]LogConfig: Setting CVar [[s.FlushStreamingOnExit:1]]
[2026.05.02-09.08.13:717][  0]LogConfig: Applying CVar settings from Section [/Script/Engine.GarbageCollectionSettings] File [C:/Users/user/Documents/GitHub Unreal/Snake/Snake/Saved/Config/Windows/Engine.ini]
[2026.05.02-09.08.13:717][  0]LogConfig: Setting CVar [[gc.MaxObjectsNotConsideredByGC:1]]
[2026.05.02-09.08.13:717][  0]LogConfig: Setting CVar [[gc.SizeOfPermanentObjectPool:0]]
[2026.05.02-09.08.13:717][  0]LogConfig: Setting CVar [[gc.FlushStreamingOnGC:0]]
[2026.05.02-09.08.13:717][  0]LogConfig: Setting CVar [[gc.NumRetriesBeforeForcingGC:10]]
[2026.05.02-09.08.13:717][  0]LogConfig: Setting CVar [[gc.AllowParallelGC:1]]
[2026.05.02-09.08.13:717][  0]LogConfig: Setting CVar [[gc.TimeBetweenPurgingPendingKillObjects:61.1]]
[2026.05.02-09.08.13:717][  0]LogConfig: Setting CVar [[gc.MaxObjectsInEditor:25165824]]
[2026.05.02-09.08.13:717][  0]LogConfig: Setting CVar [[gc.IncrementalBeginDestroyEnabled:1]]
[2026.05.02-09.08.13:717][  0]LogConfig: Setting CVar [[gc.CreateGCClusters:1]]
[2026.05.02-09.08.13:717][  0]LogConfig: Setting CVar [[gc.MinGCClusterSize:5]]
[2026.05.02-09.08.13:717][  0]LogConfig: Setting CVar [[gc.ActorClusteringEnabled:0]]
[2026.05.02-09.08.13:717][  0]LogConfig: Setting CVar [[gc.BlueprintClusteringEnabled:0]]
[2026.05.02-09.08.13:718][  0]LogConfig: Setting CVar [[gc.UseDisregardForGCOnDedicatedServers:0]]
[2026.05.02-09.08.13:718][  0]LogConfig: Setting CVar [[gc.MultithreadedDestructionEnabled:1]]
[2026.05.02-09.08.13:718][  0]LogConfig: Applying CVar settings from Section [/Script/Engine.NetworkSettings] File [C:/Users/user/Documents/GitHub Unreal/Snake/Snake/Saved/Config/Windows/Engine.ini]
[2026.05.02-09.08.13:718][  0]LogConfig: Applying CVar settings from Section [/Script/UnrealEd.CookerSettings] File [C:/Users/user/Documents/GitHub Unreal/Snake/Snake/Saved/Config/Windows/Engine.ini]
[2026.05.02-09.08.13:730][  0]LogConfig: Applying CVar settings from Section [ViewDistanceQuality@3] File [C:/Users/user/Documents/GitHub Unreal/Snake/Snake/Saved/Config/Windows/Scalability.ini]
[2026.05.02-09.08.13:730][  0]LogConfig: Setting CVar [[r.SkeletalMeshLODBias:0]]
[2026.05.02-09.08.13:730][  0]LogConfig: Setting CVar [[r.ViewDistanceScale:1.0]]
[2026.05.02-09.08.13:730][  0]LogConfig: Applying CVar settings from Section [AntiAliasingQuality@3] File [C:/Users/user/Documents/GitHub Unreal/Snake/Snake/Saved/Config/Windows/Scalability.ini]
[2026.05.02-09.08.13:730][  0]LogConfig: Setting CVar [[r.PostProcessAAQuality:4]]
[2026.05.02-09.08.13:730][  0]LogConfig: Applying CVar settings from Section [ShadowQuality@3] File [C:/Users/user/Documents/GitHub Unreal/Snake/Snake/Saved/Config/Windows/Scalability.ini]
[2026.05.02-09.08.13:730][  0]LogConfig: Setting CVar [[r.LightFunctionQuality:1]]
[2026.05.02-09.08.13:730][  0]LogConfig: Setting CVar [[r.ShadowQuality:5]]
[2026.05.02-09.08.13:730][  0]LogConfig: Setting CVar [[r.Shadow.CSM.MaxCascades:10]]
[2026.05.02-09.08.13:730][  0]LogConfig: Setting CVar [[r.Shadow.MaxResolution:2048]]
[2026.05.02-09.08.13:732][  0]LogConfig: Setting CVar [[r.Shadow.MaxCSMResolution:2048]]
[2026.05.02-09.08.13:732][  0]LogConfig: Setting CVar [[r.Shadow.RadiusThreshold:0.01]]
[2026.05.02-09.08.13:732][  0]LogConfig: Setting CVar [[r.Shadow.DistanceScale:1.0]]
[2026.05.02-09.08.13:732][  0]LogConfig: Setting CVar [[r.Shadow.CSM.TransitionScale:1.0]]
[2026.05.02-09.08.13:732][  0]LogConfig: Setting CVar [[r.Shadow.PreShadowResolutionFactor:1.0]]
[2026.05.02-09.08.13:732][  0]LogConfig: Setting CVar [[r.DistanceFieldShadowing:1]]
[2026.05.02-09.08.13:732][  0]LogConfig: Setting CVar [[r.DistanceFieldAO:1]]
[2026.05.02-09.08.13:732][  0]LogConfig: Setting CVar [[r.AOQuality:2]]
[2026.05.02-09.08.13:732][  0]LogConfig: Setting CVar [[r.VolumetricFog:1]]
[2026.05.02-09.08.13:732][  0]LogConfig: Setting CVar [[r.VolumetricFog.GridPixelSize:8]]
[2026.05.02-09.08.13:732][  0]LogConfig: Setting CVar [[r.VolumetricFog.GridSizeZ:128]]
[2026.05.02-09.08.13:732][  0]LogConfig: Setting CVar [[r.VolumetricFog.HistoryMissSupersampleCount:4]]
[2026.05.02-09.08.13:732][  0]LogConfig: Setting CVar [[r.LightMaxDrawDistanceScale:1]]
[2026.05.02-09.08.13:733][  0]LogConfig: Setting CVar [[r.CapsuleShadows:1]]
[2026.05.02-09.08.13:733][  0]LogConfig: Applying CVar settings from Section [PostProcessQuality@3] File [C:/Users/user/Documents/GitHub Unreal/Snake/Snake/Saved/Config/Windows/Scalability.ini]
[2026.05.02-09.08.13:733][  0]LogConfig: Setting CVar [[r.MotionBlurQuality:4]]
[2026.05.02-09.08.13:733][  0]LogConfig: Setting CVar [[r.AmbientOcclusionMipLevelFactor:0.4]]
[2026.05.02-09.08.13:733][  0]LogConfig: Setting CVar [[r.AmbientOcclusionMaxQuality:100]]
[2026.05.02-09.08.13:733][  0]LogConfig: Setting CVar [[r.AmbientOcclusionLevels:-1]]
[2026.05.02-09.08.13:733][  0]LogConfig: Setting CVar [[r.AmbientOcclusionRadiusScale:1.0]]
[2026.05.02-09.08.13:733][  0]LogConfig: Setting CVar [[r.DepthOfFieldQuality:2]]
[2026.05.02-09.08.13:733][  0]LogConfig: Setting CVar [[r.RenderTargetPoolMin:400]]
[2026.05.02-09.08.13:733][  0]LogConfig: Setting CVar [[r.LensFlareQuality:2]]
[2026.05.02-09.08.13:733][  0]LogConfig: Setting CVar [[r.SceneColorFringeQuality:1]]
[2026.05.02-09.08.13:733][  0]LogConfig: Setting CVar [[r.EyeAdaptationQuality:2]]
[2026.05.02-09.08.13:733][  0]LogConfig: Setting CVar [[r.BloomQuality:5]]
[2026.05.02-09.08.13:733][  0]LogConfig: Setting CVar [[r.FastBlurThreshold:100]]
[2026.05.02-09.08.13:733][  0]LogConfig: Setting CVar [[r.Upscale.Quality:3]]
[2026.05.02-09.08.13:734][  0]LogConfig: Setting CVar [[r.Tonemapper.GrainQuantization:1]]
[2026.05.02-09.08.13:734][  0]LogConfig: Setting CVar [[r.LightShaftQuality:1]]
[2026.05.02-09.08.13:734][  0]LogConfig: Setting CVar [[r.Filter.SizeScale:1]]
[2026.05.02-09.08.13:734][  0]LogConfig: Setting CVar [[r.Tonemapper.Quality:5]]
[2026.05.02-09.08.13:734][  0]LogConfig: Setting CVar [[r.DOF.Gather.AccumulatorQuality:1        ; higher gathering accumulator quality]]
[2026.05.02-09.08.13:734][  0]LogConfig: Setting CVar [[r.DOF.Gather.PostfilterMethod:1          ; Median3x3 postfilering method]]
[2026.05.02-09.08.13:734][  0]LogConfig: Setting CVar [[r.DOF.Gather.EnableBokehSettings:0       ; no bokeh simulation when gathering]]
[2026.05.02-09.08.13:734][  0]LogConfig: Setting CVar [[r.DOF.Gather.RingCount:4                 ; medium number of samples when gathering]]
[2026.05.02-09.08.13:734][  0]LogConfig: Setting CVar [[r.DOF.Scatter.ForegroundCompositing:1    ; additive foreground scattering]]
[2026.05.02-09.08.13:734][  0]LogConfig: Setting CVar [[r.DOF.Scatter.BackgroundCompositing:2    ; additive background scattering]]
[2026.05.02-09.08.13:734][  0]LogConfig: Setting CVar [[r.DOF.Scatter.EnableBokehSettings:1      ; bokeh simulation when scattering]]
[2026.05.02-09.08.13:734][  0]LogConfig: Setting CVar [[r.DOF.Scatter.MaxSpriteRatio:0.1         ; only a maximum of 10% of scattered bokeh]]
[2026.05.02-09.08.13:734][  0]LogConfig: Setting CVar [[r.DOF.Recombine.Quality:1                ; cheap slight out of focus]]
[2026.05.02-09.08.13:734][  0]LogConfig: Setting CVar [[r.DOF.Recombine.EnableBokehSettings:0    ; no bokeh simulation on slight out of focus]]
[2026.05.02-09.08.13:734][  0]LogConfig: Setting CVar [[r.DOF.TemporalAAQuality:1                ; more stable temporal accumulation]]
[2026.05.02-09.08.13:734][  0]LogConfig: Setting CVar [[r.DOF.Kernel.MaxForegroundRadius:0.025]]
[2026.05.02-09.08.13:734][  0]LogConfig: Setting CVar [[r.DOF.Kernel.MaxBackgroundRadius:0.025]]
[2026.05.02-09.08.13:734][  0]LogConfig: Applying CVar settings from Section [TextureQuality@3] File [C:/Users/user/Documents/GitHub Unreal/Snake/Snake/Saved/Config/Windows/Scalability.ini]
[2026.05.02-09.08.13:735][  0]LogConfig: Setting CVar [[r.Streaming.MipBias:0]]
[2026.05.02-09.08.13:735][  0]LogConfig: Setting CVar [[r.Streaming.AmortizeCPUToGPUCopy:0]]
[2026.05.02-09.08.13:735][  0]LogConfig: Setting CVar [[r.Streaming.MaxNumTexturesToStreamPerFrame:0]]
[2026.05.02-09.08.13:735][  0]LogConfig: Setting CVar [[r.Streaming.Boost:1]]
[2026.05.02-09.08.13:735][  0]LogConfig: Setting CVar [[r.MaxAnisotropy:8]]
[2026.05.02-09.08.13:735][  0]LogConfig: Setting CVar [[r.VT.MaxAnisotropy:8]]
[2026.05.02-09.08.13:735][  0]LogConfig: Setting CVar [[r.Streaming.LimitPoolSizeToVRAM:0]]
[2026.05.02-09.08.13:735][  0]LogConfig: Setting CVar [[r.Streaming.PoolSize:1000]]
[2026.05.02-09.08.13:735][  0]LogConfig: Setting CVar [[r.Streaming.MaxEffectiveScreenSize:0]]
[2026.05.02-09.08.13:735][  0]LogConfig: Applying CVar settings from Section [EffectsQuality@3] File [C:/Users/user/Documents/GitHub Unreal/Snake/Snake/Saved/Config/Windows/Scalability.ini]
[2026.05.02-09.08.13:735][  0]LogConfig: Setting CVar [[r.TranslucencyLightingVolumeDim:64]]
[2026.05.02-09.08.13:735][  0]LogConfig: Setting CVar [[r.RefractionQuality:2]]
[2026.05.02-09.08.13:735][  0]LogConfig: Setting CVar [[r.SSR.Quality:3]]
[2026.05.02-09.08.13:735][  0]LogConfig: Setting CVar [[r.SSR.HalfResSceneColor:0]]
[2026.05.02-09.08.13:735][  0]LogConfig: Setting CVar [[r.SceneColorFormat:4]]
[2026.05.02-09.08.13:735][  0]LogConfig: Setting CVar [[r.DetailMode:2]]
[2026.05.02-09.08.13:735][  0]LogConfig: Setting CVar [[r.TranslucencyVolumeBlur:1]]
[2026.05.02-09.08.13:736][  0]LogConfig: Setting CVar [[r.MaterialQualityLevel:1 ; High quality]]
[2026.05.02-09.08.13:736][  0]LogConfig: Setting CVar [[r.AnisotropicMaterials:1]]
[2026.05.02-09.08.13:736][  0]LogConfig: Setting CVar [[r.SSS.Scale:1]]
[2026.05.02-09.08.13:736][  0]LogConfig: Setting CVar [[r.SSS.SampleSet:2]]
[2026.05.02-09.08.13:736][  0]LogConfig: Setting CVar [[r.SSS.Quality:1]]
[2026.05.02-09.08.13:736][  0]LogConfig: Setting CVar [[r.SSS.HalfRes:0]]
[2026.05.02-09.08.13:736][  0]LogConfig: Setting CVar [[r.SSGI.Quality:3]]
[2026.05.02-09.08.13:736][  0]LogConfig: Setting CVar [[r.EmitterSpawnRateScale:1.0]]
[2026.05.02-09.08.13:736][  0]LogConfig: Setting CVar [[r.ParticleLightQuality:2]]
[2026.05.02-09.08.13:736][  0]LogConfig: Setting CVar [[r.SkyAtmosphere.AerialPerspectiveLUT.FastApplyOnOpaque:1 ; Always have FastSkyLUT 1 in this case to avoid wrong sky]]
[2026.05.02-09.08.13:736][  0]LogConfig: Setting CVar [[r.SkyAtmosphere.AerialPerspectiveLUT.SampleCountMaxPerSlice:4]]
[2026.05.02-09.08.13:736][  0]LogConfig: Setting CVar [[r.SkyAtmosphere.AerialPerspectiveLUT.DepthResolution:16.0]]
[2026.05.02-09.08.13:736][  0]LogConfig: Setting CVar [[r.SkyAtmosphere.FastSkyLUT:1]]
[2026.05.02-09.08.13:736][  0]LogConfig: Setting CVar [[r.SkyAtmosphere.FastSkyLUT.SampleCountMin:4.0]]
[2026.05.02-09.08.13:736][  0]LogConfig: Setting CVar [[r.SkyAtmosphere.FastSkyLUT.SampleCountMax:128.0]]
[2026.05.02-09.08.13:736][  0]LogConfig: Setting CVar [[r.SkyAtmosphere.SampleCountMin:4.0]]
[2026.05.02-09.08.13:737][  0]LogConfig: Setting CVar [[r.SkyAtmosphere.SampleCountMax:128.0]]
[2026.05.02-09.08.13:737][  0]LogConfig: Setting CVar [[r.SkyAtmosphere.TransmittanceLUT.UseSmallFormat:0]]
[2026.05.02-09.08.13:737][  0]LogConfig: Setting CVar [[r.SkyAtmosphere.TransmittanceLUT.SampleCount:10.0]]
[2026.05.02-09.08.13:737][  0]LogConfig: Setting CVar [[r.SkyAtmosphere.MultiScatteringLUT.SampleCount:15.0]]
[2026.05.02-09.08.13:737][  0]LogConfig: Setting CVar [[r.SkyLight.RealTimeReflectionCapture:1]]
[2026.05.02-09.08.13:737][  0]LogConfig: Applying CVar settings from Section [FoliageQuality@3] File [C:/Users/user/Documents/GitHub Unreal/Snake/Snake/Saved/Config/Windows/Scalability.ini]
[2026.05.02-09.08.13:737][  0]LogConfig: Setting CVar [[foliage.DensityScale:1.0]]
[2026.05.02-09.08.13:737][  0]LogConfig: Setting CVar [[grass.DensityScale:1.0]]
[2026.05.02-09.08.13:737][  0]LogConfig: Applying CVar settings from Section [ShadingQuality@3] File [C:/Users/user/Documents/GitHub Unreal/Snake/Snake/Saved/Config/Windows/Scalability.ini]
[2026.05.02-09.08.13:737][  0]LogConfig: Setting CVar [[r.HairStrands.SkyLighting.IntegrationType:2]]
[2026.05.02-09.08.13:737][  0]LogConfig: Setting CVar [[r.HairStrands.SkyAO.SampleCount:4]]
[2026.05.02-09.08.13:737][  0]LogConfig: Setting CVar [[r.HairStrands.Visibility.MSAA.SamplePerPixel:4]]
[2026.05.02-09.08.13:737][  0]LogInit: Selected Device Profile: [Windows]
[2026.05.02-09.08.13:737][  0]LogInit: Applying CVar settings loaded from the selected device profile: [Windows]
[2026.05.02-09.08.13:737][  0]LogHAL: Display: Platform has ~ 16 GB [16469520384 / 17179869184 / 16], which maps to Larger [LargestMinGB=32, LargerMinGB=12, DefaultMinGB=8, SmallerMinGB=6, SmallestMinGB=0)
[2026.05.02-09.08.13:737][  0]LogInit: Going up to parent DeviceProfile []
[2026.05.02-09.08.13:738][  0]LogConfig: Applying CVar settings from Section [ViewDistanceQuality@1] File [C:/Users/user/Documents/GitHub Unreal/Snake/Snake/Saved/Config/Windows/Scalability.ini]
[2026.05.02-09.08.13:738][  0]LogConfig: Setting CVar [[r.SkeletalMeshLODBias:1]]
[2026.05.02-09.08.13:738][  0]LogConfig: Setting CVar [[r.ViewDistanceScale:0.6]]
[2026.05.02-09.08.13:738][  0]LogConfig: Applying CVar settings from Section [AntiAliasingQuality@1] File [C:/Users/user/Documents/GitHub Unreal/Snake/Snake/Saved/Config/Windows/Scalability.ini]
[2026.05.02-09.08.13:738][  0]LogConfig: Setting CVar [[r.PostProcessAAQuality:2]]
[2026.05.02-09.08.13:738][  0]LogConfig: Applying CVar settings from Section [ShadowQuality@1] File [C:/Users/user/Documents/GitHub Unreal/Snake/Snake/Saved/Config/Windows/Scalability.ini]
[2026.05.02-09.08.13:738][  0]LogConfig: Setting CVar [[r.LightFunctionQuality:1]]
[2026.05.02-09.08.13:738][  0]LogConfig: Setting CVar [[r.ShadowQuality:3]]
[2026.05.02-09.08.13:738][  0]LogConfig: Setting CVar [[r.Shadow.CSM.MaxCascades:1]]
[2026.05.02-09.08.13:738][  0]LogConfig: Setting CVar [[r.Shadow.MaxResolution:1024]]
[2026.05.02-09.08.13:738][  0]LogConfig: Setting CVar [[r.Shadow.MaxCSMResolution:1024]]
[2026.05.02-09.08.13:738][  0]LogConfig: Setting CVar [[r.Shadow.RadiusThreshold:0.05]]
[2026.05.02-09.08.13:738][  0]LogConfig: Setting CVar [[r.Shadow.DistanceScale:0.7]]
[2026.05.02-09.08.13:738][  0]LogConfig: Setting CVar [[r.Shadow.CSM.TransitionScale:0.25]]
[2026.05.02-09.08.13:738][  0]LogConfig: Setting CVar [[r.Shadow.PreShadowResolutionFactor:0.5]]
[2026.05.02-09.08.13:738][  0]LogConfig: Setting CVar [[r.DistanceFieldShadowing:0]]
[2026.05.02-09.08.13:738][  0]LogConfig: Setting CVar [[r.DistanceFieldAO:0]]
[2026.05.02-09.08.13:738][  0]LogConfig: Setting CVar [[r.VolumetricFog:0]]
[2026.05.02-09.08.13:738][  0]LogConfig: Setting CVar [[r.LightMaxDrawDistanceScale:.5]]
[2026.05.02-09.08.13:738][  0]LogConfig: Setting CVar [[r.CapsuleShadows:1]]
[2026.05.02-09.08.13:739][  0]LogConfig: Applying CVar settings from Section [PostProcessQuality@1] File [C:/Users/user/Documents/GitHub Unreal/Snake/Snake/Saved/Config/Windows/Scalability.ini]
[2026.05.02-09.08.13:739][  0]LogConfig: Setting CVar [[r.MotionBlurQuality:3]]
[2026.05.02-09.08.13:739][  0]LogConfig: Setting CVar [[r.AmbientOcclusionMipLevelFactor:1.0]]
[2026.05.02-09.08.13:739][  0]LogConfig: Setting CVar [[r.AmbientOcclusionMaxQuality:60]]
[2026.05.02-09.08.13:739][  0]LogConfig: Setting CVar [[r.AmbientOcclusionLevels:-1]]
[2026.05.02-09.08.13:739][  0]LogConfig: Setting CVar [[r.AmbientOcclusionRadiusScale:1.5]]
[2026.05.02-09.08.13:739][  0]LogConfig: Setting CVar [[r.DepthOfFieldQuality:1]]
[2026.05.02-09.08.13:739][  0]LogConfig: Setting CVar [[r.RenderTargetPoolMin:350]]
[2026.05.02-09.08.13:739][  0]LogConfig: Setting CVar [[r.LensFlareQuality:0]]
[2026.05.02-09.08.13:739][  0]LogConfig: Setting CVar [[r.SceneColorFringeQuality:0]]
[2026.05.02-09.08.13:739][  0]LogConfig: Setting CVar [[r.EyeAdaptationQuality:2]]
[2026.05.02-09.08.13:739][  0]LogConfig: Setting CVar [[r.BloomQuality:4]]
[2026.05.02-09.08.13:739][  0]LogConfig: Setting CVar [[r.FastBlurThreshold:2]]
[2026.05.02-09.08.13:739][  0]LogConfig: Setting CVar [[r.Upscale.Quality:2]]
[2026.05.02-09.08.13:739][  0]LogConfig: Setting CVar [[r.Tonemapper.GrainQuantization:0]]
[2026.05.02-09.08.13:739][  0]LogConfig: Setting CVar [[r.LightShaftQuality:0]]
[2026.05.02-09.08.13:739][  0]LogConfig: Setting CVar [[r.Filter.SizeScale:0.7]]
[2026.05.02-09.08.13:739][  0]LogConfig: Setting CVar [[r.Tonemapper.Quality:2]]
[2026.05.02-09.08.13:739][  0]LogConfig: Setting CVar [[r.DOF.Gather.AccumulatorQuality:0        ; lower gathering accumulator quality]]
[2026.05.02-09.08.13:741][  0]LogConfig: Setting CVar [[r.DOF.Gather.PostfilterMethod:2          ; Max3x3 postfilering method]]
[2026.05.02-09.08.13:741][  0]LogConfig: Setting CVar [[r.DOF.Gather.EnableBokehSettings:0       ; no bokeh simulation when gathering]]
[2026.05.02-09.08.13:741][  0]LogConfig: Setting CVar [[r.DOF.Gather.RingCount:3                 ; low number of samples when gathering]]
[2026.05.02-09.08.13:741][  0]LogConfig: Setting CVar [[r.DOF.Scatter.ForegroundCompositing:0    ; no foreground scattering]]
[2026.05.02-09.08.13:741][  0]LogConfig: Setting CVar [[r.DOF.Scatter.BackgroundCompositing:0    ; no foreground scattering]]
[2026.05.02-09.08.13:741][  0]LogConfig: Setting CVar [[r.DOF.Recombine.Quality:0                ; no slight out of focus]]
[2026.05.02-09.08.13:741][  0]LogConfig: Setting CVar [[r.DOF.TemporalAAQuality:0                ; faster temporal accumulation]]
[2026.05.02-09.08.13:741][  0]LogConfig: Setting CVar [[r.DOF.Kernel.MaxForegroundRadius:0.006   ; required because low gathering and no scattering and not looking great at 1080p]]
[2026.05.02-09.08.13:741][  0]LogConfig: Setting CVar [[r.DOF.Kernel.MaxBackgroundRadius:0.006   ; required because low gathering and no scattering and not looking great at 1080p]]
[2026.05.02-09.08.13:741][  0]LogConfig: Applying CVar settings from Section [TextureQuality@1] File [C:/Users/user/Documents/GitHub Unreal/Snake/Snake/Saved/Config/Windows/Scalability.ini]
[2026.05.02-09.08.13:741][  0]LogConfig: Setting CVar [[r.Streaming.MipBias:1]]
[2026.05.02-09.08.13:741][  0]LogConfig: Setting CVar [[r.Streaming.AmortizeCPUToGPUCopy:0]]
[2026.05.02-09.08.13:741][  0]LogConfig: Setting CVar [[r.Streaming.MaxNumTexturesToStreamPerFrame:0]]
[2026.05.02-09.08.13:741][  0]LogConfig: Setting CVar [[r.Streaming.Boost:1]]
[2026.05.02-09.08.13:741][  0]LogConfig: Setting CVar [[r.MaxAnisotropy:2]]
[2026.05.02-09.08.13:742][  0]LogConfig: Setting CVar [[r.VT.MaxAnisotropy:4]]
[2026.05.02-09.08.13:742][  0]LogConfig: Setting CVar [[r.Streaming.LimitPoolSizeToVRAM:1]]
[2026.05.02-09.08.13:742][  0]LogConfig: Setting CVar [[r.Streaming.PoolSize:600]]
[2026.05.02-09.08.13:742][  0]LogConfig: Setting CVar [[r.Streaming.MaxEffectiveScreenSize:0]]
[2026.05.02-09.08.13:742][  0]LogConfig: Applying CVar settings from Section [EffectsQuality@1] File [C:/Users/user/Documents/GitHub Unreal/Snake/Snake/Saved/Config/Windows/Scalability.ini]
[2026.05.02-09.08.13:742][  0]LogConfig: Setting CVar [[r.TranslucencyLightingVolumeDim:32]]
[2026.05.02-09.08.13:742][  0]LogConfig: Setting CVar [[r.RefractionQuality:0]]
[2026.05.02-09.08.13:742][  0]LogConfig: Setting CVar [[r.SSR.Quality:0]]
[2026.05.02-09.08.13:742][  0]LogConfig: Setting CVar [[r.SSR.HalfResSceneColor:1]]
[2026.05.02-09.08.13:742][  0]LogConfig: Setting CVar [[r.SceneColorFormat:3]]
[2026.05.02-09.08.13:742][  0]LogConfig: Setting CVar [[r.DetailMode:1]]
[2026.05.02-09.08.13:742][  0]LogConfig: Setting CVar [[r.TranslucencyVolumeBlur:0]]
[2026.05.02-09.08.13:742][  0]LogConfig: Setting CVar [[r.MaterialQualityLevel:2 ; Medium quality]]
[2026.05.02-09.08.13:742][  0]LogConfig: Setting CVar [[r.AnisotropicMaterials:0]]
[2026.05.02-09.08.13:742][  0]LogConfig: Setting CVar [[r.SSS.Scale:0.75]]
[2026.05.02-09.08.13:742][  0]LogConfig: Setting CVar [[r.SSS.SampleSet:0]]
[2026.05.02-09.08.13:742][  0]LogConfig: Setting CVar [[r.SSS.Quality:0]]
[2026.05.02-09.08.13:742][  0]LogConfig: Setting CVar [[r.SSS.HalfRes:1]]
[2026.05.02-09.08.13:742][  0]LogConfig: Setting CVar [[r.SSGI.Quality:1]]
[2026.05.02-09.08.13:742][  0]LogConfig: Setting CVar [[r.EmitterSpawnRateScale:0.25]]
[2026.05.02-09.08.13:742][  0]LogConfig: Setting CVar [[r.ParticleLightQuality:0]]
[2026.05.02-09.08.13:743][  0]LogConfig: Setting CVar [[r.SkyAtmosphere.AerialPerspectiveLUT.FastApplyOnOpaque:1 ; Always have FastSkyLUT 1 in this case to avoid wrong sky]]
[2026.05.02-09.08.13:743][  0]LogConfig: Setting CVar [[r.SkyAtmosphere.AerialPerspectiveLUT.SampleCountMaxPerSlice:1]]
[2026.05.02-09.08.13:743][  0]LogConfig: Setting CVar [[r.SkyAtmosphere.AerialPerspectiveLUT.DepthResolution:16.0]]
[2026.05.02-09.08.13:743][  0]LogConfig: Setting CVar [[r.SkyAtmosphere.FastSkyLUT:1]]
[2026.05.02-09.08.13:743][  0]LogConfig: Setting CVar [[r.SkyAtmosphere.FastSkyLUT.SampleCountMin:4.0]]
[2026.05.02-09.08.13:743][  0]LogConfig: Setting CVar [[r.SkyAtmosphere.FastSkyLUT.SampleCountMax:32.0]]
[2026.05.02-09.08.13:743][  0]LogConfig: Setting CVar [[r.SkyAtmosphere.SampleCountMin:4.0]]
[2026.05.02-09.08.13:743][  0]LogConfig: Setting CVar [[r.SkyAtmosphere.SampleCountMax:32.0]]
[2026.05.02-09.08.13:743][  0]LogConfig: Setting CVar [[r.SkyAtmosphere.TransmittanceLUT.UseSmallFormat:0]]
[2026.05.02-09.08.13:743][  0]LogConfig: Setting CVar [[r.SkyAtmosphere.TransmittanceLUT.SampleCount:10.0]]
[2026.05.02-09.08.13:743][  0]LogConfig: Setting CVar [[r.SkyAtmosphere.MultiScatteringLUT.SampleCount:15.0]]
[2026.05.02-09.08.13:743][  0]LogConfig: Setting CVar [[r.SkyLight.RealTimeReflectionCapture:0]]
[2026.05.02-09.08.13:743][  0]LogConfig: Applying CVar settings from Section [FoliageQuality@1] File [C:/Users/user/Documents/GitHub Unreal/Snake/Snake/Saved/Config/Windows/Scalability.ini]
[2026.05.02-09.08.13:743][  0]LogConfig: Setting CVar [[foliage.DensityScale:0.4]]
[2026.05.02-09.08.13:743][  0]LogConfig: Setting CVar [[grass.DensityScale:0.4]]
[2026.05.02-09.08.13:743][  0]LogConfig: Applying CVar settings from Section [ShadingQuality@1] File [C:/Users/user/Documents/GitHub Unreal/Snake/Snake/Saved/Config/Windows/Scalability.ini]
[2026.05.02-09.08.13:743][  0]LogConfig: Setting CVar [[r.HairStrands.SkyLighting.IntegrationType:2]]
[2026.05.02-09.08.13:743][  0]LogConfig: Setting CVar [[r.HairStrands.SkyAO.SampleCount:4]]
[2026.05.02-09.08.13:744][  0]LogConfig: Setting CVar [[r.HairStrands.Visibility.MSAA.SamplePerPixel:1]]
[2026.05.02-09.08.13:744][  0]LogConfig: Applying CVar settings from Section [Startup] File [../../../Engine/Config/ConsoleVariables.ini]
[2026.05.02-09.08.13:744][  0]LogConfig: Setting CVar [[net.UseAdaptiveNetUpdateFrequency:0]]
[2026.05.02-09.08.13:744][  0]LogConfig: Setting CVar [[p.chaos.AllowCreatePhysxBodies:1]]
[2026.05.02-09.08.13:744][  0]LogConfig: Setting CVar [[fx.SkipVectorVMBackendOptimizations:1]]
[2026.05.02-09.08.13:745][  0]LogConfig: Applying CVar settings from Section [ConsoleVariables] File [C:/Users/user/Documents/GitHub Unreal/Snake/Snake/Saved/Config/Windows/Engine.ini]
[2026.05.02-09.08.13:745][  0]LogConfig: Applying CVar settings from Section [ConsoleVariables] File [C:/Users/user/Documents/GitHub Unreal/Snake/Snake/Saved/Config/Windows/Editor.ini]
[2026.05.02-09.08.13:745][  0]LogInit: Computer: WIN-F0BR1M2G8QI
[2026.05.02-09.08.13:745][  0]LogInit: User: user
[2026.05.02-09.08.13:745][  0]LogInit: CPU Page size=4096, Cores=8
[2026.05.02-09.08.13:745][  0]LogInit: High frequency timer resolution =10.000000 MHz
[2026.05.02-09.08.13:746][  0]LogMemory: Memory total: Physical=15.3GB (16GB approx)
[2026.05.02-09.08.13:746][  0]LogMemory: Platform Memory Stats for Windows
[2026.05.02-09.08.13:746][  0]LogMemory: Process Physical Memory: 150.11 MB used, 150.11 MB peak
[2026.05.02-09.08.13:746][  0]LogMemory: Process Virtual Memory: 129.68 MB used, 129.68 MB peak
[2026.05.02-09.08.13:746][  0]LogMemory: Physical Memory: 11069.32 MB used,  4637.24 MB free, 15706.56 MB total
[2026.05.02-09.08.13:746][  0]LogMemory: Virtual Memory: 134213704.00 MB used,  4027.03 MB free, 134217728.00 MB total
[2026.05.02-09.08.13:818][  0]LogWindows: WindowsPlatformFeatures enabled
[2026.05.02-09.08.13:932][  0]LogInit: Physics initialised using underlying interface: PhysX
[2026.05.02-09.08.13:934][  0]LogInit: Using OS detected language (ru-RU).
[2026.05.02-09.08.13:934][  0]LogInit: Using OS detected locale (ru-RU).
[2026.05.02-09.08.13:941][  0]LogTextLocalizationManager: No specific localization for 'ru-RU' exists, so the 'ru' localization will be used.
[2026.05.02-09.08.13:942][  0]LogTextLocalizationResource: LocRes '../../../Engine/Content/Localization/Editor/ru/Editor.locres' could not be opened for reading!
[2026.05.02-09.08.13:942][  0]LogTextLocalizationResource: LocRes '../../../Engine/Content/Localization/EditorTutorials/ru/EditorTutorials.locres' could not be opened for reading!
[2026.05.02-09.08.13:942][  0]LogTextLocalizationResource: LocRes '../../../Engine/Content/Localization/Keywords/ru/Keywords.locres' could not be opened for reading!
[2026.05.02-09.08.13:942][  0]LogTextLocalizationResource: LocRes '../../../Engine/Content/Localization/Category/ru/Category.locres' could not be opened for reading!
[2026.05.02-09.08.13:944][  0]LogTextLocalizationResource: LocRes '../../../Engine/Content/Localization/ToolTips/ru/ToolTips.locres' could not be opened for reading!
[2026.05.02-09.08.13:944][  0]LogTextLocalizationResource: LocRes '../../../Engine/Content/Localization/PropertyNames/ru/PropertyNames.locres' could not be opened for reading!
[2026.05.02-09.08.13:945][  0]LogTextLocalizationResource: LocRes '../../../Engine/Content/Localization/Engine/ru/Engine.locres' could not be opened for reading!
[2026.05.02-09.08.13:946][  0]LogInit: Setting process to per monitor DPI aware
[2026.05.02-09.08.13:984][  0]LogWindowsTextInputMethodSystem: Display: IME system deactivated.
[2026.05.02-09.08.14:019][  0]LogSlate: New Slate User Created.  User Index 0, Is Virtual User: 0
[2026.05.02-09.08.14:019][  0]LogSlate: Slate User Registered.  User Index 0, Is Virtual User: 0
[2026.05.02-09.08.14:238][  0]LogD3D11RHI: Loaded GFSDK_Aftermath_Lib.x64.dll
[2026.05.02-09.08.14:263][  0]LogHMD: Failed to initialize OpenVR with code 110
[2026.05.02-09.08.14:263][  0]LogD3D11RHI: D3D11 min allowed feature level: 11_0
[2026.05.02-09.08.14:263][  0]LogD3D11RHI: D3D11 max allowed feature level: 11_0
[2026.05.02-09.08.14:263][  0]LogD3D11RHI: D3D11 adapters:
[2026.05.02-09.08.14:346][  0]LogD3D11RHI:    0. 'AMD Radeon(TM) Graphics' (Feature Level 11_0)
[2026.05.02-09.08.14:347][  0]LogD3D11RHI:       495/0/7853 MB DedicatedVideo/DedicatedSystem/SharedSystem, Outputs:1, VendorId:0x1002
[2026.05.02-09.08.14:356][  0]LogD3D11RHI:    1. 'Microsoft Basic Render Driver' (Feature Level 11_0)
[2026.05.02-09.08.14:356][  0]LogD3D11RHI:       0/0/7853 MB DedicatedVideo/DedicatedSystem/SharedSystem, Outputs:0, VendorId:0x1414
[2026.05.02-09.08.14:432][  0]LogD3D11RHI:    2. 'AMD Radeon(TM) Graphics' (Feature Level 11_0)
[2026.05.02-09.08.14:432][  0]LogD3D11RHI:       495/0/7853 MB DedicatedVideo/DedicatedSystem/SharedSystem, Outputs:0, VendorId:0x1002
[2026.05.02-09.08.14:432][  0]LogD3D11RHI: Chosen D3D11 Adapter:
[2026.05.02-09.08.14:432][  0]LogD3D11RHI:     Description : AMD Radeon(TM) Graphics
[2026.05.02-09.08.14:432][  0]LogD3D11RHI:     VendorId    : 1002
[2026.05.02-09.08.14:433][  0]LogD3D11RHI:     DeviceId    : 164c
[2026.05.02-09.08.14:433][  0]LogD3D11RHI:     SubSysId    : 1410152d
[2026.05.02-09.08.14:433][  0]LogD3D11RHI:     Revision    : 00c1
[2026.05.02-09.08.14:433][  0]LogD3D11RHI:     DedicatedVideoMemory : 519634944 bytes
[2026.05.02-09.08.14:433][  0]LogD3D11RHI:     DedicatedSystemMemory : 0 bytes
[2026.05.02-09.08.14:433][  0]LogD3D11RHI:     SharedSystemMemory : 8234760192 bytes
[2026.05.02-09.08.14:433][  0]LogD3D11RHI:     AdapterLuid : 0 45828
[2026.05.02-09.08.14:444][  0]LogD3D11RHI: Creating new Direct3DDevice
[2026.05.02-09.08.14:444][  0]LogD3D11RHI:     GPU DeviceId: 0x164c (for the marketing name, search the web for "GPU Device Id")
[2026.05.02-09.08.14:444][  0]LogWindows: EnumDisplayDevices:
[2026.05.02-09.08.14:444][  0]LogWindows:    0. 'AMD Radeon(TM) Graphics' (P:1 D:1)
[2026.05.02-09.08.14:445][  0]LogWindows:    1. 'AMD Radeon(TM) Graphics' (P:0 D:0)
[2026.05.02-09.08.14:446][  0]LogWindows:    2. 'AMD Radeon(TM) Graphics' (P:0 D:0)
[2026.05.02-09.08.14:447][  0]LogWindows:    3. 'IddDesk Device' (P:0 D:0)
[2026.05.02-09.08.14:448][  0]LogWindows:    4. 'IddDesk Device' (P:0 D:0)
[2026.05.02-09.08.14:449][  0]LogWindows:    5. 'IddDesk Device' (P:0 D:0)
[2026.05.02-09.08.14:449][  0]LogWindows:    6. 'IddDesk Device' (P:0 D:0)
[2026.05.02-09.08.14:450][  0]LogWindows:    7. 'IddDesk Device' (P:0 D:0)
[2026.05.02-09.08.14:450][  0]LogWindows:    8. 'IddDesk Device' (P:0 D:0)
[2026.05.02-09.08.14:451][  0]LogWindows:    9. 'IddDesk Device' (P:0 D:0)
[2026.05.02-09.08.14:451][  0]LogWindows:    10. 'IddDesk Device' (P:0 D:0)
[2026.05.02-09.08.14:452][  0]LogWindows:    11. 'IddDesk Device' (P:0 D:0)
[2026.05.02-09.08.14:453][  0]LogWindows:    12. 'IddDesk Device' (P:0 D:0)
[2026.05.02-09.08.14:453][  0]LogWindows: DebugString: GetVideoDriverDetailsInvalid PrimaryIsNotTheChoosenAdapter GetVideoDriverDetailsInvalid PrimaryIsNotTheChoosenAdapter GetVideoDriverDetailsInvalid PrimaryIsNotTheChoosenAdapter GetVideoDriverDetailsInvalid PrimaryIsNotTheChoosenAdapter GetVideoDriverDetailsInvalid PrimaryIsNotTheChoosenAdapter GetVideoDriverDetailsInvalid PrimaryIsNotTheChoosenAdapter GetVideoDriverDetailsInvalid PrimaryIsNotTheChoosenAdapter GetVideoDriverDetailsInvalid PrimaryIsNotTheChoosenAdapter GetVideoDriverDetailsInvalid PrimaryIsNotTheChoosenAdapter GetVideoDriverDetailsInvalid PrimaryIsNotTheChoosenAdapter FoundDriverCount:3 
[2026.05.02-09.08.14:453][  0]LogD3D11RHI:     Adapter Name: AMD Radeon(TM) Graphics
[2026.05.02-09.08.14:453][  0]LogD3D11RHI:   Driver Version: AMD Software: Adrenalin Edition 26.1.1 (internal:31.0.21924.61, unified:31.0.21924.61)
[2026.05.02-09.08.14:453][  0]LogD3D11RHI:      Driver Date: 12-11-2025
[2026.05.02-09.08.14:453][  0]LogRHI: Texture pool is 5372 MB (70% of 7675 MB)
[2026.05.02-09.08.14:496][  0]LogD3D11RHI: Creating D3DDevice with AMD AGS, using adapter:
[2026.05.02-09.08.14:496][  0]LogD3D11RHI:     Description : AMD Radeon(TM) Graphics
[2026.05.02-09.08.14:496][  0]LogD3D11RHI:     VendorId    : 1002
[2026.05.02-09.08.14:496][  0]LogD3D11RHI:     DeviceId    : 164c
[2026.05.02-09.08.14:496][  0]LogD3D11RHI:     SubSysId    : 1410152d
[2026.05.02-09.08.14:496][  0]LogD3D11RHI:     Revision    : 00c1
[2026.05.02-09.08.14:496][  0]LogD3D11RHI:     DedicatedVideoMemory : 519634944 bytes
[2026.05.02-09.08.14:498][  0]LogD3D11RHI:     DedicatedSystemMemory : 0 bytes
[2026.05.02-09.08.14:498][  0]LogD3D11RHI:     SharedSystemMemory : 8234760192 bytes
[2026.05.02-09.08.14:498][  0]LogD3D11RHI:     AdapterLuid : 0 45828
[2026.05.02-09.08.14:570][  0]LogD3D11RHI: Created device via AGS, feature level 11_0, supported extensions 1fffffbf.
[2026.05.02-09.08.14:570][  0]LogD3D11RHI: RHI has support for 64 bit atomics
[2026.05.02-09.08.14:570][  0]LogD3D11RHI: Async texture creation enabled
[2026.05.02-09.08.14:570][  0]LogD3D11RHI: Array index from any shader is supported
[2026.05.02-09.08.14:585][  0]LogD3D11RHI: GPU Timing Frequency: 100.000000 (Debug: 2 1)
[2026.05.02-09.08.15:366][  0]LogTargetPlatformManager: Display: Loaded TargetPlatform 'AllDesktop'
[2026.05.02-09.08.15:398][  0]LogTargetPlatformManager: Display: Loaded TargetPlatform 'Android'
[2026.05.02-09.08.15:398][  0]LogTargetPlatformManager: Display: Loaded TargetPlatform 'Android_ASTC'
[2026.05.02-09.08.15:398][  0]LogTargetPlatformManager: Display: Loaded TargetPlatform 'Android_DXT'
[2026.05.02-09.08.15:398][  0]LogTargetPlatformManager: Display: Loaded TargetPlatform 'Android_ETC2'
[2026.05.02-09.08.15:398][  0]LogTargetPlatformManager: Display: Loaded TargetPlatform 'AndroidClient'
[2026.05.02-09.08.15:398][  0]LogTargetPlatformManager: Display: Loaded TargetPlatform 'Android_ASTCClient'
[2026.05.02-09.08.15:398][  0]LogTargetPlatformManager: Display: Loaded TargetPlatform 'Android_DXTClient'
[2026.05.02-09.08.15:398][  0]LogTargetPlatformManager: Display: Loaded TargetPlatform 'Android_ETC2Client'
[2026.05.02-09.08.15:398][  0]LogTargetPlatformManager: Display: Loaded TargetPlatform 'Android_Multi'
[2026.05.02-09.08.15:398][  0]LogTargetPlatformManager: Display: Loaded TargetPlatform 'Android_MultiClient'
[2026.05.02-09.08.15:443][  0]LogTargetPlatformManager: Display: Loaded TargetPlatform 'IOSClient'
[2026.05.02-09.08.15:444][  0]LogTargetPlatformManager: Display: Loaded TargetPlatform 'IOS'
[2026.05.02-09.08.15:465][  0]LogTargetPlatformManager: Display: Loaded TargetPlatform 'Linux'
[2026.05.02-09.08.15:476][  0]LogTargetPlatformManager: Display: Loaded TargetPlatform 'LinuxNoEditor'
[2026.05.02-09.08.15:487][  0]LogTargetPlatformManager: Display: Loaded TargetPlatform 'LinuxClient'
[2026.05.02-09.08.15:500][  0]LogTargetPlatformManager: Display: Loaded TargetPlatform 'LinuxServer'
[2026.05.02-09.08.15:519][  0]LogTargetPlatformManager: Display: Loaded TargetPlatform 'LinuxAArch64NoEditor'
[2026.05.02-09.08.15:532][  0]LogTargetPlatformManager: Display: Loaded TargetPlatform 'LinuxAArch64Client'
[2026.05.02-09.08.15:545][  0]LogTargetPlatformManager: Display: Loaded TargetPlatform 'LinuxAArch64Server'
[2026.05.02-09.08.15:579][  0]LogTargetPlatformManager: Display: Loaded TargetPlatform 'Lumin'
[2026.05.02-09.08.15:580][  0]LogTargetPlatformManager: Display: Loaded TargetPlatform 'LuminClient'
[2026.05.02-09.08.15:596][  0]LogTargetPlatformManager: Display: Loaded TargetPlatform 'MacNoEditor'
[2026.05.02-09.08.15:608][  0]LogTargetPlatformManager: Display: Loaded TargetPlatform 'Mac'
[2026.05.02-09.08.15:619][  0]LogTargetPlatformManager: Display: Loaded TargetPlatform 'MacClient'
[2026.05.02-09.08.15:633][  0]LogTargetPlatformManager: Display: Loaded TargetPlatform 'MacServer'
[2026.05.02-09.08.15:650][  0]LogTargetPlatformManager: Display: Loaded TargetPlatform 'TVOSClient'
[2026.05.02-09.08.15:650][  0]LogTargetPlatformManager: Display: Loaded TargetPlatform 'TVOS'
[2026.05.02-09.08.15:664][  0]LogTargetPlatformManager: Display: Loaded TargetPlatform 'WindowsNoEditor'
[2026.05.02-09.08.15:677][  0]LogTargetPlatformManager: Display: Loaded TargetPlatform 'Windows'
[2026.05.02-09.08.15:691][  0]LogTargetPlatformManager: Display: Loaded TargetPlatform 'WindowsClient'
[2026.05.02-09.08.15:703][  0]LogTargetPlatformManager: Display: Loaded TargetPlatform 'WindowsServer'
[2026.05.02-09.08.15:703][  0]LogTargetPlatformManager: Display: Building Assets For Windows
[2026.05.02-09.08.15:732][  0]LogAudioDebug: Display: Lib vorbis DLL was dynamically loaded.
[2026.05.02-09.08.15:834][  0]LogTextureFormatOodle: Display: Oodle Texture 2.9.0 init RDO Off
[2026.05.02-09.08.15:939][  0]LogRendererCore: Ray tracing is disabled. Reason: r.RayTracing=0.
[2026.05.02-09.08.15:939][  0]LogShaderCompilers: Guid format shader working directory is -20 characters bigger than the processId version (../../../../../../Users/user/Documents/GitHub Unreal/Snake/Snake/Intermediate/Shaders/WorkingDirectory/29500/).
[2026.05.02-09.08.15:940][  0]LogShaderCompilers: Cleaned the shader compiler working directory 'C:/Users/user/AppData/Local/Temp/UnrealShaderWorkingDir/9AE0FFF84FCA9A885386DB8D22CE60CC/'.
[2026.05.02-09.08.15:940][  0]LogXGEController: Cannot use XGE Controller as Incredibuild is not installed on this machine.
[2026.05.02-09.08.15:940][  0]LogShaderCompilers: Cannot use XGE Shader Compiler as Incredibuild is not installed on this machine.
[2026.05.02-09.08.15:940][  0]LogShaderCompilers: Display: Using Local Shader Compiler.
[2026.05.02-09.08.16:879][  0]LogDerivedDataCache: Display: Max Cache Size: 512 MB
[2026.05.02-09.08.16:942][  0]LogDerivedDataCache: Loaded boot cache 0.06s 94MB C:/Users/user/AppData/Local/UnrealEngine/4.27/DerivedDataCache/Boot.ddc.
[2026.05.02-09.08.16:942][  0]LogDerivedDataCache: Display: Loaded Boot cache: C:/Users/user/AppData/Local/UnrealEngine/4.27/DerivedDataCache/Boot.ddc
[2026.05.02-09.08.16:942][  0]LogDerivedDataCache: FDerivedDataBackendGraph:  Pak pak cache file ../../../../../../Users/user/Documents/GitHub Unreal/Snake/Snake/DerivedDataCache/DDC.ddp not found, will not use a pak cache.
[2026.05.02-09.08.16:942][  0]LogDerivedDataCache: Unable to find inner node Pak for hierarchical cache Hierarchy.
[2026.05.02-09.08.16:942][  0]LogDerivedDataCache: FDerivedDataBackendGraph:  CompressedPak pak cache file ../../../../../../Users/user/Documents/GitHub Unreal/Snake/Snake/DerivedDataCache/Compressed.ddp not found, will not use a pak cache.
[2026.05.02-09.08.16:943][  0]LogDerivedDataCache: Unable to find inner node CompressedPak for hierarchical cache Hierarchy.
[2026.05.02-09.08.16:963][  0]LogDerivedDataCache: Display: Pak cache opened for reading ../../../Engine/DerivedDataCache/Compressed.ddp.
[2026.05.02-09.08.16:963][  0]LogDerivedDataCache: FDerivedDataBackendGraph:  EnterprisePak pak cache file ../../../Enterprise/DerivedDataCache/Compressed.ddp not found, will not use a pak cache.
[2026.05.02-09.08.16:964][  0]LogDerivedDataCache: Unable to find inner node EnterprisePak for hierarchical cache Hierarchy.
[2026.05.02-09.08.17:083][  0]LogDerivedDataCache: Speed tests for C:/Users/user/AppData/Local/UnrealEngine/Common/DerivedDataCache took 0.12 seconds
[2026.05.02-09.08.17:084][  0]LogDerivedDataCache: Display: Performance to C:/Users/user/AppData/Local/UnrealEngine/Common/DerivedDataCache: Latency=0.03ms. RandomReadSpeed=551.81MBs, RandomWriteSpeed=7.94MBs. Assigned SpeedClass 'Local'
[2026.05.02-09.08.17:087][  0]LogDerivedDataCache: Using Local data cache path C:/Users/user/AppData/Local/UnrealEngine/Common/DerivedDataCache: Writable
[2026.05.02-09.08.17:088][  0]LogDerivedDataCache: Shared data cache path not found in *engine.ini, will not use an Shared cache.
[2026.05.02-09.08.17:088][  0]LogDerivedDataCache: Unable to find inner node Shared for hierarchical cache Hierarchy.
[2026.05.02-09.08.17:142][  0]LogSlate: Using FreeType 2.10.0
[2026.05.02-09.08.17:144][  0]LogSlate: SlateFontServices - WITH_FREETYPE: 1, WITH_HARFBUZZ: 1
[2026.05.02-09.08.17:181][  0]LogAssetRegistry: FAssetRegistry took 0.0053 seconds to start up
[2026.05.02-09.08.17:446][  0]LogInit: Selected Device Profile: [Windows]
[2026.05.02-09.08.17:446][  0]LogInit: Active device profile: [000001E8B4E3C700][000001E8A6842880 49] Windows
[2026.05.02-09.08.17:446][  0]LogInit: Profiles: [000001E8B4E3C700][000001E8A6842880 49] Windows, [000001E8B4E17700][000001E8A68469C0 49] WindowsNoEditor, [000001E8B4E3F300][000001E8AC976B40 49] WindowsServer, [000001E8B4E14F00][000001E8AC97ACC0 49] WindowsClient, [000001E8B4E3F500][000001E8AC97EE40 49] IOS, [000001E8B4E07F00][000001E8AC982FC0 49] iPadAir, [000001E8B4E17B00][000001E8B3FA7140 49] iPadAir2, [000001E8B4DC4500][000001E8B3FAF400 49] IPadPro, [000001E8B4DC4600][000001E8B3FAB440 49] iPadAir3, [000001E8B4E04100][000001E8B3FB35C0 49] iPadAir4, [000001E8B4DC6C00][000001E8B3FB7740 49] iPadMini2, [000001E8B4E06500][000001E8B3FBB8C0 49] iPadMini3, [000001E8B4DC7400][000001E8B16A1A40 49] iPadMini4, [000001E8B4E04F00][000001E8B16A5BC0 49] iPadMini5, [000001E8B4DB7E00][000001E8B16AC300 49] iPhone6, [000001E8B4DB7F00][000001E8B16A8340 49] iPodTouch6, [000001E8B4E3F900][000001E8B16B4600 49] iPhone7, [000001E8B4E3E100][000001E8B16B0640 49] iPodTouch7, [000001E8B4DB4400][000001E8A684A780 49] iPhone5S, [000001E8B4DC7D00][000001E8B16B88C0 49] iPhone6Plus, [000001E8B4E3F400][000001E8B16BCA00 49] iPhone6S, [000001E8B4DC6000][000001E8B16C0B40 49] iPhone6SPlus, [000001E8B4E3C900][000001E8B16C8CC0 49] iPhone7Plus, [000001E8B4DC4E00][000001E8B16CCE40 49] iPhoneSE, [000001E8B4E3C200][000001E8B16D0FC0 49] iPhone8, [000001E8B4DC6400][000001E8B16D5140 49] iPhone8Plus, [000001E8B4E3DE00][000001E8B284F2C0 49] iPhoneX, [000001E8B4DC7E00][000001E8B2853440 49] iPhoneXS, [000001E8B4E3D600][000001E8B28575C0 49] iPhoneXSMax, [000001E8B4DC6500][000001E8B285B740 49] iPhoneXR, [000001E8B4E3EA00][000001E8B285F8C0 49] iPhone11, [000001E8B4DC7A00][000001E8B2863A40 49] iPhone11Pro, [000001E8B4E3CF00][000001E8B2867BC0 49] iPhone11ProMax, [000001E8B4DC6300][000001E8B286A1C0 49] iPhoneSE2, [000001E8B4E3E700][000001E8B286E340 49] iPhone12Mini, [000001E8B4DC4700][000001E8B28724C0 49] iPhone12, [000001E8B4E3F100][000001E8B2876640 49] iPhone12Pro, [000001E8B4DC7500][000001E8B287A7C0 49] iPhone12ProMax, [000001E8B4E3C800][000001E8B287E940 49] iPadPro105, [000001E8B4DC5C00][000001E8B16C4A80 49] iPadPro129, [000001E8B4E3C300][000001E8B2882BC0 49] iPadPro97, [000001E8B4DC5D00][000001E8B2886D00 49] iPadPro2_129, [000001E8B4E3CC00][000001E8B288EE80 49] iPad5, [000001E8B4DC7000][000001E8B2893000 49] iPad6, [000001E8B4E3EC00][000001E8B2897180 49] iPad7, [000001E8B4DC6E00][000001E8A617D300 49] iPad8, [000001E8B4E3D800][000001E8A6181480 49] iPadPro11, [000001E8B4DC5B00][000001E8A6185600 49] iPadPro2_11, [000001E8B4E3D500][000001E8A6189780 49] iPadPro3_129, [000001E8B4DC6700][000001E8A618D900 49] iPadPro4_129, [000001E8B4E3C100][000001E8A6191A80 49] AppleTV, [000001E8B4DC6B00][000001E8A6195C00 49] AppleTV4K, [000001E8B4E3DB00][000001E8A6198200 49] TVOS, [000001E8B4DC4900][000001E8A619C380 49] Mac, [000001E8B4E3D700][000001E8A61A0500 49] MacClient, [000001E8B4DC6F00][000001E8A61A4680 49] MacNoEditor, [000001E8B4E3CD00][000001E8A61A8800 49] MacServer, [000001E8B4DC4300][000001E8A61AC980 49] Linux, [000001E8B4E3EE00][000001E8A61B0B00 49] LinuxAArch64, [000001E8B4DC5500][000001E8B288AC40 49] LinuxNoEditor, [000001E8B4E3E400][000001E8A61B4D80 49] LinuxAArch64NoEditor, [000001E8B4DC4200][000001E8A61B8EC0 49] LinuxClient, [000001E8B4E3ED00][000001E8A61C1040 49] LinuxAArch64Client, [000001E8B4DC4C00][000001E8A61C51C0 49] LinuxServer, [000001E8B4E3C400][000001E8A61C9340 49] LinuxAArch64Server, [000001E8B4DC5000][000001E8A61CD4C0 49] Android, [000001E8B4E07900][000001E8A61D1640 49] Android_Low, [000001E8B4DB5B00][000001E8A61D57C0 49] Android_Mid, [000001E8B4E07000][000001E8A61D9940 49] Android_High, [000001E8B4DB6300][000001E8AC2A1AC0 49] Android_Default, [000001E8B4E06000][000001E8AC2A40C0 49] Android_Adreno4xx, [000001E8B4DB4100][000001E8AC2A8240 49] Android_Adreno5xx_Low, [000001E8B4E04B00][000001E8AC2AC3C0 49] Android_Adreno5xx, [000001E8B4DB5800][000001E8AC2B0540 49] Android_Adreno6xx, [000001E8B4E05100][000001E8AC2B46C0 49] Android_Adreno6xx_Vulkan, [000001E8B4DB4800][000001E8AC2B8840 49] Android_Mali_T6xx, [000001E8B4E07600][000001E8AC2BC9C0 49] Android_Mali_T7xx, [000001E8B4DB4D00][000001E8AC2C0B40 49] Android_Mali_T8xx, [000001E8B4E07C00][000001E8AC2D0CC0 49] Android_Mali_G71, [000001E8B4DB5500][000001E8A61BCE00 49] Android_Mali_G72, [000001E8B4E07E00][000001E8B2B26F40 49] Android_Mali_G72_Vulkan, [000001E8B4DB7D00][000001E8B2B5B080 49] Android_Mali_G76, [000001E8B4E07A00][000001E8B2B671C0 49] Android_Mali_G76_Vulkan, [000001E8B4DB7600][000001E8B3BC5340 49] Android_Mali_G77, [000001E8B4E06200][000001E8B518F4C0 49] Android_Mali_G77_Vulkan, [000001E8B4DB5200][000001E8B51E3640 49] Android_Mali_G78, [000001E8B4E04A00][000001E8B52077C0 49] Android_Mali_G78_Vulkan, [000001E8B4DB7000][000001E8B520B940 49] Android_Mali_G710, [000001E8B4E05400][000001E8B520FAC0 49] Android_Mali_G710_Vulkan, [000001E8B4DB4700][000001E8B52120C0 49] Android_Vulkan_SM5, [000001E8B4E05800][000001E8B5216240 49] Android_PowerVR_G6xxx, [000001E8B4DB4E00][000001E8B521A3C0 49] Android_PowerVR_GT7xxx, [000001E8B4E04200][000001E8B521E540 49] Android_PowerVR_GE8xxx, [000001E8B4DB4600][000001E8B52226C0 49] Android_PowerVR_GM9xxx, [000001E8B4E06600][000001E8B5226840 49] Android_PowerVR_GM9xxx_Vulkan, [000001E8B4DC4F00][000001E8B522A9C0 49] Android_TegraK1, [000001E8B4E06A00][000001E8B522EB40 49] Android_Unknown_Vulkan, [000001E8B4DC4D00][000001E8B5232CC0 49] Lumin, [000001E8B4E05200][000001E8B523AE40 49] Lumin_Desktop, [000001E8B4DC4B00][000001E8B3BC0F80 49] HoloLens, 
[2026.05.02-09.08.17:651][  0]LogMeshReduction: Using QuadricMeshReduction for automatic static mesh reduction
[2026.05.02-09.08.17:651][  0]LogMeshReduction: Using SimplygonMeshReduction for automatic skeletal mesh reduction
[2026.05.02-09.08.17:651][  0]LogMeshReduction: Using ProxyLODMeshReduction for automatic mesh merging
[2026.05.02-09.08.17:652][  0]LogMeshReduction: No distributed automatic mesh merging module available
[2026.05.02-09.08.17:652][  0]LogMeshMerging: No distributed automatic mesh merging module available
[2026.05.02-09.08.17:675][  0]LogNetVersion: Snake 1.0.0, NetCL: 17155196, EngineNetVer: 17, GameNetVer: 0 (Checksum: 56763789)
[2026.05.02-09.08.18:169][  0]LogTexture: Default maximum texture size for cubemaps generated from long-lat sources has been changed from 512 to unlimited. In order to preserve old behaiour for '/Engine/MapTemplates/Sky/DaylightAmbientCubemap.DaylightAmbientCubemap', its maximum texture size has been explicitly set to 512.
[2026.05.02-09.08.18:227][  0]LogHMD: PokeAHoleMaterial loaded successfully
[2026.05.02-09.08.18:235][  0]LogUObjectArray: 17178 objects as part of root set at end of initial load.
[2026.05.02-09.08.18:236][  0]LogUObjectAllocator: 4302048 out of 0 bytes used by permanent object pool.
[2026.05.02-09.08.18:236][  0]LogUObjectArray: CloseDisregardForGC: 0/0 objects in disregard for GC pool
[2026.05.02-09.08.18:847][  0]LogNiagaraDebuggerClient: Niagara Debugger Client Initialized | Session: 373817044AE9AE8E48A092AA8F39649D | Instance: C112789749E0CF31621834ACFEB52E6C (WIN-F0BR1M2G8QI-29500).
[2026.05.02-09.08.18:946][  0]LogPython: Using Python 3.7.7
[2026.05.02-09.08.19:788][  0]LogTcpMessaging: Initializing TcpMessaging bridge
[2026.05.02-09.08.19:802][  0]LogUdpMessaging: Initializing bridge on interface 0.0.0.0:0 to multicast group 230.0.0.1:6666.
[2026.05.02-09.08.20:425][  0]SourceControl: Source control is disabled
[2026.05.02-09.08.20:427][  0]SourceControl: Source control is disabled
[2026.05.02-09.08.20:448][  0]SourceControl: Source control is disabled
[2026.05.02-09.08.20:457][  0]SourceControl: Source control is disabled
[2026.05.02-09.08.20:533][  0]SourceControl: Source control is disabled
[2026.05.02-09.08.20:592][  0]LogUProjectInfo: Found projects:
[2026.05.02-09.08.20:836][  0]LogOpenImageDenoise: OIDN starting up
[2026.05.02-09.08.20:987][  0]LogAndroidPermission: UAndroidPermissionCallbackProxy::GetInstance
[2026.05.02-09.08.21:055][  0]LogAudioCaptureCore: Display: No Audio Capture implementations found. Audio input will be silent.
[2026.05.02-09.08.21:056][  0]LogAudioCaptureCore: Display: No Audio Capture implementations found. Audio input will be silent.
[2026.05.02-09.08.21:319][  0]LogCollectionManager: Loaded 0 collections in 0.001679 seconds
[2026.05.02-09.08.21:381][  0]LogFileCache: Scanning file cache for directory 'C:/Users/user/Documents/GitHub Unreal/Snake/Snake/Saved/Collections/' took 0.00s
[2026.05.02-09.08.21:381][  0]LogFileCache: Scanning file cache for directory 'C:/Users/user/Documents/GitHub Unreal/Snake/Snake/Content/Developers/user/Collections/' took 0.00s
[2026.05.02-09.08.21:381][  0]LogFileCache: Scanning file cache for directory 'C:/Users/user/Documents/GitHub Unreal/Snake/Snake/Content/Collections/' took 0.00s
[2026.05.02-09.08.21:381][  0]LogOcInput: OculusInput pre-init called
[2026.05.02-09.08.21:723][  0]LogEngine: Initializing Engine...
[2026.05.02-09.08.21:730][  0]LogHMD: Failed to enumerate extensions. Please check that you have a valid OpenXR runtime installed.
[2026.05.02-09.08.21:731][  0]LogHMD: Failed to initialize OpenVR with code 110
[2026.05.02-09.08.21:731][  0]LogMagicLeap: Warning: VR disabled because ZI is not enabled.  To enable, in the editor, Edit -> Project Settings -> Plugins -> Magic Leap Plugin -> Enable Zero Iteration
[2026.05.02-09.08.21:733][  0]LogStats: UGameplayTagsManager::InitializeManager -  0.000 s
[2026.05.02-09.08.21:901][  0]LogInit: Initializing FReadOnlyCVARCache
[2026.05.02-09.08.21:921][  0]LogAIModule: Creating AISystem for world Untitled
[2026.05.02-09.08.21:972][  0]LogAudio: Display: Initializing Audio Device Manager...
[2026.05.02-09.08.21:983][  0]LogAudio: Display: Loading Default Audio Settings Objects...
[2026.05.02-09.08.21:984][  0]LogAudio: Display: No default SoundConcurrencyObject specified (or failed to load).
[2026.05.02-09.08.21:985][  0]LogAudio: Display: Audio Device Manager Initialized
[2026.05.02-09.08.21:986][  0]LogAudio: Display: Creating Audio Device:                 Id: 1, Scope: Shared, Realtime: True
[2026.05.02-09.08.21:986][  0]LogAudioMixer: Display: Audio Mixer Platform Settings:
[2026.05.02-09.08.21:986][  0]LogAudioMixer: Display: 	Sample Rate:						  48000
[2026.05.02-09.08.21:986][  0]LogAudioMixer: Display: 	Callback Buffer Frame Size Requested: 1024
[2026.05.02-09.08.21:986][  0]LogAudioMixer: Display: 	Callback Buffer Frame Size To Use:	  1024
[2026.05.02-09.08.21:986][  0]LogAudioMixer: Display: 	Number of buffers to queue:			  2
[2026.05.02-09.08.21:986][  0]LogAudioMixer: Display: 	Max Channels (voices):				  32
[2026.05.02-09.08.21:986][  0]LogAudioMixer: Display: 	Number of Async Source Workers:		  0
[2026.05.02-09.08.21:986][  0]LogAudio: Display: AudioDevice MaxSources: 32
[2026.05.02-09.08.21:987][  0]LogAudio: Display: Audio Spatialization Plugin: None (built-in).
[2026.05.02-09.08.21:987][  0]LogAudio: Display: Audio Reverb Plugin: None (built-in).
[2026.05.02-09.08.21:987][  0]LogAudio: Display: Audio Occlusion Plugin: None (built-in).
[2026.05.02-09.08.21:987][  0]LogAudioMixer: Display: Initializing audio mixer.
[2026.05.02-09.08.22:078][  0]LogAudioMixer: Display: 0: FrontLeft
[2026.05.02-09.08.22:078][  0]LogAudioMixer: Display: 1: FrontRight
[2026.05.02-09.08.22:144][  0]LogAudioMixer: Display: Using Audio Device Наушники (HONOR CHOICE Headphones Pro)
[2026.05.02-09.08.22:147][  0]LogAudioMixer: Display: Initializing Sound Submixes...
[2026.05.02-09.08.22:151][  0]LogAudioMixer: Display: Creating Master Submix 'MasterSubmixDefault'
[2026.05.02-09.08.22:151][  0]LogAudioMixer: Display: Creating Master Submix 'MasterReverbSubmixDefault'
[2026.05.02-09.08.22:153][  0]LogAudioMixer: Display: Creating Master Submix 'MasterEQSubmixDefault'
[2026.05.02-09.08.22:153][  0]LogAudioMixer: FMixerPlatformXAudio2::StartAudioStream() called
[2026.05.02-09.08.22:153][  0]LogAudioMixer: Display: Output buffers initialized: Frames=1024, Channels=2, Samples=2048
[2026.05.02-09.08.22:156][  0]LogAudioMixer: Display: Starting AudioMixerPlatformInterface::RunInternal()
[2026.05.02-09.08.22:156][  0]LogAudioMixer: Display: FMixerPlatformXAudio2::SubmitBuffer() called for the first time
[2026.05.02-09.08.22:156][  0]LogInit: FAudioDevice initialized.
[2026.05.02-09.08.22:157][  0]LogAudio: Display: Audio Device (ID: 1) registered with world 'Untitled'.
[2026.05.02-09.08.22:157][  0]LogNetVersion: Set ProjectVersion to 1.0.0.0. Version Checksum will be recalculated on next use.
[2026.05.02-09.08.22:253][  0]LogDerivedDataCache: Saved boot cache 0.10s 94MB C:/Users/user/AppData/Local/UnrealEngine/4.27/DerivedDataCache/Boot.ddc.
[2026.05.02-09.08.22:254][  0]LogInit: Texture streaming: Enabled
[2026.05.02-09.08.22:289][  0]LogAnalytics: Display: [UEEditor.Rocket.Release] APIServer = https://datarouter.ol.epicgames.com/. AppVersion = 4.27.2-18319896+++UE4+Release-4.27
[2026.05.02-09.08.22:301][  0]LogEngineSessionManager: EngineSessionManager initialized
[2026.05.02-09.08.22:301][  0]LogEditorSessionSummary: Verbose: Initializing EditorSessionSummaryWriter for editor session tracking
[2026.05.02-09.08.22:307][  0]LogEditorSessionSummary: EditorSessionSummaryWriter initialized
[2026.05.02-09.08.22:361][  0]LogInit: Transaction tracking system initialized
[2026.05.02-09.08.22:425][  0]BlueprintLog: New page: Editor Load
[2026.05.02-09.08.22:591][  0]LocalizationService: Localization service is disabled
[2026.05.02-09.08.22:654][  0]TimingProfiler: Initialize
[2026.05.02-09.08.22:654][  0]TimingProfiler: OnSessionChanged
[2026.05.02-09.08.22:654][  0]LoadingProfiler: Initialize
[2026.05.02-09.08.22:655][  0]LoadingProfiler: OnSessionChanged
[2026.05.02-09.08.22:655][  0]NetworkingProfiler: Initialize
[2026.05.02-09.08.22:655][  0]NetworkingProfiler: OnSessionChanged
[2026.05.02-09.08.22:655][  0]MemoryProfiler: Initialize
[2026.05.02-09.08.22:655][  0]MemoryProfiler: OnSessionChanged
[2026.05.02-09.08.22:934][  0]LogCook: Display: CookSettings for Memory: MemoryMaxUsedVirtual 0MiB, MemoryMaxUsedPhysical 16384MiB, MemoryMinFreeVirtual 0MiB, MemoryMinFreePhysical 1024MiB
[2026.05.02-09.08.22:934][  0]LogFileCache: Scanning file cache for directory 'C:/Users/user/Documents/GitHub Unreal/Snake/Snake/Content/' took 0.00s
[2026.05.02-09.08.22:934][  0]LogCook: Display: Mobile HDR setting 1
[2026.05.02-09.08.23:615][  0]LogInit: Display: Engine is initialized. Leaving FEngineLoop::Init()
[2026.05.02-09.08.23:621][  0]SourceControl: Source control is disabled
[2026.05.02-09.08.23:622][  0]LogUnrealEdMisc: Loading editor; pre map load, took 12.421
[2026.05.02-09.08.23:622][  0]Cmd: MAP LOAD FILE="../../../../../../Users/user/Documents/GitHub Unreal/Snake/Snake/Content/main.umap" TEMPLATE=0 SHOWPROGRESS=1 FEATURELEVEL=3
[2026.05.02-09.08.23:622][  0]LightingResults: New page: Lighting Build
[2026.05.02-09.08.23:624][  0]LogWorld: UWorld::CleanupWorld for Untitled, bSessionEnded=true, bCleanupResources=true
[2026.05.02-09.08.23:624][  0]LogSlate: InvalidateAllWidgets triggered.  All widgets were invalidated
[2026.05.02-09.08.23:625][  0]MapCheck: New page: Map Check
[2026.05.02-09.08.23:625][  0]LightingResults: New page: Lighting Build
[2026.05.02-09.08.23:637][  0]LogAudio: Display: Audio Device unregistered from world 'None'.
[2026.05.02-09.08.23:641][  0]LogUObjectHash: Compacting FUObjectHashTables data took   0.97ms
[2026.05.02-09.08.23:708][  0]LogAudio: Display: Audio Device (ID: 1) registered with world 'main'.
[2026.05.02-09.08.23:711][  0]LogAIModule: Creating AISystem for world main
[2026.05.02-09.08.23:715][  0]LogEditorServer: Finished looking for orphan Actors (0.000 secs)
[2026.05.02-09.08.23:747][  0]LogUObjectHash: Compacting FUObjectHashTables data took   1.02ms
[2026.05.02-09.08.23:749][  0]Cmd: MAP CHECKDEP NOCLEARLOG
[2026.05.02-09.08.23:749][  0]MapCheck: Map check complete: 0 Error(s), 0 Warning(s), took 0,252ms to complete.
[2026.05.02-09.08.23:750][  0]LogFileHelpers: Loading map 'main' took 0.127
[2026.05.02-09.08.23:753][  0]LogUnrealEdMisc: Total Editor Startup Time, took 12.552
[2026.05.02-09.08.23:914][  0]LogSlate: Updating window title bar state: overlay mode, drag disabled, window buttons hidden, title bar hidden
[2026.05.02-09.08.23:922][  0]LogSlate: Updating window title bar state: overlay mode, drag disabled, window buttons hidden, title bar hidden
[2026.05.02-09.08.23:929][  0]LogSlate: Updating window title bar state: overlay mode, drag disabled, window buttons hidden, title bar hidden
[2026.05.02-09.08.23:938][  0]LogSlate: Updating window title bar state: overlay mode, drag disabled, window buttons hidden, title bar hidden
[2026.05.02-09.08.23:958][  0]LogNativeClassHierarchy: Verbose: Native class hierarchy populated in 0.0120 seconds. Added 3826 classes and 930 folders.
[2026.05.02-09.08.23:979][  0]LogNativeClassHierarchy: Verbose: Native class hierarchy updated for 'WidgetCarousel' in 0.0003 seconds. Added 0 classes and 0 folders.
[2026.05.02-09.08.23:983][  0]LogPakFile: PakFile PrimaryIndexSize=187
[2026.05.02-09.08.23:984][  0]LogPakFile: PakFile PathHashIndexSize=101
[2026.05.02-09.08.23:984][  0]LogPakFile: PakFile FullDirectoryIndexSize=148
[2026.05.02-09.08.23:984][  0]LogShaderLibrary: Display: ShaderCodeLibraryPakFileMountedCallback: PakFile 'C:/Program Files/Epic Games/UE_4.27/FeaturePacks/FP_FirstPerson.upack' (chunk index -1, root 'root:/') mounted
[2026.05.02-09.08.23:984][  0]LogShaderLibrary: Display: ShaderCodeLibraryPakFileMountedCallback: pending pak file info (ChunkID:-1 Root:root:/ File:C:/Program Files/Epic Games/UE_4.27/FeaturePacks/FP_FirstPerson.upack)
[2026.05.02-09.08.23:984][  0]LogPakFile: OnPakFileMounted2Time == 0.000264
[2026.05.02-09.08.23:985][  0]LogPakFile: PakFile PrimaryIndexSize=189
[2026.05.02-09.08.23:985][  0]LogPakFile: PakFile PathHashIndexSize=101
[2026.05.02-09.08.23:985][  0]LogPakFile: PakFile FullDirectoryIndexSize=152
[2026.05.02-09.08.23:985][  0]LogShaderLibrary: Display: ShaderCodeLibraryPakFileMountedCallback: PakFile 'C:/Program Files/Epic Games/UE_4.27/FeaturePacks/FP_FirstPersonBP.upack' (chunk index -1, root 'root:/') mounted
[2026.05.02-09.08.23:985][  0]LogShaderLibrary: Display: ShaderCodeLibraryPakFileMountedCallback: pending pak file info (ChunkID:-1 Root:root:/ File:C:/Program Files/Epic Games/UE_4.27/FeaturePacks/FP_FirstPersonBP.upack)
[2026.05.02-09.08.23:985][  0]LogPakFile: OnPakFileMounted2Time == 0.000383
[2026.05.02-09.08.23:987][  0]LogPakFile: PakFile PrimaryIndexSize=191
[2026.05.02-09.08.23:988][  0]LogPakFile: PakFile PathHashIndexSize=101
[2026.05.02-09.08.23:988][  0]LogPakFile: PakFile FullDirectoryIndexSize=160
[2026.05.02-09.08.23:988][  0]LogShaderLibrary: Display: ShaderCodeLibraryPakFileMountedCallback: PakFile 'C:/Program Files/Epic Games/UE_4.27/FeaturePacks/MobileStarterContent.upack' (chunk index -1, root 'root:/') mounted
[2026.05.02-09.08.23:988][  0]LogShaderLibrary: Display: ShaderCodeLibraryPakFileMountedCallback: pending pak file info (ChunkID:-1 Root:root:/ File:C:/Program Files/Epic Games/UE_4.27/FeaturePacks/MobileStarterContent.upack)
[2026.05.02-09.08.23:988][  0]LogPakFile: OnPakFileMounted2Time == 0.000258
[2026.05.02-09.08.23:989][  0]LogPakFile: PakFile PrimaryIndexSize=185
[2026.05.02-09.08.23:989][  0]LogPakFile: PakFile PathHashIndexSize=101
[2026.05.02-09.08.23:989][  0]LogPakFile: PakFile FullDirectoryIndexSize=148
[2026.05.02-09.08.23:989][  0]LogShaderLibrary: Display: ShaderCodeLibraryPakFileMountedCallback: PakFile 'C:/Program Files/Epic Games/UE_4.27/FeaturePacks/StarterContent.upack' (chunk index -1, root 'root:/') mounted
[2026.05.02-09.08.23:989][  0]LogShaderLibrary: Display: ShaderCodeLibraryPakFileMountedCallback: pending pak file info (ChunkID:-1 Root:root:/ File:C:/Program Files/Epic Games/UE_4.27/FeaturePacks/StarterContent.upack)
[2026.05.02-09.08.23:989][  0]LogPakFile: OnPakFileMounted2Time == 0.000215
[2026.05.02-09.08.23:991][  0]LogPakFile: PakFile PrimaryIndexSize=190
[2026.05.02-09.08.23:991][  0]LogPakFile: PakFile PathHashIndexSize=101
[2026.05.02-09.08.23:991][  0]LogPakFile: PakFile FullDirectoryIndexSize=154
[2026.05.02-09.08.23:992][  0]LogShaderLibrary: Display: ShaderCodeLibraryPakFileMountedCallback: PakFile 'C:/Program Files/Epic Games/UE_4.27/FeaturePacks/TP_2DSideScroller.upack' (chunk index -1, root 'root:/') mounted
[2026.05.02-09.08.23:992][  0]LogShaderLibrary: Display: ShaderCodeLibraryPakFileMountedCallback: pending pak file info (ChunkID:-1 Root:root:/ File:C:/Program Files/Epic Games/UE_4.27/FeaturePacks/TP_2DSideScroller.upack)
[2026.05.02-09.08.23:992][  0]LogPakFile: OnPakFileMounted2Time == 0.000230
[2026.05.02-09.08.23:992][  0]LogPakFile: PakFile PrimaryIndexSize=192
[2026.05.02-09.08.23:993][  0]LogPakFile: PakFile PathHashIndexSize=101
[2026.05.02-09.08.23:993][  0]LogPakFile: PakFile FullDirectoryIndexSize=158
[2026.05.02-09.08.23:993][  0]LogShaderLibrary: Display: ShaderCodeLibraryPakFileMountedCallback: PakFile 'C:/Program Files/Epic Games/UE_4.27/FeaturePacks/TP_2DSideScrollerBP.upack' (chunk index -1, root 'root:/') mounted
[2026.05.02-09.08.23:993][  0]LogShaderLibrary: Display: ShaderCodeLibraryPakFileMountedCallback: pending pak file info (ChunkID:-1 Root:root:/ File:C:/Program Files/Epic Games/UE_4.27/FeaturePacks/TP_2DSideScrollerBP.upack)
[2026.05.02-09.08.23:993][  0]LogPakFile: OnPakFileMounted2Time == 0.000150
[2026.05.02-09.08.23:995][  0]LogPakFile: PakFile PrimaryIndexSize=182
[2026.05.02-09.08.23:995][  0]LogPakFile: PakFile PathHashIndexSize=101
[2026.05.02-09.08.23:995][  0]LogPakFile: PakFile FullDirectoryIndexSize=138
[2026.05.02-09.08.23:995][  0]LogShaderLibrary: Display: ShaderCodeLibraryPakFileMountedCallback: PakFile 'C:/Program Files/Epic Games/UE_4.27/FeaturePacks/TP_Flying.upack' (chunk index -1, root 'root:/') mounted
[2026.05.02-09.08.23:995][  0]LogShaderLibrary: Display: ShaderCodeLibraryPakFileMountedCallback: pending pak file info (ChunkID:-1 Root:root:/ File:C:/Program Files/Epic Games/UE_4.27/FeaturePacks/TP_Flying.upack)
[2026.05.02-09.08.23:995][  0]LogPakFile: OnPakFileMounted2Time == 0.000220
[2026.05.02-09.08.23:996][  0]LogPakFile: PakFile PrimaryIndexSize=184
[2026.05.02-09.08.23:996][  0]LogPakFile: PakFile PathHashIndexSize=101
[2026.05.02-09.08.23:997][  0]LogPakFile: PakFile FullDirectoryIndexSize=142
[2026.05.02-09.08.23:997][  0]LogShaderLibrary: Display: ShaderCodeLibraryPakFileMountedCallback: PakFile 'C:/Program Files/Epic Games/UE_4.27/FeaturePacks/TP_FlyingBP.upack' (chunk index -1, root 'root:/') mounted
[2026.05.02-09.08.23:997][  0]LogShaderLibrary: Display: ShaderCodeLibraryPakFileMountedCallback: pending pak file info (ChunkID:-1 Root:root:/ File:C:/Program Files/Epic Games/UE_4.27/FeaturePacks/TP_FlyingBP.upack)
[2026.05.02-09.08.23:997][  0]LogPakFile: OnPakFileMounted2Time == 0.000395
[2026.05.02-09.08.23:998][  0]LogPakFile: PakFile PrimaryIndexSize=188
[2026.05.02-09.08.23:998][  0]LogPakFile: PakFile PathHashIndexSize=101
[2026.05.02-09.08.23:998][  0]LogPakFile: PakFile FullDirectoryIndexSize=150
[2026.05.02-09.08.23:998][  0]LogShaderLibrary: Display: ShaderCodeLibraryPakFileMountedCallback: PakFile 'C:/Program Files/Epic Games/UE_4.27/FeaturePacks/TP_HandheldARBP.upack' (chunk index -1, root 'root:/') mounted
[2026.05.02-09.08.23:998][  0]LogShaderLibrary: Display: ShaderCodeLibraryPakFileMountedCallback: pending pak file info (ChunkID:-1 Root:root:/ File:C:/Program Files/Epic Games/UE_4.27/FeaturePacks/TP_HandheldARBP.upack)
[2026.05.02-09.08.24:000][  0]LogPakFile: OnPakFileMounted2Time == 0.000257
[2026.05.02-09.08.24:001][  0]LogPakFile: PakFile PrimaryIndexSize=182
[2026.05.02-09.08.24:001][  0]LogPakFile: PakFile PathHashIndexSize=101
[2026.05.02-09.08.24:001][  0]LogPakFile: PakFile FullDirectoryIndexSize=138
[2026.05.02-09.08.24:001][  0]LogShaderLibrary: Display: ShaderCodeLibraryPakFileMountedCallback: PakFile 'C:/Program Files/Epic Games/UE_4.27/FeaturePacks/TP_Puzzle.upack' (chunk index -1, root 'root:/') mounted
[2026.05.02-09.08.24:002][  0]LogShaderLibrary: Display: ShaderCodeLibraryPakFileMountedCallback: pending pak file info (ChunkID:-1 Root:root:/ File:C:/Program Files/Epic Games/UE_4.27/FeaturePacks/TP_Puzzle.upack)
[2026.05.02-09.08.24:002][  0]LogPakFile: OnPakFileMounted2Time == 0.000379
[2026.05.02-09.08.24:002][  0]LogPakFile: PakFile PrimaryIndexSize=184
[2026.05.02-09.08.24:002][  0]LogPakFile: PakFile PathHashIndexSize=101
[2026.05.02-09.08.24:003][  0]LogPakFile: PakFile FullDirectoryIndexSize=142
[2026.05.02-09.08.24:003][  0]LogShaderLibrary: Display: ShaderCodeLibraryPakFileMountedCallback: PakFile 'C:/Program Files/Epic Games/UE_4.27/FeaturePacks/TP_PuzzleBP.upack' (chunk index -1, root 'root:/') mounted
[2026.05.02-09.08.24:003][  0]LogShaderLibrary: Display: ShaderCodeLibraryPakFileMountedCallback: pending pak file info (ChunkID:-1 Root:root:/ File:C:/Program Files/Epic Games/UE_4.27/FeaturePacks/TP_PuzzleBP.upack)
[2026.05.02-09.08.24:003][  0]LogPakFile: OnPakFileMounted2Time == 0.000229
[2026.05.02-09.08.24:004][  0]LogPakFile: PakFile PrimaryIndexSize=183
[2026.05.02-09.08.24:004][  0]LogPakFile: PakFile PathHashIndexSize=101
[2026.05.02-09.08.24:004][  0]LogPakFile: PakFile FullDirectoryIndexSize=140
[2026.05.02-09.08.24:004][  0]LogShaderLibrary: Display: ShaderCodeLibraryPakFileMountedCallback: PakFile 'C:/Program Files/Epic Games/UE_4.27/FeaturePacks/TP_Rolling.upack' (chunk index -1, root 'root:/') mounted
[2026.05.02-09.08.24:004][  0]LogShaderLibrary: Display: ShaderCodeLibraryPakFileMountedCallback: pending pak file info (ChunkID:-1 Root:root:/ File:C:/Program Files/Epic Games/UE_4.27/FeaturePacks/TP_Rolling.upack)
[2026.05.02-09.08.24:004][  0]LogPakFile: OnPakFileMounted2Time == 0.000214
[2026.05.02-09.08.24:005][  0]LogPakFile: PakFile PrimaryIndexSize=185
[2026.05.02-09.08.24:005][  0]LogPakFile: PakFile PathHashIndexSize=101
[2026.05.02-09.08.24:005][  0]LogPakFile: PakFile FullDirectoryIndexSize=144
[2026.05.02-09.08.24:005][  0]LogShaderLibrary: Display: ShaderCodeLibraryPakFileMountedCallback: PakFile 'C:/Program Files/Epic Games/UE_4.27/FeaturePacks/TP_RollingBP.upack' (chunk index -1, root 'root:/') mounted
[2026.05.02-09.08.24:005][  0]LogShaderLibrary: Display: ShaderCodeLibraryPakFileMountedCallback: pending pak file info (ChunkID:-1 Root:root:/ File:C:/Program Files/Epic Games/UE_4.27/FeaturePacks/TP_RollingBP.upack)
[2026.05.02-09.08.24:005][  0]LogPakFile: OnPakFileMounted2Time == 0.000448
[2026.05.02-09.08.24:007][  0]LogPakFile: PakFile PrimaryIndexSize=188
[2026.05.02-09.08.24:008][  0]LogPakFile: PakFile PathHashIndexSize=101
[2026.05.02-09.08.24:008][  0]LogPakFile: PakFile FullDirectoryIndexSize=150
[2026.05.02-09.08.24:008][  0]LogShaderLibrary: Display: ShaderCodeLibraryPakFileMountedCallback: PakFile 'C:/Program Files/Epic Games/UE_4.27/FeaturePacks/TP_SideScroller.upack' (chunk index -1, root 'root:/') mounted
[2026.05.02-09.08.24:008][  0]LogShaderLibrary: Display: ShaderCodeLibraryPakFileMountedCallback: pending pak file info (ChunkID:-1 Root:root:/ File:C:/Program Files/Epic Games/UE_4.27/FeaturePacks/TP_SideScroller.upack)
[2026.05.02-09.08.24:008][  0]LogPakFile: OnPakFileMounted2Time == 0.000450
[2026.05.02-09.08.24:009][  0]LogPakFile: PakFile PrimaryIndexSize=190
[2026.05.02-09.08.24:010][  0]LogPakFile: PakFile PathHashIndexSize=101
[2026.05.02-09.08.24:010][  0]LogPakFile: PakFile FullDirectoryIndexSize=154
[2026.05.02-09.08.24:010][  0]LogShaderLibrary: Display: ShaderCodeLibraryPakFileMountedCallback: PakFile 'C:/Program Files/Epic Games/UE_4.27/FeaturePacks/TP_SideScrollerBP.upack' (chunk index -1, root 'root:/') mounted
[2026.05.02-09.08.24:010][  0]LogShaderLibrary: Display: ShaderCodeLibraryPakFileMountedCallback: pending pak file info (ChunkID:-1 Root:root:/ File:C:/Program Files/Epic Games/UE_4.27/FeaturePacks/TP_SideScrollerBP.upack)
[2026.05.02-09.08.24:010][  0]LogPakFile: OnPakFileMounted2Time == 0.000174
[2026.05.02-09.08.24:011][  0]LogPakFile: PakFile PrimaryIndexSize=187
[2026.05.02-09.08.24:011][  0]LogPakFile: PakFile PathHashIndexSize=101
[2026.05.02-09.08.24:012][  0]LogPakFile: PakFile FullDirectoryIndexSize=148
[2026.05.02-09.08.24:012][  0]LogShaderLibrary: Display: ShaderCodeLibraryPakFileMountedCallback: PakFile 'C:/Program Files/Epic Games/UE_4.27/FeaturePacks/TP_ThirdPerson.upack' (chunk index -1, root 'root:/') mounted
[2026.05.02-09.08.24:012][  0]LogShaderLibrary: Display: ShaderCodeLibraryPakFileMountedCallback: pending pak file info (ChunkID:-1 Root:root:/ File:C:/Program Files/Epic Games/UE_4.27/FeaturePacks/TP_ThirdPerson.upack)
[2026.05.02-09.08.24:012][  0]LogPakFile: OnPakFileMounted2Time == 0.000161
[2026.05.02-09.08.24:012][  0]LogPakFile: PakFile PrimaryIndexSize=189
[2026.05.02-09.08.24:013][  0]LogPakFile: PakFile PathHashIndexSize=101
[2026.05.02-09.08.24:013][  0]LogPakFile: PakFile FullDirectoryIndexSize=152
[2026.05.02-09.08.24:013][  0]LogShaderLibrary: Display: ShaderCodeLibraryPakFileMountedCallback: PakFile 'C:/Program Files/Epic Games/UE_4.27/FeaturePacks/TP_ThirdPersonBP.upack' (chunk index -1, root 'root:/') mounted
[2026.05.02-09.08.24:013][  0]LogShaderLibrary: Display: ShaderCodeLibraryPakFileMountedCallback: pending pak file info (ChunkID:-1 Root:root:/ File:C:/Program Files/Epic Games/UE_4.27/FeaturePacks/TP_ThirdPersonBP.upack)
[2026.05.02-09.08.24:013][  0]LogPakFile: OnPakFileMounted2Time == 0.000193
[2026.05.02-09.08.24:014][  0]LogPakFile: PakFile PrimaryIndexSize=183
[2026.05.02-09.08.24:014][  0]LogPakFile: PakFile PathHashIndexSize=101
[2026.05.02-09.08.24:014][  0]LogPakFile: PakFile FullDirectoryIndexSize=140
[2026.05.02-09.08.24:014][  0]LogShaderLibrary: Display: ShaderCodeLibraryPakFileMountedCallback: PakFile 'C:/Program Files/Epic Games/UE_4.27/FeaturePacks/TP_TopDown.upack' (chunk index -1, root 'root:/') mounted
[2026.05.02-09.08.24:014][  0]LogShaderLibrary: Display: ShaderCodeLibraryPakFileMountedCallback: pending pak file info (ChunkID:-1 Root:root:/ File:C:/Program Files/Epic Games/UE_4.27/FeaturePacks/TP_TopDown.upack)
[2026.05.02-09.08.24:014][  0]LogPakFile: OnPakFileMounted2Time == 0.000178
[2026.05.02-09.08.24:016][  0]LogPakFile: PakFile PrimaryIndexSize=185
[2026.05.02-09.08.24:016][  0]LogPakFile: PakFile PathHashIndexSize=101
[2026.05.02-09.08.24:016][  0]LogPakFile: PakFile FullDirectoryIndexSize=144
[2026.05.02-09.08.24:016][  0]LogShaderLibrary: Display: ShaderCodeLibraryPakFileMountedCallback: PakFile 'C:/Program Files/Epic Games/UE_4.27/FeaturePacks/TP_TopDownBP.upack' (chunk index -1, root 'root:/') mounted
[2026.05.02-09.08.24:016][  0]LogShaderLibrary: Display: ShaderCodeLibraryPakFileMountedCallback: pending pak file info (ChunkID:-1 Root:root:/ File:C:/Program Files/Epic Games/UE_4.27/FeaturePacks/TP_TopDownBP.upack)
[2026.05.02-09.08.24:016][  0]LogPakFile: OnPakFileMounted2Time == 0.000296
[2026.05.02-09.08.24:017][  0]LogPakFile: PakFile PrimaryIndexSize=185
[2026.05.02-09.08.24:017][  0]LogPakFile: PakFile PathHashIndexSize=101
[2026.05.02-09.08.24:017][  0]LogPakFile: PakFile FullDirectoryIndexSize=144
[2026.05.02-09.08.24:017][  0]LogShaderLibrary: Display: ShaderCodeLibraryPakFileMountedCallback: PakFile 'C:/Program Files/Epic Games/UE_4.27/FeaturePacks/TP_TwinStick.upack' (chunk index -1, root 'root:/') mounted
[2026.05.02-09.08.24:017][  0]LogShaderLibrary: Display: ShaderCodeLibraryPakFileMountedCallback: pending pak file info (ChunkID:-1 Root:root:/ File:C:/Program Files/Epic Games/UE_4.27/FeaturePacks/TP_TwinStick.upack)
[2026.05.02-09.08.24:017][  0]LogPakFile: OnPakFileMounted2Time == 0.000154
[2026.05.02-09.08.24:018][  0]LogPakFile: PakFile PrimaryIndexSize=187
[2026.05.02-09.08.24:018][  0]LogPakFile: PakFile PathHashIndexSize=101
[2026.05.02-09.08.24:019][  0]LogPakFile: PakFile FullDirectoryIndexSize=148
[2026.05.02-09.08.24:019][  0]LogShaderLibrary: Display: ShaderCodeLibraryPakFileMountedCallback: PakFile 'C:/Program Files/Epic Games/UE_4.27/FeaturePacks/TP_TwinStickBP.upack' (chunk index -1, root 'root:/') mounted
[2026.05.02-09.08.24:019][  0]LogShaderLibrary: Display: ShaderCodeLibraryPakFileMountedCallback: pending pak file info (ChunkID:-1 Root:root:/ File:C:/Program Files/Epic Games/UE_4.27/FeaturePacks/TP_TwinStickBP.upack)
[2026.05.02-09.08.24:019][  0]LogPakFile: OnPakFileMounted2Time == 0.000220
[2026.05.02-09.08.24:020][  0]LogPakFile: PakFile PrimaryIndexSize=183
[2026.05.02-09.08.24:020][  0]LogPakFile: PakFile PathHashIndexSize=101
[2026.05.02-09.08.24:020][  0]LogPakFile: PakFile FullDirectoryIndexSize=140
[2026.05.02-09.08.24:020][  0]LogShaderLibrary: Display: ShaderCodeLibraryPakFileMountedCallback: PakFile 'C:/Program Files/Epic Games/UE_4.27/FeaturePacks/TP_Vehicle.upack' (chunk index -1, root 'root:/') mounted
[2026.05.02-09.08.24:020][  0]LogShaderLibrary: Display: ShaderCodeLibraryPakFileMountedCallback: pending pak file info (ChunkID:-1 Root:root:/ File:C:/Program Files/Epic Games/UE_4.27/FeaturePacks/TP_Vehicle.upack)
[2026.05.02-09.08.24:020][  0]LogPakFile: OnPakFileMounted2Time == 0.000222
[2026.05.02-09.08.24:022][  0]LogPakFile: PakFile PrimaryIndexSize=186
[2026.05.02-09.08.24:022][  0]LogPakFile: PakFile PathHashIndexSize=101
[2026.05.02-09.08.24:023][  0]LogPakFile: PakFile FullDirectoryIndexSize=146
[2026.05.02-09.08.24:023][  0]LogShaderLibrary: Display: ShaderCodeLibraryPakFileMountedCallback: PakFile 'C:/Program Files/Epic Games/UE_4.27/FeaturePacks/TP_VehicleAdv.upack' (chunk index -1, root 'root:/') mounted
[2026.05.02-09.08.24:023][  0]LogShaderLibrary: Display: ShaderCodeLibraryPakFileMountedCallback: pending pak file info (ChunkID:-1 Root:root:/ File:C:/Program Files/Epic Games/UE_4.27/FeaturePacks/TP_VehicleAdv.upack)
[2026.05.02-09.08.24:023][  0]LogPakFile: OnPakFileMounted2Time == 0.000310
[2026.05.02-09.08.24:024][  0]LogPakFile: PakFile PrimaryIndexSize=188
[2026.05.02-09.08.24:024][  0]LogPakFile: PakFile PathHashIndexSize=101
[2026.05.02-09.08.24:024][  0]LogPakFile: PakFile FullDirectoryIndexSize=150
[2026.05.02-09.08.24:024][  0]LogShaderLibrary: Display: ShaderCodeLibraryPakFileMountedCallback: PakFile 'C:/Program Files/Epic Games/UE_4.27/FeaturePacks/TP_VehicleAdvBP.upack' (chunk index -1, root 'root:/') mounted
[2026.05.02-09.08.24:025][  0]LogShaderLibrary: Display: ShaderCodeLibraryPakFileMountedCallback: pending pak file info (ChunkID:-1 Root:root:/ File:C:/Program Files/Epic Games/UE_4.27/FeaturePacks/TP_VehicleAdvBP.upack)
[2026.05.02-09.08.24:025][  0]LogPakFile: OnPakFileMounted2Time == 0.000174
[2026.05.02-09.08.24:026][  0]LogPakFile: PakFile PrimaryIndexSize=185
[2026.05.02-09.08.24:026][  0]LogPakFile: PakFile PathHashIndexSize=101
[2026.05.02-09.08.24:026][  0]LogPakFile: PakFile FullDirectoryIndexSize=144
[2026.05.02-09.08.24:026][  0]LogShaderLibrary: Display: ShaderCodeLibraryPakFileMountedCallback: PakFile 'C:/Program Files/Epic Games/UE_4.27/FeaturePacks/TP_VehicleBP.upack' (chunk index -1, root 'root:/') mounted
[2026.05.02-09.08.24:026][  0]LogShaderLibrary: Display: ShaderCodeLibraryPakFileMountedCallback: pending pak file info (ChunkID:-1 Root:root:/ File:C:/Program Files/Epic Games/UE_4.27/FeaturePacks/TP_VehicleBP.upack)
[2026.05.02-09.08.24:026][  0]LogPakFile: OnPakFileMounted2Time == 0.000252
[2026.05.02-09.08.24:027][  0]LogPakFile: PakFile PrimaryIndexSize=192
[2026.05.02-09.08.24:027][  0]LogPakFile: PakFile PathHashIndexSize=101
[2026.05.02-09.08.24:027][  0]LogPakFile: PakFile FullDirectoryIndexSize=158
[2026.05.02-09.08.24:027][  0]LogShaderLibrary: Display: ShaderCodeLibraryPakFileMountedCallback: PakFile 'C:/Program Files/Epic Games/UE_4.27/FeaturePacks/TP_VirtualRealityBP.upack' (chunk index -1, root 'root:/') mounted
[2026.05.02-09.08.24:027][  0]LogShaderLibrary: Display: ShaderCodeLibraryPakFileMountedCallback: pending pak file info (ChunkID:-1 Root:root:/ File:C:/Program Files/Epic Games/UE_4.27/FeaturePacks/TP_VirtualRealityBP.upack)
[2026.05.02-09.08.24:027][  0]LogPakFile: OnPakFileMounted2Time == 0.000201
[2026.05.02-09.08.24:101][  0]LogNativeClassHierarchy: Verbose: Native class hierarchy updated for 'AddContentDialog' in 0.0003 seconds. Added 0 classes and 0 folders.
[2026.05.02-09.08.24:108][  0]LogNativeClassHierarchy: Verbose: Native class hierarchy updated for 'SceneOutliner' in 0.0004 seconds. Added 2 classes and 0 folders.
[2026.05.02-09.08.24:208][  0]LogSlate: Took 0.000512 seconds to synchronously load lazily loaded font '../../../Engine/Content/Slate/Fonts/Roboto-Regular.ttf' (155K)
[2026.05.02-09.08.24:213][  0]LogSlate: Took 0.000788 seconds to synchronously load lazily loaded font '../../../Engine/Content/Editor/Slate/Fonts/FontAwesome.ttf' (139K)
[2026.05.02-09.08.24:218][  0]LogSlate: Took 0.000531 seconds to synchronously load lazily loaded font '../../../Engine/Content/Slate/Fonts/Roboto-Bold.ttf' (160K)
[2026.05.02-09.08.24:305][  0]LogRenderer: Reallocating scene render targets to support 1168x440 Format 9 NumSamples 1 (Frame:1).
[2026.05.02-09.08.24:396][  0]LogSlate: Took 0.000483 seconds to synchronously load lazily loaded font '../../../Engine/Content/Slate/Fonts/Roboto-Light.ttf' (167K)
[2026.05.02-09.08.24:697][  0]LogNativeClassHierarchy: Verbose: Native class hierarchy updated for 'HierarchicalLODOutliner' in 0.0003 seconds. Added 0 classes and 0 folders.
[2026.05.02-09.08.24:697][  0]LogLoad: (Engine Initialization) Total time: 13.50 seconds
[2026.05.02-09.08.24:697][  0]LogLoad: (Engine Initialization) Total Blueprint compile time: 0.00 seconds
[2026.05.02-09.08.24:755][  0]LogAssetRegistry: Asset discovery search completed in 7.5774 seconds
[2026.05.02-09.08.24:762][  0]LogCollectionManager: Fixed up redirectors for 0 collections in 0.000004 seconds (updated 0 objects)
[2026.05.02-09.08.24:766][  0]LogContentStreaming: Texture pool size now 600 MB
[2026.05.02-09.08.40:256][441]LogSlate: Took 0.000241 seconds to synchronously load lazily loaded font '../../../Engine/Content/Slate/Fonts/Roboto-Light.ttf' (167K)
[2026.05.02-09.08.40:289][441]LogAssetEditorSubsystem: Opening Asset editor for Blueprint /Game/SnakeBP.SnakeBP
[2026.05.02-09.08.40:390][441]LogNativeClassHierarchy: Verbose: Native class hierarchy updated for 'BlueprintGraph' in 0.0006 seconds. Added 126 classes and 0 folders.
[2026.05.02-09.08.41:172][441]LogActor: Warning: SnakeElemBP_C /Engine/Transient.World_1:PersistentLevel.SnakeElemBP_C_0 has natively added scene component(s), but none of them were set as the actor's RootComponent - picking one arbitrarily
[2026.05.02-09.08.54:196][341]BlueprintLog: New page: Compile SnakeBP
[2026.05.02-09.08.54:231][341]LogUObjectHash: Compacting FUObjectHashTables data took   2.02ms
[2026.05.02-09.08.54:258][341]Cmd: OBJ SAVEPACKAGE PACKAGE="/Game/SnakeBP" FILE="../../../../../../Users/user/Documents/GitHub Unreal/Snake/Snake/Content/SnakeBP.uasset" SILENT=true
[2026.05.02-09.08.54:263][341]LogSavePackage: Moving '../../../../../../Users/user/Documents/GitHub Unreal/Snake/Snake/Saved/SnakeBPF382879443AF50C330ABB6A8E6E8108C.tmp' to '../../../../../../Users/user/Documents/GitHub Unreal/Snake/Snake/Content/SnakeBP.uasset'
[2026.05.02-09.08.54:280][341]AssetCheck: New page: Asset Save: SnakeBP
[2026.05.02-09.08.54:281][341]LogContentValidation: Display: Validating Blueprint /Game/SnakeBP.SnakeBP
[2026.05.02-09.09.06:046][650]LogTemp: Repeating last play command: Selected Viewport
[2026.05.02-09.09.06:054][650]LogPlayLevel: PlayLevel: No blueprints needed recompiling
[2026.05.02-09.09.06:055][650]PIE: New page: PIE session: main (2 мая 2026 г., 15:09:06)
[2026.05.02-09.09.06:057][650]LogOnline: OSS: Creating online subsystem instance for: NULL
[2026.05.02-09.09.06:061][650]LogOnline: OSS: TryLoadSubsystemAndSetDefault: Loaded subsystem for module [NULL]
[2026.05.02-09.09.06:061][650]LogPlayLevel: Creating play world package: /Game/UEDPIE_0_main
[2026.05.02-09.09.06:063][650]LogPlayLevel: PIE: StaticDuplicateObject took: (0.002756s)
[2026.05.02-09.09.06:065][650]LogAIModule: Creating AISystem for world main
[2026.05.02-09.09.06:065][650]LogPlayLevel: PIE: World Init took: (0.002464s)
[2026.05.02-09.09.06:067][650]LogPlayLevel: PIE: Created PIE world by copying editor world from /Game/main.main to /Game/UEDPIE_0_main.main (0.005843s)
[2026.05.02-09.09.06:085][650]LogUObjectHash: Compacting FUObjectHashTables data took   1.96ms
[2026.05.02-09.09.06:086][650]LogAudio: Display: Creating Audio Device:                 Id: 2, Scope: Unique, Realtime: True
[2026.05.02-09.09.06:086][650]LogAudioMixer: Display: Audio Mixer Platform Settings:
[2026.05.02-09.09.06:086][650]LogAudioMixer: Display: 	Sample Rate:						  48000
[2026.05.02-09.09.06:086][650]LogAudioMixer: Display: 	Callback Buffer Frame Size Requested: 1024
[2026.05.02-09.09.06:086][650]LogAudioMixer: Display: 	Callback Buffer Frame Size To Use:	  1024
[2026.05.02-09.09.06:087][650]LogAudioMixer: Display: 	Number of buffers to queue:			  2
[2026.05.02-09.09.06:087][650]LogAudioMixer: Display: 	Max Channels (voices):				  32
[2026.05.02-09.09.06:087][650]LogAudioMixer: Display: 	Number of Async Source Workers:		  0
[2026.05.02-09.09.06:087][650]LogAudio: Display: AudioDevice MaxSources: 32
[2026.05.02-09.09.06:087][650]LogAudio: Display: Audio Spatialization Plugin: None (built-in).
[2026.05.02-09.09.06:087][650]LogAudio: Display: Audio Reverb Plugin: None (built-in).
[2026.05.02-09.09.06:087][650]LogAudio: Display: Audio Occlusion Plugin: None (built-in).
[2026.05.02-09.09.06:087][650]LogAudioMixer: Display: Initializing audio mixer.
[2026.05.02-09.09.06:093][650]LogAudioMixer: Display: 0: FrontLeft
[2026.05.02-09.09.06:093][650]LogAudioMixer: Display: 1: FrontRight
[2026.05.02-09.09.06:132][650]LogAudioMixer: Display: Using Audio Device Наушники (HONOR CHOICE Headphones Pro)
[2026.05.02-09.09.06:134][650]LogAudioMixer: Display: Initializing Sound Submixes...
[2026.05.02-09.09.06:134][650]LogAudioMixer: Display: Creating Master Submix 'MasterSubmixDefault'
[2026.05.02-09.09.06:134][650]LogAudioMixer: Display: Creating Master Submix 'MasterReverbSubmixDefault'
[2026.05.02-09.09.06:134][650]LogAudioMixer: Display: Creating Master Submix 'MasterEQSubmixDefault'
[2026.05.02-09.09.06:135][650]LogAudioMixer: FMixerPlatformXAudio2::StartAudioStream() called
[2026.05.02-09.09.06:135][650]LogAudioMixer: Display: Output buffers initialized: Frames=1024, Channels=2, Samples=2048
[2026.05.02-09.09.06:137][650]LogAudioMixer: Display: Starting AudioMixerPlatformInterface::RunInternal()
[2026.05.02-09.09.06:137][650]LogAudioMixer: Display: FMixerPlatformXAudio2::SubmitBuffer() called for the first time
[2026.05.02-09.09.06:137][650]LogInit: FAudioDevice initialized.
[2026.05.02-09.09.06:137][650]LogAudio: Display: Audio Device (ID: 2) registered with world 'main'.
[2026.05.02-09.09.06:156][650]LogLoad: Game class is 'SnakeGameModeBP_C'
[2026.05.02-09.09.06:158][650]LogWorld: Bringing World /Game/UEDPIE_0_main.main up for play (max tick rate 0) at 2026.05.02-12.09.06
[2026.05.02-09.09.06:158][650]LogWorld: Bringing up level for play took: 0.001001
[2026.05.02-09.09.06:158][650]LogOnline: OSS: Creating online subsystem instance for: :Context_3
[2026.05.02-09.09.06:164][650]LogNativeClassHierarchy: Verbose: Native class hierarchy updated for 'MovieSceneCapture' in 0.0003 seconds. Added 20 classes and 0 folders.
[2026.05.02-09.09.06:165][650]LogActor: Warning: SnakeElemBP_C /Game/UEDPIE_0_main.main:PersistentLevel.SnakeElemBP_C_0 has natively added scene component(s), but none of them were set as the actor's RootComponent - picking one arbitrarily
[2026.05.02-09.09.06:166][650]LogActor: Warning: SnakeElemBP_C /Game/UEDPIE_0_main.main:PersistentLevel.SnakeElemBP_C_1 has natively added scene component(s), but none of them were set as the actor's RootComponent - picking one arbitrarily
[2026.05.02-09.09.06:166][650]LogActor: Warning: SnakeElemBP_C /Game/UEDPIE_0_main.main:PersistentLevel.SnakeElemBP_C_2 has natively added scene component(s), but none of them were set as the actor's RootComponent - picking one arbitrarily
[2026.05.02-09.09.06:166][650]LogActor: Warning: SnakeElemBP_C /Game/UEDPIE_0_main.main:PersistentLevel.SnakeElemBP_C_3 has natively added scene component(s), but none of them were set as the actor's RootComponent - picking one arbitrarily
[2026.05.02-09.09.06:166][650]LogActor: Warning: SnakeElemBP_C /Game/UEDPIE_0_main.main:PersistentLevel.SnakeElemBP_C_4 has natively added scene component(s), but none of them were set as the actor's RootComponent - picking one arbitrarily
[2026.05.02-09.09.06:167][650]PIE: Server logged in
[2026.05.02-09.09.06:169][650]PIE: Play in editor total start time 0,116 seconds.
[2026.05.02-09.09.12:733][374]LogSlate: Updating window title bar state: overlay mode, drag disabled, window buttons hidden, title bar hidden
[2026.05.02-09.09.12:734][374]LogWorld: BeginTearingDown for /Game/UEDPIE_0_main
[2026.05.02-09.09.12:734][374]LogWorld: UWorld::CleanupWorld for main, bSessionEnded=true, bCleanupResources=true
[2026.05.02-09.09.12:735][374]LogSlate: InvalidateAllWidgets triggered.  All widgets were invalidated
[2026.05.02-09.09.12:750][374]LogPlayLevel: Display: Shutting down PIE online subsystems
[2026.05.02-09.09.12:756][374]LogSlate: InvalidateAllWidgets triggered.  All widgets were invalidated
[2026.05.02-09.09.12:776][374]LogAudio: Display: Audio Device unregistered from world 'None'.
[2026.05.02-09.09.12:781][374]LogAudioMixer: FMixerPlatformXAudio2::StopAudioStream() called
[2026.05.02-09.09.12:783][374]LogAudioMixer: FMixerPlatformXAudio2::StopAudioStream() called
[2026.05.02-09.09.12:786][374]LogSlate: Updating window title bar state: overlay mode, drag disabled, window buttons hidden, title bar hidden
[2026.05.02-09.09.12:811][374]LogUObjectHash: Compacting FUObjectHashTables data took   3.66ms
[2026.05.02-09.09.12:823][375]LogPlayLevel: Display: Destroying online subsystem :Context_3
[2026.05.02-09.09.13:711][454]LogTemp: Repeating last play command: Selected Viewport
[2026.05.02-09.09.13:720][454]LogPlayLevel: PlayLevel: No blueprints needed recompiling
[2026.05.02-09.09.13:720][454]PIE: New page: PIE session: main (2 мая 2026 г., 15:09:13)
[2026.05.02-09.09.13:722][454]LogPlayLevel: Creating play world package: /Game/UEDPIE_0_main
[2026.05.02-09.09.13:723][454]LogPlayLevel: PIE: StaticDuplicateObject took: (0.002008s)
[2026.05.02-09.09.13:724][454]LogAIModule: Creating AISystem for world main
[2026.05.02-09.09.13:726][454]LogPlayLevel: PIE: World Init took: (0.001595s)
[2026.05.02-09.09.13:726][454]LogPlayLevel: PIE: Created PIE world by copying editor world from /Game/main.main to /Game/UEDPIE_0_main.main (0.004194s)
[2026.05.02-09.09.13:751][454]LogUObjectHash: Compacting FUObjectHashTables data took   2.81ms
[2026.05.02-09.09.13:752][454]LogAudio: Display: Creating Audio Device:                 Id: 3, Scope: Unique, Realtime: True
[2026.05.02-09.09.13:752][454]LogAudioMixer: Display: Audio Mixer Platform Settings:
[2026.05.02-09.09.13:752][454]LogAudioMixer: Display: 	Sample Rate:						  48000
[2026.05.02-09.09.13:753][454]LogAudioMixer: Display: 	Callback Buffer Frame Size Requested: 1024
[2026.05.02-09.09.13:753][454]LogAudioMixer: Display: 	Callback Buffer Frame Size To Use:	  1024
[2026.05.02-09.09.13:753][454]LogAudioMixer: Display: 	Number of buffers to queue:			  2
[2026.05.02-09.09.13:753][454]LogAudioMixer: Display: 	Max Channels (voices):				  32
[2026.05.02-09.09.13:753][454]LogAudioMixer: Display: 	Number of Async Source Workers:		  0
[2026.05.02-09.09.13:753][454]LogAudio: Display: AudioDevice MaxSources: 32
[2026.05.02-09.09.13:753][454]LogAudio: Display: Audio Spatialization Plugin: None (built-in).
[2026.05.02-09.09.13:753][454]LogAudio: Display: Audio Reverb Plugin: None (built-in).
[2026.05.02-09.09.13:755][454]LogAudio: Display: Audio Occlusion Plugin: None (built-in).
[2026.05.02-09.09.13:755][454]LogAudioMixer: Display: Initializing audio mixer.
[2026.05.02-09.09.13:760][454]LogAudioMixer: Display: 0: FrontLeft
[2026.05.02-09.09.13:760][454]LogAudioMixer: Display: 1: FrontRight
[2026.05.02-09.09.13:801][454]LogAudioMixer: Display: Using Audio Device Наушники (HONOR CHOICE Headphones Pro)
[2026.05.02-09.09.13:802][454]LogAudioMixer: Display: Initializing Sound Submixes...
[2026.05.02-09.09.13:802][454]LogAudioMixer: Display: Creating Master Submix 'MasterSubmixDefault'
[2026.05.02-09.09.13:802][454]LogAudioMixer: Display: Creating Master Submix 'MasterReverbSubmixDefault'
[2026.05.02-09.09.13:802][454]LogAudioMixer: Display: Creating Master Submix 'MasterEQSubmixDefault'
[2026.05.02-09.09.13:802][454]LogAudioMixer: FMixerPlatformXAudio2::StartAudioStream() called
[2026.05.02-09.09.13:802][454]LogAudioMixer: Display: Output buffers initialized: Frames=1024, Channels=2, Samples=2048
[2026.05.02-09.09.13:806][454]LogAudioMixer: Display: Starting AudioMixerPlatformInterface::RunInternal()
[2026.05.02-09.09.13:806][454]LogAudioMixer: Display: FMixerPlatformXAudio2::SubmitBuffer() called for the first time
[2026.05.02-09.09.13:806][454]LogInit: FAudioDevice initialized.
[2026.05.02-09.09.13:806][454]LogAudio: Display: Audio Device (ID: 3) registered with world 'main'.
[2026.05.02-09.09.13:822][454]LogLoad: Game class is 'SnakeGameModeBP_C'
[2026.05.02-09.09.13:823][454]LogWorld: Bringing World /Game/UEDPIE_0_main.main up for play (max tick rate 0) at 2026.05.02-12.09.13
[2026.05.02-09.09.13:823][454]LogWorld: Bringing up level for play took: 0.000782
[2026.05.02-09.09.13:824][454]LogOnline: OSS: Creating online subsystem instance for: :Context_4
[2026.05.02-09.09.13:827][454]LogActor: Warning: SnakeElemBP_C /Game/UEDPIE_0_main.main:PersistentLevel.SnakeElemBP_C_0 has natively added scene component(s), but none of them were set as the actor's RootComponent - picking one arbitrarily
[2026.05.02-09.09.13:828][454]LogActor: Warning: SnakeElemBP_C /Game/UEDPIE_0_main.main:PersistentLevel.SnakeElemBP_C_1 has natively added scene component(s), but none of them were set as the actor's RootComponent - picking one arbitrarily
[2026.05.02-09.09.13:828][454]LogActor: Warning: SnakeElemBP_C /Game/UEDPIE_0_main.main:PersistentLevel.SnakeElemBP_C_2 has natively added scene component(s), but none of them were set as the actor's RootComponent - picking one arbitrarily
[2026.05.02-09.09.13:828][454]LogActor: Warning: SnakeElemBP_C /Game/UEDPIE_0_main.main:PersistentLevel.SnakeElemBP_C_3 has natively added scene component(s), but none of them were set as the actor's RootComponent - picking one arbitrarily
[2026.05.02-09.09.13:830][454]LogActor: Warning: SnakeElemBP_C /Game/UEDPIE_0_main.main:PersistentLevel.SnakeElemBP_C_4 has natively added scene component(s), but none of them were set as the actor's RootComponent - picking one arbitrarily
[2026.05.02-09.09.13:830][454]PIE: Server logged in
[2026.05.02-09.09.13:830][454]PIE: Play in editor total start time 0,112 seconds.
[2026.05.02-09.09.16:134][719]LogSlate: Updating window title bar state: overlay mode, drag disabled, window buttons hidden, title bar hidden
[2026.05.02-09.09.16:134][719]LogWorld: BeginTearingDown for /Game/UEDPIE_0_main
[2026.05.02-09.09.16:134][719]LogWorld: UWorld::CleanupWorld for main, bSessionEnded=true, bCleanupResources=true
[2026.05.02-09.09.16:134][719]LogSlate: InvalidateAllWidgets triggered.  All widgets were invalidated
[2026.05.02-09.09.16:152][719]LogPlayLevel: Display: Shutting down PIE online subsystems
[2026.05.02-09.09.16:155][719]LogSlate: InvalidateAllWidgets triggered.  All widgets were invalidated
[2026.05.02-09.09.16:176][719]LogSlate: Updating window title bar state: overlay mode, drag disabled, window buttons hidden, title bar hidden
[2026.05.02-09.09.16:176][719]LogAudioMixer: FMixerPlatformXAudio2::StopAudioStream() called
[2026.05.02-09.09.16:179][719]LogAudioMixer: FMixerPlatformXAudio2::StopAudioStream() called
[2026.05.02-09.09.16:189][719]LogUObjectHash: Compacting FUObjectHashTables data took   2.67ms
[2026.05.02-09.09.16:210][721]LogPlayLevel: Display: Destroying online subsystem :Context_4
[2026.05.02-09.09.24:835][852]LogHttp: Warning: 000001E8F4ECDD00: invalid HTTP response code received. URL: https://datarouter.ol.epicgames.com/datarouter/api/v1/public/data?SessionID=%7B45DC5386-40E8-10AD-2D9E-FA86522E8351%7D&AppID=UEEditor.Rocket.Release&AppVersion=4.27.2-18319896%2B%2B%2BUE4%2BRelease-4.27&UserID=348e9f624b4a3ef3be7fedaafb7de6fd%7Cb26187d4ee3a43c1989627066fea8b63%7C8e2446b4-2747-4f1f-8a88-f04adb2f4bc8&AppEnvironment=datacollector-binary&UploadType=eteventstream, HTTP code: 0, content length: 0, actual payload size: 0
[2026.05.02-09.09.24:835][852]LogHttp: Warning: 000001E8F4ECDD00: request failed, libcurl error: 7 (Couldn't connect to server)
[2026.05.02-09.09.24:835][852]LogHttp: Warning: 000001E8F4ECDD00: libcurl info message cache 0 (  Trying 127.0.0.1...)
[2026.05.02-09.09.24:835][852]LogHttp: Warning: 000001E8F4ECDD00: libcurl info message cache 1 (TCP_NODELAY set)
[2026.05.02-09.09.24:835][852]LogHttp: Warning: 000001E8F4ECDD00: libcurl info message cache 2 (connect to 127.0.0.1 port 12334 failed: Connection refused)
[2026.05.02-09.09.24:837][852]LogHttp: Warning: 000001E8F4ECDD00: libcurl info message cache 3 (Failed to connect to 127.0.0.1 port 12334: Connection refused)
[2026.05.02-09.09.24:837][852]LogHttp: Warning: 000001E8F4ECDD00: libcurl info message cache 4 (Closing connection 0)
[2026.05.02-09.09.24:837][852]LogHttp: Warning: Retry exhausted on https://datarouter.ol.epicgames.com/datarouter/api/v1/public/data?SessionID=%7B45DC5386-40E8-10AD-2D9E-FA86522E8351%7D&AppID=UEEditor.Rocket.Release&AppVersion=4.27.2-18319896%2B%2B%2BUE4%2BRelease-4.27&UserID=348e9f624b4a3ef3be7fedaafb7de6fd%7Cb26187d4ee3a43c1989627066fea8b63%7C8e2446b4-2747-4f1f-8a88-f04adb2f4bc8&AppEnvironment=datacollector-binary&UploadType=eteventstream
