Log file open, 04/27/26 01:30:26
LogWindows: Failed to load 'aqProf.dll' (GetLastError=126)
LogWindows: File 'aqProf.dll' does not exist
LogWindows: Failed to load 'VtuneApi.dll' (GetLastError=126)
LogWindows: File 'VtuneApi.dll' does not exist
LogWindows: Failed to load 'VtuneApi32e.dll' (GetLastError=126)
LogWindows: File 'VtuneApi32e.dll' does not exist
LogConsoleResponse: Display: Failed to find resolution value strings in scalability ini. Falling back to default.
LogConsoleResponse: Display: Failed to find resolution value strings in scalability ini. Falling back to default.
LogInit: Display: Running engine for game: Snake
LogPlatformFile: Not using cached read wrapper
LogTaskGraph: Started task graph with 5 named threads and 47 total threads with 3 sets of task threads.
LogStats: Stats thread started at 0.407216
LogICUInternationalization: ICU TimeZone Detection - Raw Offset: +3:00, Platform Override: ''
LogInit: Display: Loading text-based GConfig....
LogPluginManager: Mounting plugin MeshPainting
LogPluginManager: Mounting plugin XGEController
LogPluginManager: Mounting plugin Paper2D
LogPluginManager: Mounting plugin AISupport
LogPluginManager: Mounting plugin EnvironmentQueryEditor
LogPluginManager: Mounting plugin CameraShakePreviewer
LogPluginManager: Mounting plugin GameplayCameras
LogPluginManager: Mounting plugin LiveLink
LogPluginManager: Mounting plugin LightPropagationVolume
LogPluginManager: Mounting plugin OodleData
LogPluginManager: Mounting plugin OodleNetwork
LogPluginManager: Mounting plugin CLionSourceCodeAccess
LogPluginManager: Mounting plugin AnimationSharing
LogPluginManager: Mounting plugin GitSourceControl
LogPluginManager: Mounting plugin PerforceSourceControl
LogPluginManager: Mounting plugin PlasticSourceControl
LogPluginManager: Mounting plugin PixWinPlugin
LogPluginManager: Mounting plugin PluginUtils
LogPluginManager: Mounting plugin CodeLiteSourceCodeAccess
LogPluginManager: Mounting plugin PropertyAccessNode
LogPluginManager: Mounting plugin TextureFormatOodle
LogPluginManager: Mounting plugin RiderSourceCodeAccess
LogPluginManager: Mounting plugin KDevelopSourceCodeAccess
LogPluginManager: Mounting plugin SubversionSourceControl
LogPluginManager: Mounting plugin UObjectPlugin
LogPluginManager: Mounting plugin NullSourceCodeAccess
LogPluginManager: Mounting plugin VisualStudioCodeSourceCodeAccess
LogPluginManager: Mounting plugin VisualStudioSourceCodeAccess
LogPluginManager: Mounting plugin AssetManagerEditor
LogPluginManager: Mounting plugin CryptoKeys
LogPluginManager: Mounting plugin CurveEditorTools
LogPluginManager: Mounting plugin DataValidation
LogPluginManager: Mounting plugin FacialAnimation
LogPluginManager: Mounting plugin XCodeSourceCodeAccess
LogPluginManager: Mounting plugin GeometryMode
LogPluginManager: Mounting plugin GameplayTagsEditor
LogPluginManager: Mounting plugin MaterialAnalyzer
LogPluginManager: Mounting plugin MobileLauncherProfileWizard
LogPluginManager: Mounting plugin PluginBrowser
LogPluginManager: Mounting plugin MacGraphicsSwitching
LogPluginManager: Mounting plugin SpeedTreeImporter
LogPluginManager: Mounting plugin AlembicImporter
LogPluginManager: Mounting plugin AutomationUtils
LogPluginManager: Mounting plugin BackChannel
LogPluginManager: Mounting plugin ChaosCloth
LogPluginManager: Mounting plugin ChaosClothEditor
LogPluginManager: Mounting plugin ChaosEditor
LogPluginManager: Mounting plugin ChaosNiagara
LogPluginManager: Mounting plugin ChaosSolverPlugin
LogPluginManager: Mounting plugin CharacterAI
LogPluginManager: Mounting plugin MagicLeap
LogPluginManager: Mounting plugin LuminPlatformFeatures
LogPluginManager: Mounting plugin MagicLeapLightEstimation
LogPluginManager: Mounting plugin MagicLeapMedia
LogPluginManager: Mounting plugin MagicLeapPassableWorld
LogPluginManager: Mounting plugin MLSDK
LogPluginManager: Mounting plugin GeometryCache
LogPluginManager: Mounting plugin GeometryCollectionPlugin
LogPluginManager: Mounting plugin Niagara
LogPluginManager: Mounting plugin GeometryProcessing
LogPluginManager: Mounting plugin MotoSynth
LogPluginManager: Mounting plugin OpenImageDenoise
LogPluginManager: Mounting plugin ProxyLODPlugin
LogPluginManager: Mounting plugin PlatformCrypto
LogPluginManager: Mounting plugin PlanarCut
LogPluginManager: Mounting plugin PythonScriptPlugin
LogPluginManager: Mounting plugin AndroidMedia
LogPluginManager: Mounting plugin SkeletalReduction
LogPluginManager: Mounting plugin AvfMedia
LogPluginManager: Mounting plugin ImgMedia
LogPluginManager: Mounting plugin MediaCompositing
LogPluginManager: Mounting plugin DatasmithContent
LogPluginManager: Mounting plugin MediaPlayerEditor
LogPluginManager: Mounting plugin WebMMedia
LogPluginManager: Mounting plugin WmfMedia
LogPluginManager: Mounting plugin VariantManagerContent
LogPluginManager: Mounting plugin TcpMessaging
LogPluginManager: Mounting plugin UdpMessaging
LogPluginManager: Mounting plugin OnlineSubsystem
LogPluginManager: Mounting plugin OnlineSubsystemUtils
LogPluginManager: Mounting plugin ActorSequence
LogPluginManager: Mounting plugin OnlineSubsystemNull
LogPluginManager: Mounting plugin LevelSequenceEditor
LogPluginManager: Mounting plugin MatineeToLevelSequence
LogPluginManager: Mounting plugin TemplateSequence
LogPluginManager: Mounting plugin ActorLayerUtilities
LogPluginManager: Mounting plugin AndroidPermission
LogPluginManager: Mounting plugin AppleImageUtils
LogPluginManager: Mounting plugin LauncherChunkInstaller
LogPluginManager: Mounting plugin AndroidDeviceProfileSelector
LogPluginManager: Mounting plugin ArchVisCharacter
LogPluginManager: Mounting plugin AssetTags
LogPluginManager: Mounting plugin AndroidMoviePlayer
LogPluginManager: Mounting plugin AudioCapture
LogPluginManager: Mounting plugin CableComponent
LogPluginManager: Mounting plugin AudioSynesthesia
LogPluginManager: Mounting plugin ChunkDownloader
LogPluginManager: Mounting plugin AppleMoviePlayer
LogPluginManager: Mounting plugin CustomMeshComponent
LogPluginManager: Mounting plugin EditableMesh
LogPluginManager: Mounting plugin ExampleDeviceProfileSelector
LogPluginManager: Mounting plugin ScreenshotTools
LogPluginManager: Mounting plugin GooglePAD
LogPluginManager: Mounting plugin GoogleCloudMessaging
LogPluginManager: Mounting plugin LocationServicesBPLibrary
LogPluginManager: Mounting plugin MobilePatchingUtils
LogPluginManager: Mounting plugin IOSDeviceProfileSelector
LogPluginManager: Mounting plugin LinuxDeviceProfileSelector
LogPluginManager: Mounting plugin OpenXR
LogPluginManager: Mounting plugin OpenXREyeTracker
LogPluginManager: Mounting plugin OpenXRHandTracking
LogPluginManager: Mounting plugin PhysXVehicles
LogPluginManager: Mounting plugin PostSplashScreen
LogPluginManager: Mounting plugin ProceduralMeshComponent
LogPluginManager: Mounting plugin PropertyAccessEditor
LogPluginManager: Mounting plugin RuntimePhysXCooking
LogPluginManager: Mounting plugin SignificanceManager
LogPluginManager: Mounting plugin SoundFields
LogPluginManager: Mounting plugin Synthesis
LogPluginManager: Mounting plugin WebMMoviePlayer
LogPluginManager: Mounting plugin WindowsMoviePlayer
LogPluginManager: Mounting plugin Takes
LogPluginManager: Mounting plugin ContentBrowserClassDataSource
LogPluginManager: Mounting plugin ContentBrowserAssetDataSource
LogPluginManager: Mounting plugin ContentBrowserFileDataSource
LogPluginManager: Mounting plugin OnlineSubsystemIOS
LogPluginManager: Mounting plugin OnlineSubsystemGooglePlay
LogPluginManager: Mounting plugin OculusVR
LogPluginManager: Mounting plugin SteamVR
PixWinPlugin: PIX capture plugin failed to initialize! Check that the process is launched from PIX.
LogInit: Using libcurl 7.55.1-DEV
LogInit:  - built for x86_64-pc-win32
LogInit:  - supports SSL with OpenSSL/1.1.1
LogInit:  - supports HTTP deflate (compression) using libz 1.2.8
LogInit:  - other features:
LogInit:      CURL_VERSION_SSL
LogInit:      CURL_VERSION_LIBZ
LogInit:      CURL_VERSION_IPV6
LogInit:      CURL_VERSION_ASYNCHDNS
LogInit:      CURL_VERSION_LARGEFILE
LogInit:      CURL_VERSION_IDN
LogInit:  CurlRequestOptions (configurable via config and command line):
LogInit:  - bVerifyPeer = true  - Libcurl will verify peer certificate
LogInit:  - bUseHttpProxy = true  - Libcurl will use HTTP proxy
LogInit:  - HttpProxyAddress = '127.0.0.1:12334'
LogInit:  - bDontReuseConnections = false  - Libcurl will reuse connections
LogInit:  - MaxHostConnections = 16  - Libcurl will limit the number of connections to a host
LogInit:  - LocalHostAddr = Default
LogInit:  - BufferSize = 65536
LogOnline: OSS: Creating online subsystem instance for: NULL
LogInit: WinSock: version 1.1 (2.2), MaxSocks=32767, MaxUdp=65467
LogOnline: OSS: TryLoadSubsystemAndSetDefault: Loaded subsystem for module [NULL]
LogOculusPluginWrapper: OculusPlugin initialized successfully
LogHMD: Failed initializing OVRPlugin 1.59.0
LogInit: Build: ++UE4+Release-4.27-CL-18319896
LogInit: Engine Version: 4.27.2-18319896+++UE4+Release-4.27
LogInit: Compatible Engine Version: 4.27.0-17155196+++UE4+Release-4.27
LogInit: Net CL: 17155196
LogInit: OS: Windows 10 (Release 2009) (), CPU: AMD Ryzen 7 5700U with Radeon Graphics         , GPU: AMD Radeon(TM) Graphics
LogInit: Compiled (64-bit): Nov 30 2021 07:12:08
LogInit: Compiled with Visual C++: 19.24.28315.00
LogInit: Build Configuration: Development
LogInit: Branch Name: ++UE4+Release-4.27
LogInit: Command Line: 
LogInit: Base Directory: C:/Program Files/Epic Games/UE_4.27/Engine/Binaries/Win64/
LogInit: Allocator: TBB
LogInit: Installed Engine Build: 1
LogDevObjectVersion: Number of dev versions registered: 29
LogDevObjectVersion:   Dev-Blueprints (B0D832E4-1F89-4F0D-ACCF-7EB736FD4AA2): 10
LogDevObjectVersion:   Dev-Build (E1C64328-A22C-4D53-A36C-8E866417BD8C): 0
LogDevObjectVersion:   Dev-Core (375EC13C-06E4-48FB-B500-84F0262A717E): 4
LogDevObjectVersion:   Dev-Editor (E4B068ED-F494-42E9-A231-DA0B2E46BB41): 40
LogDevObjectVersion:   Dev-Framework (CFFC743F-43B0-4480-9391-14DF171D2073): 37
LogDevObjectVersion:   Dev-Mobile (B02B49B5-BB20-44E9-A304-32B752E40360): 3
LogDevObjectVersion:   Dev-Networking (A4E4105C-59A1-49B5-A7C5-40C4547EDFEE): 0
LogDevObjectVersion:   Dev-Online (39C831C9-5AE6-47DC-9A44-9C173E1C8E7C): 0
LogDevObjectVersion:   Dev-Physics (78F01B33-EBEA-4F98-B9B4-84EACCB95AA2): 14
LogDevObjectVersion:   Dev-Platform (6631380F-2D4D-43E0-8009-CF276956A95A): 0
LogDevObjectVersion:   Dev-Rendering (12F88B9F-8875-4AFC-A67C-D90C383ABD29): 45
LogDevObjectVersion:   Dev-Sequencer (7B5AE74C-D270-4C10-A958-57980B212A5A): 13
LogDevObjectVersion:   Dev-VR (D7296918-1DD6-4BDD-9DE2-64A83CC13884): 3
LogDevObjectVersion:   Dev-LoadTimes (C2A15278-BFE7-4AFE-6C17-90FF531DF755): 1
LogDevObjectVersion:   Private-Geometry (6EACA3D4-40EC-4CC1-B786-8BED09428FC5): 3
LogDevObjectVersion:   Dev-AnimPhys (29E575DD-E0A3-4627-9D10-D276232CDCEA): 17
LogDevObjectVersion:   Dev-Anim (AF43A65D-7FD3-4947-9873-3E8ED9C1BB05): 15
LogDevObjectVersion:   Dev-ReflectionCapture (6B266CEC-1EC7-4B8F-A30B-E4D90942FC07): 1
LogDevObjectVersion:   Dev-Automation (0DF73D61-A23F-47EA-B727-89E90C41499A): 1
LogDevObjectVersion:   FortniteMain (601D1886-AC64-4F84-AA16-D3DE0DEAC7D6): 47
LogDevObjectVersion:   FortniteRelease (E7086368-6B23-4C58-8439-1B7016265E91): 1
LogDevObjectVersion:   Dev-Enterprise (9DFFBCD6-494F-0158-E221-12823C92A888): 10
LogDevObjectVersion:   Dev-Niagara (F2AED0AC-9AFE-416F-8664-AA7FFA26D6FC): 1
LogDevObjectVersion:   Dev-Destruction (174F1F0B-B4C6-45A5-B13F-2EE8D0FB917D): 10
LogDevObjectVersion:   Dev-Physics-Ext (35F94A83-E258-406C-A318-09F59610247C): 41
LogDevObjectVersion:   Dev-PhysicsMaterial-Chaos (B68FC16E-8B1B-42E2-B453-215C058844FE): 1
LogDevObjectVersion:   Dev-CineCamera (B2E18506-4273-CFC2-A54E-F4BB758BBA07): 1
LogDevObjectVersion:   Dev-VirtualProduction (64F58936-FD1B-42BA-BA96-7289D5D0FA4E): 1
LogDevObjectVersion:   Dev-MediaFramework (6F0ED827-A609-4895-9C91-998D90180EA4): 2
LogInit: Presizing for max 25165824 objects, including 0 objects not considered by GC, pre-allocating 0 bytes for permanent pool.
LogConfig: Applying CVar settings from Section [/Script/Engine.StreamingSettings] File [C:/Users/user/Documents/GitHub Unreal/Snake/Snake/Saved/Config/Windows/Engine.ini]
LogConfig: Setting CVar [[s.MinBulkDataSizeForAsyncLoading:131072]]
LogConfig: Setting CVar [[s.AsyncLoadingThreadEnabled:0]]
LogConfig: Setting CVar [[s.EventDrivenLoaderEnabled:1]]
LogConfig: Setting CVar [[s.WarnIfTimeLimitExceeded:0]]
LogConfig: Setting CVar [[s.TimeLimitExceededMultiplier:1.5]]
LogConfig: Setting CVar [[s.TimeLimitExceededMinTime:0.005]]
LogConfig: Setting CVar [[s.UseBackgroundLevelStreaming:1]]
LogConfig: Setting CVar [[s.PriorityAsyncLoadingExtraTime:15.0]]
LogConfig: Setting CVar [[s.LevelStreamingActorsUpdateTimeLimit:5.0]]
LogConfig: Setting CVar [[s.PriorityLevelStreamingActorsUpdateExtraTime:5.0]]
LogConfig: Setting CVar [[s.LevelStreamingComponentsRegistrationGranularity:10]]
LogConfig: Setting CVar [[s.UnregisterComponentsTimeLimit:1.0]]
LogConfig: Setting CVar [[s.LevelStreamingComponentsUnregistrationGranularity:5]]
LogConfig: Setting CVar [[s.FlushStreamingOnExit:1]]
LogInit: Object subsystem initialized
LogConfig: Setting CVar [[con.DebugEarlyDefault:1]]
LogConfig: Setting CVar [[r.setres:1280x720]]
[2026.04.26-22.30.28:256][  0]LogConfig: Setting CVar [[r.VSync:0]]
[2026.04.26-22.30.28:256][  0]LogConfig: Setting CVar [[r.RHICmdBypass:0]]
[2026.04.26-22.30.28:256][  0]LogConfig: Applying CVar settings from Section [/Script/Engine.RendererSettings] File [C:/Users/user/Documents/GitHub Unreal/Snake/Snake/Saved/Config/Windows/Engine.ini]
[2026.04.26-22.30.28:256][  0]LogConfig: Setting CVar [[r.GPUCrashDebugging:0]]
[2026.04.26-22.30.28:256][  0]LogConfig: Applying CVar settings from Section [/Script/Engine.RendererOverrideSettings] File [C:/Users/user/Documents/GitHub Unreal/Snake/Snake/Saved/Config/Windows/Engine.ini]
[2026.04.26-22.30.28:256][  0]LogConfig: Applying CVar settings from Section [/Script/Engine.StreamingSettings] File [C:/Users/user/Documents/GitHub Unreal/Snake/Snake/Saved/Config/Windows/Engine.ini]
[2026.04.26-22.30.28:256][  0]LogConfig: Setting CVar [[s.MinBulkDataSizeForAsyncLoading:131072]]
[2026.04.26-22.30.28:256][  0]LogConfig: Setting CVar [[s.AsyncLoadingThreadEnabled:0]]
[2026.04.26-22.30.28:256][  0]LogConfig: Setting CVar [[s.EventDrivenLoaderEnabled:1]]
[2026.04.26-22.30.28:256][  0]LogConfig: Setting CVar [[s.WarnIfTimeLimitExceeded:0]]
[2026.04.26-22.30.28:256][  0]LogConfig: Setting CVar [[s.TimeLimitExceededMultiplier:1.5]]
[2026.04.26-22.30.28:256][  0]LogConfig: Setting CVar [[s.TimeLimitExceededMinTime:0.005]]
[2026.04.26-22.30.28:256][  0]LogConfig: Setting CVar [[s.UseBackgroundLevelStreaming:1]]
[2026.04.26-22.30.28:256][  0]LogConfig: Setting CVar [[s.PriorityAsyncLoadingExtraTime:15.0]]
[2026.04.26-22.30.28:256][  0]LogConfig: Setting CVar [[s.LevelStreamingActorsUpdateTimeLimit:5.0]]
[2026.04.26-22.30.28:256][  0]LogConfig: Setting CVar [[s.PriorityLevelStreamingActorsUpdateExtraTime:5.0]]
[2026.04.26-22.30.28:256][  0]LogConfig: Setting CVar [[s.LevelStreamingComponentsRegistrationGranularity:10]]
[2026.04.26-22.30.28:256][  0]LogConfig: Setting CVar [[s.UnregisterComponentsTimeLimit:1.0]]
[2026.04.26-22.30.28:256][  0]LogConfig: Setting CVar [[s.LevelStreamingComponentsUnregistrationGranularity:5]]
[2026.04.26-22.30.28:256][  0]LogConfig: Setting CVar [[s.FlushStreamingOnExit:1]]
[2026.04.26-22.30.28:256][  0]LogConfig: Applying CVar settings from Section [/Script/Engine.GarbageCollectionSettings] File [C:/Users/user/Documents/GitHub Unreal/Snake/Snake/Saved/Config/Windows/Engine.ini]
[2026.04.26-22.30.28:256][  0]LogConfig: Setting CVar [[gc.MaxObjectsNotConsideredByGC:1]]
[2026.04.26-22.30.28:256][  0]LogConfig: Setting CVar [[gc.SizeOfPermanentObjectPool:0]]
[2026.04.26-22.30.28:257][  0]LogConfig: Setting CVar [[gc.FlushStreamingOnGC:0]]
[2026.04.26-22.30.28:257][  0]LogConfig: Setting CVar [[gc.NumRetriesBeforeForcingGC:10]]
[2026.04.26-22.30.28:257][  0]LogConfig: Setting CVar [[gc.AllowParallelGC:1]]
[2026.04.26-22.30.28:257][  0]LogConfig: Setting CVar [[gc.TimeBetweenPurgingPendingKillObjects:61.1]]
[2026.04.26-22.30.28:257][  0]LogConfig: Setting CVar [[gc.MaxObjectsInEditor:25165824]]
[2026.04.26-22.30.28:257][  0]LogConfig: Setting CVar [[gc.IncrementalBeginDestroyEnabled:1]]
[2026.04.26-22.30.28:257][  0]LogConfig: Setting CVar [[gc.CreateGCClusters:1]]
[2026.04.26-22.30.28:257][  0]LogConfig: Setting CVar [[gc.MinGCClusterSize:5]]
[2026.04.26-22.30.28:257][  0]LogConfig: Setting CVar [[gc.ActorClusteringEnabled:0]]
[2026.04.26-22.30.28:257][  0]LogConfig: Setting CVar [[gc.BlueprintClusteringEnabled:0]]
[2026.04.26-22.30.28:257][  0]LogConfig: Setting CVar [[gc.UseDisregardForGCOnDedicatedServers:0]]
[2026.04.26-22.30.28:257][  0]LogConfig: Setting CVar [[gc.MultithreadedDestructionEnabled:1]]
[2026.04.26-22.30.28:257][  0]LogConfig: Applying CVar settings from Section [/Script/Engine.NetworkSettings] File [C:/Users/user/Documents/GitHub Unreal/Snake/Snake/Saved/Config/Windows/Engine.ini]
[2026.04.26-22.30.28:257][  0]LogConfig: Applying CVar settings from Section [/Script/UnrealEd.CookerSettings] File [C:/Users/user/Documents/GitHub Unreal/Snake/Snake/Saved/Config/Windows/Engine.ini]
[2026.04.26-22.30.28:262][  0]LogConfig: Applying CVar settings from Section [ViewDistanceQuality@3] File [C:/Users/user/Documents/GitHub Unreal/Snake/Snake/Saved/Config/Windows/Scalability.ini]
[2026.04.26-22.30.28:262][  0]LogConfig: Setting CVar [[r.SkeletalMeshLODBias:0]]
[2026.04.26-22.30.28:262][  0]LogConfig: Setting CVar [[r.ViewDistanceScale:1.0]]
[2026.04.26-22.30.28:262][  0]LogConfig: Applying CVar settings from Section [AntiAliasingQuality@3] File [C:/Users/user/Documents/GitHub Unreal/Snake/Snake/Saved/Config/Windows/Scalability.ini]
[2026.04.26-22.30.28:262][  0]LogConfig: Setting CVar [[r.PostProcessAAQuality:4]]
[2026.04.26-22.30.28:262][  0]LogConfig: Applying CVar settings from Section [ShadowQuality@3] File [C:/Users/user/Documents/GitHub Unreal/Snake/Snake/Saved/Config/Windows/Scalability.ini]
[2026.04.26-22.30.28:262][  0]LogConfig: Setting CVar [[r.LightFunctionQuality:1]]
[2026.04.26-22.30.28:262][  0]LogConfig: Setting CVar [[r.ShadowQuality:5]]
[2026.04.26-22.30.28:262][  0]LogConfig: Setting CVar [[r.Shadow.CSM.MaxCascades:10]]
[2026.04.26-22.30.28:262][  0]LogConfig: Setting CVar [[r.Shadow.MaxResolution:2048]]
[2026.04.26-22.30.28:262][  0]LogConfig: Setting CVar [[r.Shadow.MaxCSMResolution:2048]]
[2026.04.26-22.30.28:262][  0]LogConfig: Setting CVar [[r.Shadow.RadiusThreshold:0.01]]
[2026.04.26-22.30.28:262][  0]LogConfig: Setting CVar [[r.Shadow.DistanceScale:1.0]]
[2026.04.26-22.30.28:262][  0]LogConfig: Setting CVar [[r.Shadow.CSM.TransitionScale:1.0]]
[2026.04.26-22.30.28:262][  0]LogConfig: Setting CVar [[r.Shadow.PreShadowResolutionFactor:1.0]]
[2026.04.26-22.30.28:262][  0]LogConfig: Setting CVar [[r.DistanceFieldShadowing:1]]
[2026.04.26-22.30.28:262][  0]LogConfig: Setting CVar [[r.DistanceFieldAO:1]]
[2026.04.26-22.30.28:262][  0]LogConfig: Setting CVar [[r.AOQuality:2]]
[2026.04.26-22.30.28:262][  0]LogConfig: Setting CVar [[r.VolumetricFog:1]]
[2026.04.26-22.30.28:262][  0]LogConfig: Setting CVar [[r.VolumetricFog.GridPixelSize:8]]
[2026.04.26-22.30.28:262][  0]LogConfig: Setting CVar [[r.VolumetricFog.GridSizeZ:128]]
[2026.04.26-22.30.28:262][  0]LogConfig: Setting CVar [[r.VolumetricFog.HistoryMissSupersampleCount:4]]
[2026.04.26-22.30.28:262][  0]LogConfig: Setting CVar [[r.LightMaxDrawDistanceScale:1]]
[2026.04.26-22.30.28:262][  0]LogConfig: Setting CVar [[r.CapsuleShadows:1]]
[2026.04.26-22.30.28:262][  0]LogConfig: Applying CVar settings from Section [PostProcessQuality@3] File [C:/Users/user/Documents/GitHub Unreal/Snake/Snake/Saved/Config/Windows/Scalability.ini]
[2026.04.26-22.30.28:262][  0]LogConfig: Setting CVar [[r.MotionBlurQuality:4]]
[2026.04.26-22.30.28:262][  0]LogConfig: Setting CVar [[r.AmbientOcclusionMipLevelFactor:0.4]]
[2026.04.26-22.30.28:262][  0]LogConfig: Setting CVar [[r.AmbientOcclusionMaxQuality:100]]
[2026.04.26-22.30.28:263][  0]LogConfig: Setting CVar [[r.AmbientOcclusionLevels:-1]]
[2026.04.26-22.30.28:263][  0]LogConfig: Setting CVar [[r.AmbientOcclusionRadiusScale:1.0]]
[2026.04.26-22.30.28:263][  0]LogConfig: Setting CVar [[r.DepthOfFieldQuality:2]]
[2026.04.26-22.30.28:263][  0]LogConfig: Setting CVar [[r.RenderTargetPoolMin:400]]
[2026.04.26-22.30.28:263][  0]LogConfig: Setting CVar [[r.LensFlareQuality:2]]
[2026.04.26-22.30.28:263][  0]LogConfig: Setting CVar [[r.SceneColorFringeQuality:1]]
[2026.04.26-22.30.28:263][  0]LogConfig: Setting CVar [[r.EyeAdaptationQuality:2]]
[2026.04.26-22.30.28:263][  0]LogConfig: Setting CVar [[r.BloomQuality:5]]
[2026.04.26-22.30.28:263][  0]LogConfig: Setting CVar [[r.FastBlurThreshold:100]]
[2026.04.26-22.30.28:263][  0]LogConfig: Setting CVar [[r.Upscale.Quality:3]]
[2026.04.26-22.30.28:263][  0]LogConfig: Setting CVar [[r.Tonemapper.GrainQuantization:1]]
[2026.04.26-22.30.28:263][  0]LogConfig: Setting CVar [[r.LightShaftQuality:1]]
[2026.04.26-22.30.28:263][  0]LogConfig: Setting CVar [[r.Filter.SizeScale:1]]
[2026.04.26-22.30.28:263][  0]LogConfig: Setting CVar [[r.Tonemapper.Quality:5]]
[2026.04.26-22.30.28:263][  0]LogConfig: Setting CVar [[r.DOF.Gather.AccumulatorQuality:1        ; higher gathering accumulator quality]]
[2026.04.26-22.30.28:263][  0]LogConfig: Setting CVar [[r.DOF.Gather.PostfilterMethod:1          ; Median3x3 postfilering method]]
[2026.04.26-22.30.28:263][  0]LogConfig: Setting CVar [[r.DOF.Gather.EnableBokehSettings:0       ; no bokeh simulation when gathering]]
[2026.04.26-22.30.28:263][  0]LogConfig: Setting CVar [[r.DOF.Gather.RingCount:4                 ; medium number of samples when gathering]]
[2026.04.26-22.30.28:263][  0]LogConfig: Setting CVar [[r.DOF.Scatter.ForegroundCompositing:1    ; additive foreground scattering]]
[2026.04.26-22.30.28:263][  0]LogConfig: Setting CVar [[r.DOF.Scatter.BackgroundCompositing:2    ; additive background scattering]]
[2026.04.26-22.30.28:263][  0]LogConfig: Setting CVar [[r.DOF.Scatter.EnableBokehSettings:1      ; bokeh simulation when scattering]]
[2026.04.26-22.30.28:263][  0]LogConfig: Setting CVar [[r.DOF.Scatter.MaxSpriteRatio:0.1         ; only a maximum of 10% of scattered bokeh]]
[2026.04.26-22.30.28:263][  0]LogConfig: Setting CVar [[r.DOF.Recombine.Quality:1                ; cheap slight out of focus]]
[2026.04.26-22.30.28:263][  0]LogConfig: Setting CVar [[r.DOF.Recombine.EnableBokehSettings:0    ; no bokeh simulation on slight out of focus]]
[2026.04.26-22.30.28:263][  0]LogConfig: Setting CVar [[r.DOF.TemporalAAQuality:1                ; more stable temporal accumulation]]
[2026.04.26-22.30.28:263][  0]LogConfig: Setting CVar [[r.DOF.Kernel.MaxForegroundRadius:0.025]]
[2026.04.26-22.30.28:263][  0]LogConfig: Setting CVar [[r.DOF.Kernel.MaxBackgroundRadius:0.025]]
[2026.04.26-22.30.28:263][  0]LogConfig: Applying CVar settings from Section [TextureQuality@3] File [C:/Users/user/Documents/GitHub Unreal/Snake/Snake/Saved/Config/Windows/Scalability.ini]
[2026.04.26-22.30.28:263][  0]LogConfig: Setting CVar [[r.Streaming.MipBias:0]]
[2026.04.26-22.30.28:263][  0]LogConfig: Setting CVar [[r.Streaming.AmortizeCPUToGPUCopy:0]]
[2026.04.26-22.30.28:263][  0]LogConfig: Setting CVar [[r.Streaming.MaxNumTexturesToStreamPerFrame:0]]
[2026.04.26-22.30.28:263][  0]LogConfig: Setting CVar [[r.Streaming.Boost:1]]
[2026.04.26-22.30.28:263][  0]LogConfig: Setting CVar [[r.MaxAnisotropy:8]]
[2026.04.26-22.30.28:263][  0]LogConfig: Setting CVar [[r.VT.MaxAnisotropy:8]]
[2026.04.26-22.30.28:263][  0]LogConfig: Setting CVar [[r.Streaming.LimitPoolSizeToVRAM:0]]
[2026.04.26-22.30.28:263][  0]LogConfig: Setting CVar [[r.Streaming.PoolSize:1000]]
[2026.04.26-22.30.28:263][  0]LogConfig: Setting CVar [[r.Streaming.MaxEffectiveScreenSize:0]]
[2026.04.26-22.30.28:263][  0]LogConfig: Applying CVar settings from Section [EffectsQuality@3] File [C:/Users/user/Documents/GitHub Unreal/Snake/Snake/Saved/Config/Windows/Scalability.ini]
[2026.04.26-22.30.28:263][  0]LogConfig: Setting CVar [[r.TranslucencyLightingVolumeDim:64]]
[2026.04.26-22.30.28:263][  0]LogConfig: Setting CVar [[r.RefractionQuality:2]]
[2026.04.26-22.30.28:263][  0]LogConfig: Setting CVar [[r.SSR.Quality:3]]
[2026.04.26-22.30.28:263][  0]LogConfig: Setting CVar [[r.SSR.HalfResSceneColor:0]]
[2026.04.26-22.30.28:263][  0]LogConfig: Setting CVar [[r.SceneColorFormat:4]]
[2026.04.26-22.30.28:263][  0]LogConfig: Setting CVar [[r.DetailMode:2]]
[2026.04.26-22.30.28:263][  0]LogConfig: Setting CVar [[r.TranslucencyVolumeBlur:1]]
[2026.04.26-22.30.28:263][  0]LogConfig: Setting CVar [[r.MaterialQualityLevel:1 ; High quality]]
[2026.04.26-22.30.28:263][  0]LogConfig: Setting CVar [[r.AnisotropicMaterials:1]]
[2026.04.26-22.30.28:263][  0]LogConfig: Setting CVar [[r.SSS.Scale:1]]
[2026.04.26-22.30.28:263][  0]LogConfig: Setting CVar [[r.SSS.SampleSet:2]]
[2026.04.26-22.30.28:263][  0]LogConfig: Setting CVar [[r.SSS.Quality:1]]
[2026.04.26-22.30.28:263][  0]LogConfig: Setting CVar [[r.SSS.HalfRes:0]]
[2026.04.26-22.30.28:263][  0]LogConfig: Setting CVar [[r.SSGI.Quality:3]]
[2026.04.26-22.30.28:263][  0]LogConfig: Setting CVar [[r.EmitterSpawnRateScale:1.0]]
[2026.04.26-22.30.28:263][  0]LogConfig: Setting CVar [[r.ParticleLightQuality:2]]
[2026.04.26-22.30.28:263][  0]LogConfig: Setting CVar [[r.SkyAtmosphere.AerialPerspectiveLUT.FastApplyOnOpaque:1 ; Always have FastSkyLUT 1 in this case to avoid wrong sky]]
[2026.04.26-22.30.28:263][  0]LogConfig: Setting CVar [[r.SkyAtmosphere.AerialPerspectiveLUT.SampleCountMaxPerSlice:4]]
[2026.04.26-22.30.28:263][  0]LogConfig: Setting CVar [[r.SkyAtmosphere.AerialPerspectiveLUT.DepthResolution:16.0]]
[2026.04.26-22.30.28:263][  0]LogConfig: Setting CVar [[r.SkyAtmosphere.FastSkyLUT:1]]
[2026.04.26-22.30.28:263][  0]LogConfig: Setting CVar [[r.SkyAtmosphere.FastSkyLUT.SampleCountMin:4.0]]
[2026.04.26-22.30.28:263][  0]LogConfig: Setting CVar [[r.SkyAtmosphere.FastSkyLUT.SampleCountMax:128.0]]
[2026.04.26-22.30.28:263][  0]LogConfig: Setting CVar [[r.SkyAtmosphere.SampleCountMin:4.0]]
[2026.04.26-22.30.28:263][  0]LogConfig: Setting CVar [[r.SkyAtmosphere.SampleCountMax:128.0]]
[2026.04.26-22.30.28:263][  0]LogConfig: Setting CVar [[r.SkyAtmosphere.TransmittanceLUT.UseSmallFormat:0]]
[2026.04.26-22.30.28:263][  0]LogConfig: Setting CVar [[r.SkyAtmosphere.TransmittanceLUT.SampleCount:10.0]]
[2026.04.26-22.30.28:263][  0]LogConfig: Setting CVar [[r.SkyAtmosphere.MultiScatteringLUT.SampleCount:15.0]]
[2026.04.26-22.30.28:263][  0]LogConfig: Setting CVar [[r.SkyLight.RealTimeReflectionCapture:1]]
[2026.04.26-22.30.28:263][  0]LogConfig: Applying CVar settings from Section [FoliageQuality@3] File [C:/Users/user/Documents/GitHub Unreal/Snake/Snake/Saved/Config/Windows/Scalability.ini]
[2026.04.26-22.30.28:263][  0]LogConfig: Setting CVar [[foliage.DensityScale:1.0]]
[2026.04.26-22.30.28:263][  0]LogConfig: Setting CVar [[grass.DensityScale:1.0]]
[2026.04.26-22.30.28:263][  0]LogConfig: Applying CVar settings from Section [ShadingQuality@3] File [C:/Users/user/Documents/GitHub Unreal/Snake/Snake/Saved/Config/Windows/Scalability.ini]
[2026.04.26-22.30.28:263][  0]LogConfig: Setting CVar [[r.HairStrands.SkyLighting.IntegrationType:2]]
[2026.04.26-22.30.28:263][  0]LogConfig: Setting CVar [[r.HairStrands.SkyAO.SampleCount:4]]
[2026.04.26-22.30.28:263][  0]LogConfig: Setting CVar [[r.HairStrands.Visibility.MSAA.SamplePerPixel:4]]
[2026.04.26-22.30.28:263][  0]LogInit: Selected Device Profile: [Windows]
[2026.04.26-22.30.28:263][  0]LogInit: Applying CVar settings loaded from the selected device profile: [Windows]
[2026.04.26-22.30.28:263][  0]LogHAL: Display: Platform has ~ 16 GB [16469520384 / 17179869184 / 16], which maps to Larger [LargestMinGB=32, LargerMinGB=12, DefaultMinGB=8, SmallerMinGB=6, SmallestMinGB=0)
[2026.04.26-22.30.28:263][  0]LogInit: Going up to parent DeviceProfile []
[2026.04.26-22.30.28:263][  0]LogConfig: Applying CVar settings from Section [ViewDistanceQuality@3] File [C:/Users/user/Documents/GitHub Unreal/Snake/Snake/Saved/Config/Windows/Scalability.ini]
[2026.04.26-22.30.28:263][  0]LogConfig: Setting CVar [[r.SkeletalMeshLODBias:0]]
[2026.04.26-22.30.28:263][  0]LogConfig: Setting CVar [[r.ViewDistanceScale:1.0]]
[2026.04.26-22.30.28:263][  0]LogConfig: Applying CVar settings from Section [AntiAliasingQuality@3] File [C:/Users/user/Documents/GitHub Unreal/Snake/Snake/Saved/Config/Windows/Scalability.ini]
[2026.04.26-22.30.28:263][  0]LogConfig: Setting CVar [[r.PostProcessAAQuality:4]]
[2026.04.26-22.30.28:263][  0]LogConfig: Applying CVar settings from Section [ShadowQuality@3] File [C:/Users/user/Documents/GitHub Unreal/Snake/Snake/Saved/Config/Windows/Scalability.ini]
[2026.04.26-22.30.28:263][  0]LogConfig: Setting CVar [[r.LightFunctionQuality:1]]
[2026.04.26-22.30.28:263][  0]LogConfig: Setting CVar [[r.ShadowQuality:5]]
[2026.04.26-22.30.28:263][  0]LogConfig: Setting CVar [[r.Shadow.CSM.MaxCascades:10]]
[2026.04.26-22.30.28:263][  0]LogConfig: Setting CVar [[r.Shadow.MaxResolution:2048]]
[2026.04.26-22.30.28:263][  0]LogConfig: Setting CVar [[r.Shadow.MaxCSMResolution:2048]]
[2026.04.26-22.30.28:263][  0]LogConfig: Setting CVar [[r.Shadow.RadiusThreshold:0.01]]
[2026.04.26-22.30.28:263][  0]LogConfig: Setting CVar [[r.Shadow.DistanceScale:1.0]]
[2026.04.26-22.30.28:263][  0]LogConfig: Setting CVar [[r.Shadow.CSM.TransitionScale:1.0]]
[2026.04.26-22.30.28:263][  0]LogConfig: Setting CVar [[r.Shadow.PreShadowResolutionFactor:1.0]]
[2026.04.26-22.30.28:264][  0]LogConfig: Setting CVar [[r.DistanceFieldShadowing:1]]
[2026.04.26-22.30.28:264][  0]LogConfig: Setting CVar [[r.DistanceFieldAO:1]]
[2026.04.26-22.30.28:264][  0]LogConfig: Setting CVar [[r.AOQuality:2]]
[2026.04.26-22.30.28:264][  0]LogConfig: Setting CVar [[r.VolumetricFog:1]]
[2026.04.26-22.30.28:264][  0]LogConfig: Setting CVar [[r.VolumetricFog.GridPixelSize:8]]
[2026.04.26-22.30.28:264][  0]LogConfig: Setting CVar [[r.VolumetricFog.GridSizeZ:128]]
[2026.04.26-22.30.28:264][  0]LogConfig: Setting CVar [[r.VolumetricFog.HistoryMissSupersampleCount:4]]
[2026.04.26-22.30.28:264][  0]LogConfig: Setting CVar [[r.LightMaxDrawDistanceScale:1]]
[2026.04.26-22.30.28:264][  0]LogConfig: Setting CVar [[r.CapsuleShadows:1]]
[2026.04.26-22.30.28:264][  0]LogConfig: Applying CVar settings from Section [PostProcessQuality@3] File [C:/Users/user/Documents/GitHub Unreal/Snake/Snake/Saved/Config/Windows/Scalability.ini]
[2026.04.26-22.30.28:264][  0]LogConfig: Setting CVar [[r.MotionBlurQuality:4]]
[2026.04.26-22.30.28:264][  0]LogConfig: Setting CVar [[r.AmbientOcclusionMipLevelFactor:0.4]]
[2026.04.26-22.30.28:264][  0]LogConfig: Setting CVar [[r.AmbientOcclusionMaxQuality:100]]
[2026.04.26-22.30.28:264][  0]LogConfig: Setting CVar [[r.AmbientOcclusionLevels:-1]]
[2026.04.26-22.30.28:264][  0]LogConfig: Setting CVar [[r.AmbientOcclusionRadiusScale:1.0]]
[2026.04.26-22.30.28:264][  0]LogConfig: Setting CVar [[r.DepthOfFieldQuality:2]]
[2026.04.26-22.30.28:264][  0]LogConfig: Setting CVar [[r.RenderTargetPoolMin:400]]
[2026.04.26-22.30.28:264][  0]LogConfig: Setting CVar [[r.LensFlareQuality:2]]
[2026.04.26-22.30.28:264][  0]LogConfig: Setting CVar [[r.SceneColorFringeQuality:1]]
[2026.04.26-22.30.28:264][  0]LogConfig: Setting CVar [[r.EyeAdaptationQuality:2]]
[2026.04.26-22.30.28:264][  0]LogConfig: Setting CVar [[r.BloomQuality:5]]
[2026.04.26-22.30.28:264][  0]LogConfig: Setting CVar [[r.FastBlurThreshold:100]]
[2026.04.26-22.30.28:264][  0]LogConfig: Setting CVar [[r.Upscale.Quality:3]]
[2026.04.26-22.30.28:264][  0]LogConfig: Setting CVar [[r.Tonemapper.GrainQuantization:1]]
[2026.04.26-22.30.28:264][  0]LogConfig: Setting CVar [[r.LightShaftQuality:1]]
[2026.04.26-22.30.28:264][  0]LogConfig: Setting CVar [[r.Filter.SizeScale:1]]
[2026.04.26-22.30.28:264][  0]LogConfig: Setting CVar [[r.Tonemapper.Quality:5]]
[2026.04.26-22.30.28:264][  0]LogConfig: Setting CVar [[r.DOF.Gather.AccumulatorQuality:1        ; higher gathering accumulator quality]]
[2026.04.26-22.30.28:264][  0]LogConfig: Setting CVar [[r.DOF.Gather.PostfilterMethod:1          ; Median3x3 postfilering method]]
[2026.04.26-22.30.28:264][  0]LogConfig: Setting CVar [[r.DOF.Gather.EnableBokehSettings:0       ; no bokeh simulation when gathering]]
[2026.04.26-22.30.28:264][  0]LogConfig: Setting CVar [[r.DOF.Gather.RingCount:4                 ; medium number of samples when gathering]]
[2026.04.26-22.30.28:264][  0]LogConfig: Setting CVar [[r.DOF.Scatter.ForegroundCompositing:1    ; additive foreground scattering]]
[2026.04.26-22.30.28:264][  0]LogConfig: Setting CVar [[r.DOF.Scatter.BackgroundCompositing:2    ; additive background scattering]]
[2026.04.26-22.30.28:264][  0]LogConfig: Setting CVar [[r.DOF.Scatter.EnableBokehSettings:1      ; bokeh simulation when scattering]]
[2026.04.26-22.30.28:264][  0]LogConfig: Setting CVar [[r.DOF.Scatter.MaxSpriteRatio:0.1         ; only a maximum of 10% of scattered bokeh]]
[2026.04.26-22.30.28:264][  0]LogConfig: Setting CVar [[r.DOF.Recombine.Quality:1                ; cheap slight out of focus]]
[2026.04.26-22.30.28:264][  0]LogConfig: Setting CVar [[r.DOF.Recombine.EnableBokehSettings:0    ; no bokeh simulation on slight out of focus]]
[2026.04.26-22.30.28:264][  0]LogConfig: Setting CVar [[r.DOF.TemporalAAQuality:1                ; more stable temporal accumulation]]
[2026.04.26-22.30.28:264][  0]LogConfig: Setting CVar [[r.DOF.Kernel.MaxForegroundRadius:0.025]]
[2026.04.26-22.30.28:264][  0]LogConfig: Setting CVar [[r.DOF.Kernel.MaxBackgroundRadius:0.025]]
[2026.04.26-22.30.28:264][  0]LogConfig: Applying CVar settings from Section [TextureQuality@3] File [C:/Users/user/Documents/GitHub Unreal/Snake/Snake/Saved/Config/Windows/Scalability.ini]
[2026.04.26-22.30.28:264][  0]LogConfig: Setting CVar [[r.Streaming.MipBias:0]]
[2026.04.26-22.30.28:264][  0]LogConfig: Setting CVar [[r.Streaming.AmortizeCPUToGPUCopy:0]]
[2026.04.26-22.30.28:264][  0]LogConfig: Setting CVar [[r.Streaming.MaxNumTexturesToStreamPerFrame:0]]
[2026.04.26-22.30.28:264][  0]LogConfig: Setting CVar [[r.Streaming.Boost:1]]
[2026.04.26-22.30.28:264][  0]LogConfig: Setting CVar [[r.MaxAnisotropy:8]]
[2026.04.26-22.30.28:264][  0]LogConfig: Setting CVar [[r.VT.MaxAnisotropy:8]]
[2026.04.26-22.30.28:264][  0]LogConfig: Setting CVar [[r.Streaming.LimitPoolSizeToVRAM:0]]
[2026.04.26-22.30.28:264][  0]LogConfig: Setting CVar [[r.Streaming.PoolSize:1000]]
[2026.04.26-22.30.28:264][  0]LogConfig: Setting CVar [[r.Streaming.MaxEffectiveScreenSize:0]]
[2026.04.26-22.30.28:264][  0]LogConfig: Applying CVar settings from Section [EffectsQuality@3] File [C:/Users/user/Documents/GitHub Unreal/Snake/Snake/Saved/Config/Windows/Scalability.ini]
[2026.04.26-22.30.28:264][  0]LogConfig: Setting CVar [[r.TranslucencyLightingVolumeDim:64]]
[2026.04.26-22.30.28:264][  0]LogConfig: Setting CVar [[r.RefractionQuality:2]]
[2026.04.26-22.30.28:264][  0]LogConfig: Setting CVar [[r.SSR.Quality:3]]
[2026.04.26-22.30.28:264][  0]LogConfig: Setting CVar [[r.SSR.HalfResSceneColor:0]]
[2026.04.26-22.30.28:264][  0]LogConfig: Setting CVar [[r.SceneColorFormat:4]]
[2026.04.26-22.30.28:264][  0]LogConfig: Setting CVar [[r.DetailMode:2]]
[2026.04.26-22.30.28:264][  0]LogConfig: Setting CVar [[r.TranslucencyVolumeBlur:1]]
[2026.04.26-22.30.28:264][  0]LogConfig: Setting CVar [[r.MaterialQualityLevel:1 ; High quality]]
[2026.04.26-22.30.28:264][  0]LogConfig: Setting CVar [[r.AnisotropicMaterials:1]]
[2026.04.26-22.30.28:264][  0]LogConfig: Setting CVar [[r.SSS.Scale:1]]
[2026.04.26-22.30.28:264][  0]LogConfig: Setting CVar [[r.SSS.SampleSet:2]]
[2026.04.26-22.30.28:264][  0]LogConfig: Setting CVar [[r.SSS.Quality:1]]
[2026.04.26-22.30.28:264][  0]LogConfig: Setting CVar [[r.SSS.HalfRes:0]]
[2026.04.26-22.30.28:264][  0]LogConfig: Setting CVar [[r.SSGI.Quality:3]]
[2026.04.26-22.30.28:264][  0]LogConfig: Setting CVar [[r.EmitterSpawnRateScale:1.0]]
[2026.04.26-22.30.28:264][  0]LogConfig: Setting CVar [[r.ParticleLightQuality:2]]
[2026.04.26-22.30.28:264][  0]LogConfig: Setting CVar [[r.SkyAtmosphere.AerialPerspectiveLUT.FastApplyOnOpaque:1 ; Always have FastSkyLUT 1 in this case to avoid wrong sky]]
[2026.04.26-22.30.28:264][  0]LogConfig: Setting CVar [[r.SkyAtmosphere.AerialPerspectiveLUT.SampleCountMaxPerSlice:4]]
[2026.04.26-22.30.28:264][  0]LogConfig: Setting CVar [[r.SkyAtmosphere.AerialPerspectiveLUT.DepthResolution:16.0]]
[2026.04.26-22.30.28:264][  0]LogConfig: Setting CVar [[r.SkyAtmosphere.FastSkyLUT:1]]
[2026.04.26-22.30.28:264][  0]LogConfig: Setting CVar [[r.SkyAtmosphere.FastSkyLUT.SampleCountMin:4.0]]
[2026.04.26-22.30.28:264][  0]LogConfig: Setting CVar [[r.SkyAtmosphere.FastSkyLUT.SampleCountMax:128.0]]
[2026.04.26-22.30.28:264][  0]LogConfig: Setting CVar [[r.SkyAtmosphere.SampleCountMin:4.0]]
[2026.04.26-22.30.28:264][  0]LogConfig: Setting CVar [[r.SkyAtmosphere.SampleCountMax:128.0]]
[2026.04.26-22.30.28:264][  0]LogConfig: Setting CVar [[r.SkyAtmosphere.TransmittanceLUT.UseSmallFormat:0]]
[2026.04.26-22.30.28:264][  0]LogConfig: Setting CVar [[r.SkyAtmosphere.TransmittanceLUT.SampleCount:10.0]]
[2026.04.26-22.30.28:264][  0]LogConfig: Setting CVar [[r.SkyAtmosphere.MultiScatteringLUT.SampleCount:15.0]]
[2026.04.26-22.30.28:264][  0]LogConfig: Setting CVar [[r.SkyLight.RealTimeReflectionCapture:1]]
[2026.04.26-22.30.28:264][  0]LogConfig: Applying CVar settings from Section [FoliageQuality@3] File [C:/Users/user/Documents/GitHub Unreal/Snake/Snake/Saved/Config/Windows/Scalability.ini]
[2026.04.26-22.30.28:264][  0]LogConfig: Setting CVar [[foliage.DensityScale:1.0]]
[2026.04.26-22.30.28:264][  0]LogConfig: Setting CVar [[grass.DensityScale:1.0]]
[2026.04.26-22.30.28:264][  0]LogConfig: Applying CVar settings from Section [ShadingQuality@3] File [C:/Users/user/Documents/GitHub Unreal/Snake/Snake/Saved/Config/Windows/Scalability.ini]
[2026.04.26-22.30.28:264][  0]LogConfig: Setting CVar [[r.HairStrands.SkyLighting.IntegrationType:2]]
[2026.04.26-22.30.28:265][  0]LogConfig: Setting CVar [[r.HairStrands.SkyAO.SampleCount:4]]
[2026.04.26-22.30.28:265][  0]LogConfig: Setting CVar [[r.HairStrands.Visibility.MSAA.SamplePerPixel:4]]
[2026.04.26-22.30.28:265][  0]LogConfig: Applying CVar settings from Section [Startup] File [../../../Engine/Config/ConsoleVariables.ini]
[2026.04.26-22.30.28:278][  0]LogConfig: Setting CVar [[net.UseAdaptiveNetUpdateFrequency:0]]
[2026.04.26-22.30.28:278][  0]LogConfig: Setting CVar [[p.chaos.AllowCreatePhysxBodies:1]]
[2026.04.26-22.30.28:278][  0]LogConfig: Setting CVar [[fx.SkipVectorVMBackendOptimizations:1]]
[2026.04.26-22.30.28:278][  0]LogConfig: Applying CVar settings from Section [ConsoleVariables] File [C:/Users/user/Documents/GitHub Unreal/Snake/Snake/Saved/Config/Windows/Engine.ini]
[2026.04.26-22.30.28:278][  0]LogConfig: Applying CVar settings from Section [ConsoleVariables] File [C:/Users/user/Documents/GitHub Unreal/Snake/Snake/Saved/Config/Windows/Editor.ini]
[2026.04.26-22.30.28:280][  0]LogInit: Computer: WIN-F0BR1M2G8QI
[2026.04.26-22.30.28:280][  0]LogInit: User: user
[2026.04.26-22.30.28:280][  0]LogInit: CPU Page size=4096, Cores=8
[2026.04.26-22.30.28:280][  0]LogInit: High frequency timer resolution =10.000000 MHz
[2026.04.26-22.30.28:280][  0]LogMemory: Memory total: Physical=15.3GB (16GB approx)
[2026.04.26-22.30.28:280][  0]LogMemory: Platform Memory Stats for Windows
[2026.04.26-22.30.28:280][  0]LogMemory: Process Physical Memory: 150.96 MB used, 150.96 MB peak
[2026.04.26-22.30.28:280][  0]LogMemory: Process Virtual Memory: 129.96 MB used, 129.96 MB peak
[2026.04.26-22.30.28:280][  0]LogMemory: Physical Memory: 9202.69 MB used,  6503.87 MB free, 15706.56 MB total
[2026.04.26-22.30.28:280][  0]LogMemory: Virtual Memory: 134212256.00 MB used,  5470.16 MB free, 134217728.00 MB total
[2026.04.26-22.30.28:343][  0]LogWindows: WindowsPlatformFeatures enabled
[2026.04.26-22.30.28:409][  0]LogInit: Physics initialised using underlying interface: PhysX
[2026.04.26-22.30.28:410][  0]LogInit: Using OS detected language (ru-RU).
[2026.04.26-22.30.28:410][  0]LogInit: Using OS detected locale (ru-RU).
[2026.04.26-22.30.28:425][  0]LogTextLocalizationManager: No specific localization for 'ru-RU' exists, so the 'ru' localization will be used.
[2026.04.26-22.30.28:427][  0]LogTextLocalizationResource: LocRes '../../../Engine/Content/Localization/Editor/ru/Editor.locres' could not be opened for reading!
[2026.04.26-22.30.28:427][  0]LogTextLocalizationResource: LocRes '../../../Engine/Content/Localization/EditorTutorials/ru/EditorTutorials.locres' could not be opened for reading!
[2026.04.26-22.30.28:427][  0]LogTextLocalizationResource: LocRes '../../../Engine/Content/Localization/Keywords/ru/Keywords.locres' could not be opened for reading!
[2026.04.26-22.30.28:427][  0]LogTextLocalizationResource: LocRes '../../../Engine/Content/Localization/Category/ru/Category.locres' could not be opened for reading!
[2026.04.26-22.30.28:427][  0]LogTextLocalizationResource: LocRes '../../../Engine/Content/Localization/ToolTips/ru/ToolTips.locres' could not be opened for reading!
[2026.04.26-22.30.28:428][  0]LogTextLocalizationResource: LocRes '../../../Engine/Content/Localization/PropertyNames/ru/PropertyNames.locres' could not be opened for reading!
[2026.04.26-22.30.28:428][  0]LogTextLocalizationResource: LocRes '../../../Engine/Content/Localization/Engine/ru/Engine.locres' could not be opened for reading!
[2026.04.26-22.30.28:461][  0]LogInit: Setting process to per monitor DPI aware
[2026.04.26-22.30.28:496][  0]LogWindowsTextInputMethodSystem: Display: IME system deactivated.
[2026.04.26-22.30.28:556][  0]LogSlate: New Slate User Created.  User Index 0, Is Virtual User: 0
[2026.04.26-22.30.28:556][  0]LogSlate: Slate User Registered.  User Index 0, Is Virtual User: 0
[2026.04.26-22.30.33:252][  0]LogD3D11RHI: Loaded GFSDK_Aftermath_Lib.x64.dll
[2026.04.26-22.30.33:271][  0]LogHMD: Failed to initialize OpenVR with code 110
[2026.04.26-22.30.33:271][  0]LogD3D11RHI: D3D11 min allowed feature level: 11_0
[2026.04.26-22.30.33:271][  0]LogD3D11RHI: D3D11 max allowed feature level: 11_0
[2026.04.26-22.30.33:271][  0]LogD3D11RHI: D3D11 adapters:
[2026.04.26-22.30.33:342][  0]LogD3D11RHI:    0. 'AMD Radeon(TM) Graphics' (Feature Level 11_0)
[2026.04.26-22.30.33:342][  0]LogD3D11RHI:       495/0/7853 MB DedicatedVideo/DedicatedSystem/SharedSystem, Outputs:1, VendorId:0x1002
[2026.04.26-22.30.33:346][  0]LogD3D11RHI:    1. 'Microsoft Basic Render Driver' (Feature Level 11_0)
[2026.04.26-22.30.33:346][  0]LogD3D11RHI:       0/0/7853 MB DedicatedVideo/DedicatedSystem/SharedSystem, Outputs:0, VendorId:0x1414
[2026.04.26-22.30.33:401][  0]LogD3D11RHI:    2. 'AMD Radeon(TM) Graphics' (Feature Level 11_0)
[2026.04.26-22.30.33:401][  0]LogD3D11RHI:       495/0/7853 MB DedicatedVideo/DedicatedSystem/SharedSystem, Outputs:0, VendorId:0x1002
[2026.04.26-22.30.33:401][  0]LogD3D11RHI: Chosen D3D11 Adapter:
[2026.04.26-22.30.33:401][  0]LogD3D11RHI:     Description : AMD Radeon(TM) Graphics
[2026.04.26-22.30.33:401][  0]LogD3D11RHI:     VendorId    : 1002
[2026.04.26-22.30.33:401][  0]LogD3D11RHI:     DeviceId    : 164c
[2026.04.26-22.30.33:401][  0]LogD3D11RHI:     SubSysId    : 1410152d
[2026.04.26-22.30.33:401][  0]LogD3D11RHI:     Revision    : 00c1
[2026.04.26-22.30.33:401][  0]LogD3D11RHI:     DedicatedVideoMemory : 519634944 bytes
[2026.04.26-22.30.33:401][  0]LogD3D11RHI:     DedicatedSystemMemory : 0 bytes
[2026.04.26-22.30.33:401][  0]LogD3D11RHI:     SharedSystemMemory : 8234760192 bytes
[2026.04.26-22.30.33:401][  0]LogD3D11RHI:     AdapterLuid : 0 45414
[2026.04.26-22.30.33:412][  0]LogD3D11RHI: Creating new Direct3DDevice
[2026.04.26-22.30.33:412][  0]LogD3D11RHI:     GPU DeviceId: 0x164c (for the marketing name, search the web for "GPU Device Id")
[2026.04.26-22.30.33:412][  0]LogWindows: EnumDisplayDevices:
[2026.04.26-22.30.33:412][  0]LogWindows:    0. 'AMD Radeon(TM) Graphics' (P:1 D:1)
[2026.04.26-22.30.33:414][  0]LogWindows:    1. 'AMD Radeon(TM) Graphics' (P:0 D:0)
[2026.04.26-22.30.33:414][  0]LogWindows:    2. 'AMD Radeon(TM) Graphics' (P:0 D:0)
[2026.04.26-22.30.33:415][  0]LogWindows:    3. 'IddDesk Device' (P:0 D:0)
[2026.04.26-22.30.33:415][  0]LogWindows:    4. 'IddDesk Device' (P:0 D:0)
[2026.04.26-22.30.33:416][  0]LogWindows:    5. 'IddDesk Device' (P:0 D:0)
[2026.04.26-22.30.33:416][  0]LogWindows:    6. 'IddDesk Device' (P:0 D:0)
[2026.04.26-22.30.33:416][  0]LogWindows:    7. 'IddDesk Device' (P:0 D:0)
[2026.04.26-22.30.33:416][  0]LogWindows:    8. 'IddDesk Device' (P:0 D:0)
[2026.04.26-22.30.33:416][  0]LogWindows:    9. 'IddDesk Device' (P:0 D:0)
[2026.04.26-22.30.33:418][  0]LogWindows:    10. 'IddDesk Device' (P:0 D:0)
[2026.04.26-22.30.33:418][  0]LogWindows:    11. 'IddDesk Device' (P:0 D:0)
[2026.04.26-22.30.33:418][  0]LogWindows:    12. 'IddDesk Device' (P:0 D:0)
[2026.04.26-22.30.33:419][  0]LogWindows: DebugString: GetVideoDriverDetailsInvalid PrimaryIsNotTheChoosenAdapter GetVideoDriverDetailsInvalid PrimaryIsNotTheChoosenAdapter GetVideoDriverDetailsInvalid PrimaryIsNotTheChoosenAdapter GetVideoDriverDetailsInvalid PrimaryIsNotTheChoosenAdapter GetVideoDriverDetailsInvalid PrimaryIsNotTheChoosenAdapter GetVideoDriverDetailsInvalid PrimaryIsNotTheChoosenAdapter GetVideoDriverDetailsInvalid PrimaryIsNotTheChoosenAdapter GetVideoDriverDetailsInvalid PrimaryIsNotTheChoosenAdapter GetVideoDriverDetailsInvalid PrimaryIsNotTheChoosenAdapter GetVideoDriverDetailsInvalid PrimaryIsNotTheChoosenAdapter FoundDriverCount:3 
[2026.04.26-22.30.33:419][  0]LogD3D11RHI:     Adapter Name: AMD Radeon(TM) Graphics
[2026.04.26-22.30.33:419][  0]LogD3D11RHI:   Driver Version: AMD Software: Adrenalin Edition 26.1.1 (internal:31.0.21924.61, unified:31.0.21924.61)
[2026.04.26-22.30.33:419][  0]LogD3D11RHI:      Driver Date: 12-11-2025
[2026.04.26-22.30.33:419][  0]LogRHI: Texture pool is 5372 MB (70% of 7675 MB)
[2026.04.26-22.30.33:501][  0]LogD3D11RHI: Creating D3DDevice with AMD AGS, using adapter:
[2026.04.26-22.30.33:501][  0]LogD3D11RHI:     Description : AMD Radeon(TM) Graphics
[2026.04.26-22.30.33:501][  0]LogD3D11RHI:     VendorId    : 1002
[2026.04.26-22.30.33:501][  0]LogD3D11RHI:     DeviceId    : 164c
[2026.04.26-22.30.33:501][  0]LogD3D11RHI:     SubSysId    : 1410152d
[2026.04.26-22.30.33:501][  0]LogD3D11RHI:     Revision    : 00c1
[2026.04.26-22.30.33:501][  0]LogD3D11RHI:     DedicatedVideoMemory : 519634944 bytes
[2026.04.26-22.30.33:501][  0]LogD3D11RHI:     DedicatedSystemMemory : 0 bytes
[2026.04.26-22.30.33:501][  0]LogD3D11RHI:     SharedSystemMemory : 8234760192 bytes
[2026.04.26-22.30.33:501][  0]LogD3D11RHI:     AdapterLuid : 0 45414
[2026.04.26-22.30.33:557][  0]LogD3D11RHI: Created device via AGS, feature level 11_0, supported extensions 1fffffbf.
[2026.04.26-22.30.33:557][  0]LogD3D11RHI: RHI has support for 64 bit atomics
[2026.04.26-22.30.33:557][  0]LogD3D11RHI: Async texture creation enabled
[2026.04.26-22.30.33:557][  0]LogD3D11RHI: Array index from any shader is supported
[2026.04.26-22.30.33:583][  0]LogD3D11RHI: GPU Timing Frequency: 100.000000 (Debug: 2 1)
[2026.04.26-22.30.33:998][  0]LogTargetPlatformManager: Display: Loaded TargetPlatform 'AllDesktop'
[2026.04.26-22.30.34:029][  0]LogTargetPlatformManager: Display: Loaded TargetPlatform 'Android'
[2026.04.26-22.30.34:029][  0]LogTargetPlatformManager: Display: Loaded TargetPlatform 'Android_ASTC'
[2026.04.26-22.30.34:029][  0]LogTargetPlatformManager: Display: Loaded TargetPlatform 'Android_DXT'
[2026.04.26-22.30.34:029][  0]LogTargetPlatformManager: Display: Loaded TargetPlatform 'Android_ETC2'
[2026.04.26-22.30.34:029][  0]LogTargetPlatformManager: Display: Loaded TargetPlatform 'AndroidClient'
[2026.04.26-22.30.34:029][  0]LogTargetPlatformManager: Display: Loaded TargetPlatform 'Android_ASTCClient'
[2026.04.26-22.30.34:029][  0]LogTargetPlatformManager: Display: Loaded TargetPlatform 'Android_DXTClient'
[2026.04.26-22.30.34:029][  0]LogTargetPlatformManager: Display: Loaded TargetPlatform 'Android_ETC2Client'
[2026.04.26-22.30.34:029][  0]LogTargetPlatformManager: Display: Loaded TargetPlatform 'Android_Multi'
[2026.04.26-22.30.34:029][  0]LogTargetPlatformManager: Display: Loaded TargetPlatform 'Android_MultiClient'
[2026.04.26-22.30.34:066][  0]LogTargetPlatformManager: Display: Loaded TargetPlatform 'IOSClient'
[2026.04.26-22.30.34:066][  0]LogTargetPlatformManager: Display: Loaded TargetPlatform 'IOS'
[2026.04.26-22.30.34:090][  0]LogTargetPlatformManager: Display: Loaded TargetPlatform 'Linux'
[2026.04.26-22.30.34:099][  0]LogTargetPlatformManager: Display: Loaded TargetPlatform 'LinuxNoEditor'
[2026.04.26-22.30.34:107][  0]LogTargetPlatformManager: Display: Loaded TargetPlatform 'LinuxClient'
[2026.04.26-22.30.34:117][  0]LogTargetPlatformManager: Display: Loaded TargetPlatform 'LinuxServer'
[2026.04.26-22.30.34:142][  0]LogTargetPlatformManager: Display: Loaded TargetPlatform 'LinuxAArch64NoEditor'
[2026.04.26-22.30.34:151][  0]LogTargetPlatformManager: Display: Loaded TargetPlatform 'LinuxAArch64Client'
[2026.04.26-22.30.34:162][  0]LogTargetPlatformManager: Display: Loaded TargetPlatform 'LinuxAArch64Server'
[2026.04.26-22.30.34:194][  0]LogTargetPlatformManager: Display: Loaded TargetPlatform 'Lumin'
[2026.04.26-22.30.34:194][  0]LogTargetPlatformManager: Display: Loaded TargetPlatform 'LuminClient'
[2026.04.26-22.30.34:212][  0]LogTargetPlatformManager: Display: Loaded TargetPlatform 'MacNoEditor'
[2026.04.26-22.30.34:220][  0]LogTargetPlatformManager: Display: Loaded TargetPlatform 'Mac'
[2026.04.26-22.30.34:230][  0]LogTargetPlatformManager: Display: Loaded TargetPlatform 'MacClient'
[2026.04.26-22.30.34:240][  0]LogTargetPlatformManager: Display: Loaded TargetPlatform 'MacServer'
[2026.04.26-22.30.34:254][  0]LogTargetPlatformManager: Display: Loaded TargetPlatform 'TVOSClient'
[2026.04.26-22.30.34:254][  0]LogTargetPlatformManager: Display: Loaded TargetPlatform 'TVOS'
[2026.04.26-22.30.34:268][  0]LogTargetPlatformManager: Display: Loaded TargetPlatform 'WindowsNoEditor'
[2026.04.26-22.30.34:280][  0]LogTargetPlatformManager: Display: Loaded TargetPlatform 'Windows'
[2026.04.26-22.30.34:292][  0]LogTargetPlatformManager: Display: Loaded TargetPlatform 'WindowsClient'
[2026.04.26-22.30.34:301][  0]LogTargetPlatformManager: Display: Loaded TargetPlatform 'WindowsServer'
[2026.04.26-22.30.34:302][  0]LogTargetPlatformManager: Display: Building Assets For Windows
[2026.04.26-22.30.34:323][  0]LogAudioDebug: Display: Lib vorbis DLL was dynamically loaded.
[2026.04.26-22.30.34:401][  0]LogTextureFormatOodle: Display: Oodle Texture 2.9.0 init RDO Off
[2026.04.26-22.30.34:481][  0]LogRendererCore: Ray tracing is disabled. Reason: r.RayTracing=0.
[2026.04.26-22.30.34:482][  0]LogShaderCompilers: Guid format shader working directory is -20 characters bigger than the processId version (../../../../../../Users/user/Documents/GitHub Unreal/Snake/Snake/Intermediate/Shaders/WorkingDirectory/33448/).
[2026.04.26-22.30.34:482][  0]LogShaderCompilers: Cleaned the shader compiler working directory 'C:/Users/user/AppData/Local/Temp/UnrealShaderWorkingDir/94F8ADE54606BEDC8D38BCBFBCCDEDA5/'.
[2026.04.26-22.30.34:482][  0]LogXGEController: Cannot use XGE Controller as Incredibuild is not installed on this machine.
[2026.04.26-22.30.34:482][  0]LogShaderCompilers: Cannot use XGE Shader Compiler as Incredibuild is not installed on this machine.
[2026.04.26-22.30.34:482][  0]LogShaderCompilers: Display: Using Local Shader Compiler.
[2026.04.26-22.30.38:539][  0]LogDerivedDataCache: Display: Max Cache Size: 512 MB
[2026.04.26-22.30.38:643][  0]LogDerivedDataCache: Loaded boot cache 0.10s 94MB C:/Users/user/AppData/Local/UnrealEngine/4.27/DerivedDataCache/Boot.ddc.
[2026.04.26-22.30.38:644][  0]LogDerivedDataCache: Display: Loaded Boot cache: C:/Users/user/AppData/Local/UnrealEngine/4.27/DerivedDataCache/Boot.ddc
[2026.04.26-22.30.38:644][  0]LogDerivedDataCache: FDerivedDataBackendGraph:  Pak pak cache file ../../../../../../Users/user/Documents/GitHub Unreal/Snake/Snake/DerivedDataCache/DDC.ddp not found, will not use a pak cache.
[2026.04.26-22.30.38:644][  0]LogDerivedDataCache: Unable to find inner node Pak for hierarchical cache Hierarchy.
[2026.04.26-22.30.38:644][  0]LogDerivedDataCache: FDerivedDataBackendGraph:  CompressedPak pak cache file ../../../../../../Users/user/Documents/GitHub Unreal/Snake/Snake/DerivedDataCache/Compressed.ddp not found, will not use a pak cache.
[2026.04.26-22.30.38:644][  0]LogDerivedDataCache: Unable to find inner node CompressedPak for hierarchical cache Hierarchy.
[2026.04.26-22.30.38:669][  0]LogDerivedDataCache: Display: Pak cache opened for reading ../../../Engine/DerivedDataCache/Compressed.ddp.
[2026.04.26-22.30.38:669][  0]LogDerivedDataCache: FDerivedDataBackendGraph:  EnterprisePak pak cache file ../../../Enterprise/DerivedDataCache/Compressed.ddp not found, will not use a pak cache.
[2026.04.26-22.30.38:669][  0]LogDerivedDataCache: Unable to find inner node EnterprisePak for hierarchical cache Hierarchy.
[2026.04.26-22.30.38:714][  0]LogDerivedDataCache: Speed tests for C:/Users/user/AppData/Local/UnrealEngine/Common/DerivedDataCache took 0.04 seconds
[2026.04.26-22.30.38:715][  0]LogDerivedDataCache: Display: Performance to C:/Users/user/AppData/Local/UnrealEngine/Common/DerivedDataCache: Latency=0.22ms. RandomReadSpeed=72.06MBs, RandomWriteSpeed=32.08MBs. Assigned SpeedClass 'Local'
[2026.04.26-22.30.38:723][  0]LogDerivedDataCache: Using Local data cache path C:/Users/user/AppData/Local/UnrealEngine/Common/DerivedDataCache: Writable
[2026.04.26-22.30.38:723][  0]LogDerivedDataCache: Shared data cache path not found in *engine.ini, will not use an Shared cache.
[2026.04.26-22.30.38:723][  0]LogDerivedDataCache: Unable to find inner node Shared for hierarchical cache Hierarchy.
[2026.04.26-22.30.38:787][  0]LogSlate: Using FreeType 2.10.0
[2026.04.26-22.30.38:792][  0]LogSlate: SlateFontServices - WITH_FREETYPE: 1, WITH_HARFBUZZ: 1
[2026.04.26-22.30.38:832][  0]LogAssetRegistry: FAssetRegistry took 0.0036 seconds to start up
[2026.04.26-22.30.39:128][  0]LogInit: Selected Device Profile: [Windows]
[2026.04.26-22.30.39:129][  0]LogInit: Active device profile: [00000140269F8700][000001400B11EAC0 49] Windows
[2026.04.26-22.30.39:129][  0]LogInit: Profiles: [00000140269F8700][000001400B11EAC0 49] Windows, [00000140269BB700][000001400B122C40 49] WindowsNoEditor, [00000140269FB300][000001400B126DC0 49] WindowsServer, [00000140269B8F00][000001400B12AF40 49] WindowsClient, [00000140269FB500][000001400B12F0C0 49] IOS, [00000140269ABF00][000001400B133240 49] iPadAir, [00000140269BBB00][000001400B1373C0 49] iPadAir2, [0000014026958500][000001400B13F680 49] IPadPro, [0000014026958600][000001400B13B6C0 49] iPadAir3, [00000140269A8100][000001400B143840 49] iPadAir4, [000001402695AC00][00000140253899C0 49] iPadMini2, [00000140269AA500][000001402538DB40 49] iPadMini3, [000001402695B400][0000014025390140 49] iPadMini4, [00000140269A8F00][00000140253942C0 49] iPadMini5, [000001402693FE00][000001402539C580 49] iPhone6, [000001402693FF00][00000140253985C0 49] iPodTouch6, [00000140269FB900][000001401E9B6840 49] iPhone7, [00000140269FA100][00000140253A0880 49] iPodTouch7, [000001402693C400][00000140253A49C0 49] iPhone5S, [000001402695BD00][00000140253A8B00 49] iPhone6Plus, [00000140269FB400][00000140253B0C80 49] iPhone6S, [000001402695A000][00000140253B4E00 49] iPhone6SPlus, [00000140269F8900][00000140253B8F80 49] iPhone7Plus, [0000014026958E00][00000140253BD100 49] iPhoneSE, [00000140269F8200][00000140253C1280 49] iPhone8, [000001402695A400][00000140253C5400 49] iPhone8Plus, [00000140269F9E00][00000140253C9580 49] iPhoneX, [000001402695BE00][00000140253CD700 49] iPhoneXS, [00000140269F9600][00000140253D1880 49] iPhoneXSMax, [000001402695A500][00000140253D5A00 49] iPhoneXR, [00000140269FAA00][00000140253D9B80 49] iPhone11, [000001402695BA00][00000140253DC180 49] iPhone11Pro, [00000140269F8F00][00000140265AE300 49] iPhone11ProMax, [000001402695A300][00000140265B2480 49] iPhoneSE2, [00000140269FA700][00000140265B6600 49] iPhone12Mini, [0000014026958700][00000140265BA780 49] iPhone12, [00000140269FB100][00000140265BE900 49] iPhone12Pro, [000001402695B500][00000140253ACA40 49] iPhone12ProMax, [00000140269F8800][00000140265C2B80 49] iPadPro105, [0000014026959C00][00000140265C6CC0 49] iPadPro129, [00000140269F8300][00000140265CEE40 49] iPadPro97, [0000014026959D00][00000140265D2FC0 49] iPadPro2_129, [00000140269F8C00][00000140265D7140 49] iPad5, [000001402695B000][00000140265DB2C0 49] iPad6, [00000140269FAC00][00000140265DF440 49] iPad7, [000001402695AE00][00000140265E35C0 49] iPad8, [00000140269F9800][00000140265E7740 49] iPadPro11, [0000014026959B00][00000140265EB8C0 49] iPadPro2_11, [00000140269F9500][00000140265EFA40 49] iPadPro3_129, [000001402695A700][00000140265F3BC0 49] iPadPro4_129, [00000140269F8100][00000140265F61C0 49] AppleTV, [000001402695AB00][00000140265FA340 49] AppleTV4K, [00000140269F9B00][00000140265FE4C0 49] TVOS, [0000014026958900][0000014026602640 49] Mac, [00000140269F9700][000001402660A7C0 49] MacClient, [000001402695AF00][000001402663E940 49] MacNoEditor, [00000140269F8D00][0000014026676AC0 49] MacServer, [0000014026958300][00000140265CAC00 49] Linux, [00000140269FAE00][0000014026702D40 49] LinuxAArch64, [0000014026959500][0000014026762E80 49] LinuxNoEditor, [00000140269FA400][0000014026766FC0 49] LinuxAArch64NoEditor, [0000014026958200][000001402676F140 49] LinuxClient, [00000140269FAD00][00000140267732C0 49] LinuxAArch64Client, [0000014026958C00][0000014026777440 49] LinuxServer, [00000140269F8400][000001402677B5C0 49] LinuxAArch64Server, [0000014026959000][000001402677F740 49] Android, [00000140269AB900][00000140267838C0 49] Android_Low, [000001402693DB00][0000014026787A40 49] Android_Mid, [00000140269AB000][000001402678BBC0 49] Android_High, [000001402693E300][000001402678E1C0 49] Android_Default, [00000140269AA000][0000014026792340 49] Android_Adreno4xx, [000001402693C100][00000140267964C0 49] Android_Adreno5xx_Low, [00000140269A8B00][000001402679A640 49] Android_Adreno5xx, [000001402693D800][000001402679E7C0 49] Android_Adreno6xx, [00000140269A9100][00000140267A2940 49] Android_Adreno6xx_Vulkan, [000001402693C800][00000140267A6AC0 49] Android_Mali_T6xx, [00000140269AB600][00000140267AAC40 49] Android_Mali_T7xx, [000001402693CD00][000001402676AD80 49] Android_Mali_T8xx, [00000140269ABC00][00000140267AEEC0 49] Android_Mali_G71, [000001402693D500][00000140267B3000 49] Android_Mali_G72, [00000140269ABE00][00000140267B7140 49] Android_Mali_G72_Vulkan, [000001402693FD00][00000140267BF2C0 49] Android_Mali_G76, [00000140269ABA00][00000140267C3440 49] Android_Mali_G76_Vulkan, [000001402693F600][00000140267C75C0 49] Android_Mali_G77, [00000140269AA200][00000140267CB740 49] Android_Mali_G77_Vulkan, [000001402693D200][00000140267CF8C0 49] Android_Mali_G78, [00000140269A8A00][00000140267D3A40 49] Android_Mali_G78_Vulkan, [000001402693F000][00000140267D7BC0 49] Android_Mali_G710, [00000140269A9400][00000140267DA1C0 49] Android_Mali_G710_Vulkan, [000001402693C700][00000140267DE340 49] Android_Vulkan_SM5, [00000140269A9800][00000140267E24C0 49] Android_PowerVR_G6xxx, [000001402693CE00][00000140267E6640 49] Android_PowerVR_GT7xxx, [00000140269A8200][00000140267EA7C0 49] Android_PowerVR_GE8xxx, [000001402693C600][0000014027800940 49] Android_PowerVR_GM9xxx, [00000140269AA600][0000014027804AC0 49] Android_PowerVR_GM9xxx_Vulkan, [0000014026958F00][0000014027808C40 49] Android_TegraK1, [00000140269AAA00][000001402780CDC0 49] Android_Unknown_Vulkan, [0000014026958D00][0000014027810F40 49] Lumin, [00000140269A9200][00000140267BB080 49] Lumin_Desktop, [0000014026958B00][00000140278151C0 49] HoloLens, 
[2026.04.26-22.30.39:344][  0]LogMeshReduction: Using QuadricMeshReduction for automatic static mesh reduction
[2026.04.26-22.30.39:344][  0]LogMeshReduction: Using SimplygonMeshReduction for automatic skeletal mesh reduction
[2026.04.26-22.30.39:344][  0]LogMeshReduction: Using ProxyLODMeshReduction for automatic mesh merging
[2026.04.26-22.30.39:344][  0]LogMeshReduction: No distributed automatic mesh merging module available
[2026.04.26-22.30.39:344][  0]LogMeshMerging: No distributed automatic mesh merging module available
[2026.04.26-22.30.39:461][  0]LogNetVersion: Snake 1.0.0, NetCL: 17155196, EngineNetVer: 17, GameNetVer: 0 (Checksum: 56763789)
[2026.04.26-22.30.40:087][  0]LogTexture: Default maximum texture size for cubemaps generated from long-lat sources has been changed from 512 to unlimited. In order to preserve old behaiour for '/Engine/MapTemplates/Sky/DaylightAmbientCubemap.DaylightAmbientCubemap', its maximum texture size has been explicitly set to 512.
[2026.04.26-22.30.40:157][  0]LogHMD: PokeAHoleMaterial loaded successfully
[2026.04.26-22.30.40:165][  0]LogUObjectArray: 17178 objects as part of root set at end of initial load.
[2026.04.26-22.30.40:165][  0]LogUObjectAllocator: 4302048 out of 0 bytes used by permanent object pool.
[2026.04.26-22.30.40:165][  0]LogUObjectArray: CloseDisregardForGC: 0/0 objects in disregard for GC pool
[2026.04.26-22.30.40:959][  0]LogNiagaraDebuggerClient: Niagara Debugger Client Initialized | Session: 05D0F91E40FA9D65832242B5CCE34262 | Instance: 19A9670A41025B7E95B53AAF360D40C5 (WIN-F0BR1M2G8QI-33448).
[2026.04.26-22.30.41:032][  0]LogPython: Using Python 3.7.7
[2026.04.26-22.30.41:613][  0]LogTcpMessaging: Initializing TcpMessaging bridge
[2026.04.26-22.30.41:622][  0]LogUdpMessaging: Initializing bridge on interface 0.0.0.0:0 to multicast group 230.0.0.1:6666.
[2026.04.26-22.30.42:077][  0]SourceControl: Source control is disabled
[2026.04.26-22.30.42:077][  0]SourceControl: Source control is disabled
[2026.04.26-22.30.42:086][  0]SourceControl: Source control is disabled
[2026.04.26-22.30.42:096][  0]SourceControl: Source control is disabled
[2026.04.26-22.30.42:124][  0]SourceControl: Source control is disabled
[2026.04.26-22.30.42:142][  0]LogUProjectInfo: Found projects:
[2026.04.26-22.30.42:624][  0]LogOpenImageDenoise: OIDN starting up
[2026.04.26-22.30.42:729][  0]LogAndroidPermission: UAndroidPermissionCallbackProxy::GetInstance
[2026.04.26-22.30.42:782][  0]LogAudioCaptureCore: Display: No Audio Capture implementations found. Audio input will be silent.
[2026.04.26-22.30.42:782][  0]LogAudioCaptureCore: Display: No Audio Capture implementations found. Audio input will be silent.
[2026.04.26-22.30.43:034][  0]LogCollectionManager: Loaded 0 collections in 0.001684 seconds
[2026.04.26-22.30.43:082][  0]LogFileCache: Scanning file cache for directory 'C:/Users/user/Documents/GitHub Unreal/Snake/Snake/Saved/Collections/' took 0.00s
[2026.04.26-22.30.43:082][  0]LogFileCache: Scanning file cache for directory 'C:/Users/user/Documents/GitHub Unreal/Snake/Snake/Content/Developers/user/Collections/' took 0.00s
[2026.04.26-22.30.43:082][  0]LogFileCache: Scanning file cache for directory 'C:/Users/user/Documents/GitHub Unreal/Snake/Snake/Content/Collections/' took 0.00s
[2026.04.26-22.30.43:082][  0]LogOcInput: OculusInput pre-init called
[2026.04.26-22.30.43:374][  0]LogEngine: Initializing Engine...
[2026.04.26-22.30.43:379][  0]LogHMD: Failed to enumerate extensions. Please check that you have a valid OpenXR runtime installed.
[2026.04.26-22.30.43:379][  0]LogHMD: Failed to initialize OpenVR with code 110
[2026.04.26-22.30.43:379][  0]LogMagicLeap: Warning: VR disabled because ZI is not enabled.  To enable, in the editor, Edit -> Project Settings -> Plugins -> Magic Leap Plugin -> Enable Zero Iteration
[2026.04.26-22.30.43:379][  0]LogStats: UGameplayTagsManager::InitializeManager -  0.000 s
[2026.04.26-22.30.43:564][  0]LogInit: Initializing FReadOnlyCVARCache
[2026.04.26-22.30.43:582][  0]LogAIModule: Creating AISystem for world Untitled
[2026.04.26-22.30.43:583][  0]LogAudio: Display: Initializing Audio Device Manager...
[2026.04.26-22.30.43:590][  0]LogAudio: Display: Loading Default Audio Settings Objects...
[2026.04.26-22.30.43:592][  0]LogAudio: Display: No default SoundConcurrencyObject specified (or failed to load).
[2026.04.26-22.30.43:593][  0]LogAudio: Display: Audio Device Manager Initialized
[2026.04.26-22.30.43:593][  0]LogAudio: Display: Creating Audio Device:                 Id: 1, Scope: Shared, Realtime: True
[2026.04.26-22.30.43:593][  0]LogAudioMixer: Display: Audio Mixer Platform Settings:
[2026.04.26-22.30.43:593][  0]LogAudioMixer: Display: 	Sample Rate:						  48000
[2026.04.26-22.30.43:593][  0]LogAudioMixer: Display: 	Callback Buffer Frame Size Requested: 1024
[2026.04.26-22.30.43:593][  0]LogAudioMixer: Display: 	Callback Buffer Frame Size To Use:	  1024
[2026.04.26-22.30.43:593][  0]LogAudioMixer: Display: 	Number of buffers to queue:			  2
[2026.04.26-22.30.43:593][  0]LogAudioMixer: Display: 	Max Channels (voices):				  32
[2026.04.26-22.30.43:593][  0]LogAudioMixer: Display: 	Number of Async Source Workers:		  0
[2026.04.26-22.30.43:593][  0]LogAudio: Display: AudioDevice MaxSources: 32
[2026.04.26-22.30.43:593][  0]LogAudio: Display: Audio Spatialization Plugin: None (built-in).
[2026.04.26-22.30.43:593][  0]LogAudio: Display: Audio Reverb Plugin: None (built-in).
[2026.04.26-22.30.43:593][  0]LogAudio: Display: Audio Occlusion Plugin: None (built-in).
[2026.04.26-22.30.43:593][  0]LogAudioMixer: Display: Initializing audio mixer.
[2026.04.26-22.30.43:665][  0]LogAudioMixer: Display: 0: FrontLeft
[2026.04.26-22.30.43:665][  0]LogAudioMixer: Display: 1: FrontRight
[2026.04.26-22.30.43:724][  0]LogAudioMixer: Display: Using Audio Device Динамики (Senary Audio)
[2026.04.26-22.30.43:727][  0]LogAudioMixer: Display: Initializing Sound Submixes...
[2026.04.26-22.30.43:733][  0]LogAudioMixer: Display: Creating Master Submix 'MasterSubmixDefault'
[2026.04.26-22.30.43:733][  0]LogAudioMixer: Display: Creating Master Submix 'MasterReverbSubmixDefault'
[2026.04.26-22.30.43:733][  0]LogAudioMixer: Display: Creating Master Submix 'MasterEQSubmixDefault'
[2026.04.26-22.30.43:734][  0]LogAudioMixer: FMixerPlatformXAudio2::StartAudioStream() called
[2026.04.26-22.30.43:734][  0]LogAudioMixer: Display: Output buffers initialized: Frames=1024, Channels=2, Samples=2048
[2026.04.26-22.30.43:735][  0]LogAudioMixer: Display: Starting AudioMixerPlatformInterface::RunInternal()
[2026.04.26-22.30.43:735][  0]LogAudioMixer: Display: FMixerPlatformXAudio2::SubmitBuffer() called for the first time
[2026.04.26-22.30.43:735][  0]LogInit: FAudioDevice initialized.
[2026.04.26-22.30.43:735][  0]LogAudio: Display: Audio Device (ID: 1) registered with world 'Untitled'.
[2026.04.26-22.30.43:735][  0]LogNetVersion: Set ProjectVersion to 1.0.0.0. Version Checksum will be recalculated on next use.
[2026.04.26-22.30.43:814][  0]LogDerivedDataCache: Saved boot cache 0.08s 94MB C:/Users/user/AppData/Local/UnrealEngine/4.27/DerivedDataCache/Boot.ddc.
[2026.04.26-22.30.43:815][  0]LogInit: Texture streaming: Enabled
[2026.04.26-22.30.43:844][  0]LogAnalytics: Display: [UEEditor.Rocket.Release] APIServer = https://datarouter.ol.epicgames.com/. AppVersion = 4.27.2-18319896+++UE4+Release-4.27
[2026.04.26-22.30.43:853][  0]LogEngineSessionManager: EngineSessionManager initialized
[2026.04.26-22.30.43:853][  0]LogEditorSessionSummary: Verbose: Initializing EditorSessionSummaryWriter for editor session tracking
[2026.04.26-22.30.43:858][  0]LogEditorSessionSummary: EditorSessionSummaryWriter initialized
[2026.04.26-22.30.43:908][  0]LogInit: Transaction tracking system initialized
[2026.04.26-22.30.43:964][  0]BlueprintLog: New page: Editor Load
[2026.04.26-22.30.44:108][  0]LocalizationService: Localization service is disabled
[2026.04.26-22.30.44:164][  0]TimingProfiler: Initialize
[2026.04.26-22.30.44:165][  0]TimingProfiler: OnSessionChanged
[2026.04.26-22.30.44:165][  0]LoadingProfiler: Initialize
[2026.04.26-22.30.44:165][  0]LoadingProfiler: OnSessionChanged
[2026.04.26-22.30.44:165][  0]NetworkingProfiler: Initialize
[2026.04.26-22.30.44:165][  0]NetworkingProfiler: OnSessionChanged
[2026.04.26-22.30.44:165][  0]MemoryProfiler: Initialize
[2026.04.26-22.30.44:165][  0]MemoryProfiler: OnSessionChanged
[2026.04.26-22.30.44:418][  0]LogCook: Display: CookSettings for Memory: MemoryMaxUsedVirtual 0MiB, MemoryMaxUsedPhysical 16384MiB, MemoryMinFreeVirtual 0MiB, MemoryMinFreePhysical 1024MiB
[2026.04.26-22.30.44:418][  0]LogCook: Display: Mobile HDR setting 1
[2026.04.26-22.30.44:783][  0]LogFileCache: Scanning file cache for directory 'C:/Users/user/Documents/GitHub Unreal/Snake/Snake/Content/' took 0.00s
[2026.04.26-22.30.44:971][  0]LogInit: Display: Engine is initialized. Leaving FEngineLoop::Init()
[2026.04.26-22.30.44:978][  0]SourceControl: Source control is disabled
[2026.04.26-22.30.44:978][  0]LogUnrealEdMisc: Loading editor; pre map load, took 20.566
[2026.04.26-22.30.44:978][  0]Cmd: MAP LOAD FILE="../../../Engine/Content/Maps/Templates/Template_Default.umap" TEMPLATE=1 SHOWPROGRESS=1 FEATURELEVEL=3
[2026.04.26-22.30.44:979][  0]LightingResults: New page: Lighting Build
[2026.04.26-22.30.44:980][  0]LogWorld: UWorld::CleanupWorld for Untitled, bSessionEnded=true, bCleanupResources=true
[2026.04.26-22.30.44:981][  0]LogSlate: InvalidateAllWidgets triggered.  All widgets were invalidated
[2026.04.26-22.30.44:981][  0]MapCheck: New page: Map Check
[2026.04.26-22.30.44:981][  0]LightingResults: New page: Lighting Build
[2026.04.26-22.30.44:985][  0]LogAudio: Display: Audio Device unregistered from world 'None'.
[2026.04.26-22.30.44:989][  0]LogUObjectHash: Compacting FUObjectHashTables data took   0.99ms
[2026.04.26-22.30.45:060][  0]LogTexture: Display: Building textures: DeprecatedTextureEB9CBE3C423008B5E8E130901E171C89 (BGRA8, 128X128)
[2026.04.26-22.30.45:073][  0]LogAudio: Display: Audio Device (ID: 1) registered with world 'Untitled_1'.
[2026.04.26-22.30.45:074][  0]LogAIModule: Creating AISystem for world Untitled_1
[2026.04.26-22.30.45:079][  0]LogEditorServer: Finished looking for orphan Actors (0.000 secs)
[2026.04.26-22.30.45:095][  0]LogUObjectHash: Compacting FUObjectHashTables data took   0.85ms
[2026.04.26-22.30.45:095][  0]Cmd: MAP CHECKDEP NOCLEARLOG
[2026.04.26-22.30.45:096][  0]MapCheck: Map check complete: 0 Error(s), 0 Warning(s), took 0,183ms to complete.
[2026.04.26-22.30.45:096][  0]LogFileHelpers: Loading map 'Template_Default' took 0.118
[2026.04.26-22.30.45:098][  0]LogUnrealEdMisc: Total Editor Startup Time, took 20.687
[2026.04.26-22.30.45:244][  0]LogSlate: Updating window title bar state: overlay mode, drag disabled, window buttons hidden, title bar hidden
[2026.04.26-22.30.45:250][  0]LogSlate: Updating window title bar state: overlay mode, drag disabled, window buttons hidden, title bar hidden
[2026.04.26-22.30.45:256][  0]LogSlate: Updating window title bar state: overlay mode, drag disabled, window buttons hidden, title bar hidden
[2026.04.26-22.30.45:261][  0]LogSlate: Updating window title bar state: overlay mode, drag disabled, window buttons hidden, title bar hidden
[2026.04.26-22.30.45:279][  0]LogNativeClassHierarchy: Verbose: Native class hierarchy populated in 0.0098 seconds. Added 3824 classes and 930 folders.
[2026.04.26-22.30.45:297][  0]LogNativeClassHierarchy: Verbose: Native class hierarchy updated for 'WidgetCarousel' in 0.0004 seconds. Added 0 classes and 0 folders.
[2026.04.26-22.30.45:301][  0]LogPakFile: PakFile PrimaryIndexSize=187
[2026.04.26-22.30.45:301][  0]LogPakFile: PakFile PathHashIndexSize=101
[2026.04.26-22.30.45:301][  0]LogPakFile: PakFile FullDirectoryIndexSize=148
[2026.04.26-22.30.45:301][  0]LogShaderLibrary: Display: ShaderCodeLibraryPakFileMountedCallback: PakFile 'C:/Program Files/Epic Games/UE_4.27/FeaturePacks/FP_FirstPerson.upack' (chunk index -1, root 'root:/') mounted
[2026.04.26-22.30.45:301][  0]LogShaderLibrary: Display: ShaderCodeLibraryPakFileMountedCallback: pending pak file info (ChunkID:-1 Root:root:/ File:C:/Program Files/Epic Games/UE_4.27/FeaturePacks/FP_FirstPerson.upack)
[2026.04.26-22.30.45:301][  0]LogPakFile: OnPakFileMounted2Time == 0.000056
[2026.04.26-22.30.45:304][  0]LogPakFile: PakFile PrimaryIndexSize=189
[2026.04.26-22.30.45:304][  0]LogPakFile: PakFile PathHashIndexSize=101
[2026.04.26-22.30.45:304][  0]LogPakFile: PakFile FullDirectoryIndexSize=152
[2026.04.26-22.30.45:304][  0]LogShaderLibrary: Display: ShaderCodeLibraryPakFileMountedCallback: PakFile 'C:/Program Files/Epic Games/UE_4.27/FeaturePacks/FP_FirstPersonBP.upack' (chunk index -1, root 'root:/') mounted
[2026.04.26-22.30.45:304][  0]LogShaderLibrary: Display: ShaderCodeLibraryPakFileMountedCallback: pending pak file info (ChunkID:-1 Root:root:/ File:C:/Program Files/Epic Games/UE_4.27/FeaturePacks/FP_FirstPersonBP.upack)
[2026.04.26-22.30.45:304][  0]LogPakFile: OnPakFileMounted2Time == 0.000086
[2026.04.26-22.30.45:306][  0]LogPakFile: PakFile PrimaryIndexSize=191
[2026.04.26-22.30.45:306][  0]LogPakFile: PakFile PathHashIndexSize=101
[2026.04.26-22.30.45:306][  0]LogPakFile: PakFile FullDirectoryIndexSize=160
[2026.04.26-22.30.45:306][  0]LogShaderLibrary: Display: ShaderCodeLibraryPakFileMountedCallback: PakFile 'C:/Program Files/Epic Games/UE_4.27/FeaturePacks/MobileStarterContent.upack' (chunk index -1, root 'root:/') mounted
[2026.04.26-22.30.45:306][  0]LogShaderLibrary: Display: ShaderCodeLibraryPakFileMountedCallback: pending pak file info (ChunkID:-1 Root:root:/ File:C:/Program Files/Epic Games/UE_4.27/FeaturePacks/MobileStarterContent.upack)
[2026.04.26-22.30.45:306][  0]LogPakFile: OnPakFileMounted2Time == 0.000037
[2026.04.26-22.30.45:309][  0]LogPakFile: PakFile PrimaryIndexSize=185
[2026.04.26-22.30.45:309][  0]LogPakFile: PakFile PathHashIndexSize=101
[2026.04.26-22.30.45:309][  0]LogPakFile: PakFile FullDirectoryIndexSize=148
[2026.04.26-22.30.45:309][  0]LogShaderLibrary: Display: ShaderCodeLibraryPakFileMountedCallback: PakFile 'C:/Program Files/Epic Games/UE_4.27/FeaturePacks/StarterContent.upack' (chunk index -1, root 'root:/') mounted
[2026.04.26-22.30.45:309][  0]LogShaderLibrary: Display: ShaderCodeLibraryPakFileMountedCallback: pending pak file info (ChunkID:-1 Root:root:/ File:C:/Program Files/Epic Games/UE_4.27/FeaturePacks/StarterContent.upack)
[2026.04.26-22.30.45:309][  0]LogPakFile: OnPakFileMounted2Time == 0.000036
[2026.04.26-22.30.45:311][  0]LogPakFile: PakFile PrimaryIndexSize=190
[2026.04.26-22.30.45:311][  0]LogPakFile: PakFile PathHashIndexSize=101
[2026.04.26-22.30.45:311][  0]LogPakFile: PakFile FullDirectoryIndexSize=154
[2026.04.26-22.30.45:311][  0]LogShaderLibrary: Display: ShaderCodeLibraryPakFileMountedCallback: PakFile 'C:/Program Files/Epic Games/UE_4.27/FeaturePacks/TP_2DSideScroller.upack' (chunk index -1, root 'root:/') mounted
[2026.04.26-22.30.45:311][  0]LogShaderLibrary: Display: ShaderCodeLibraryPakFileMountedCallback: pending pak file info (ChunkID:-1 Root:root:/ File:C:/Program Files/Epic Games/UE_4.27/FeaturePacks/TP_2DSideScroller.upack)
[2026.04.26-22.30.45:311][  0]LogPakFile: OnPakFileMounted2Time == 0.000078
[2026.04.26-22.30.45:314][  0]LogPakFile: PakFile PrimaryIndexSize=192
[2026.04.26-22.30.45:314][  0]LogPakFile: PakFile PathHashIndexSize=101
[2026.04.26-22.30.45:314][  0]LogPakFile: PakFile FullDirectoryIndexSize=158
[2026.04.26-22.30.45:314][  0]LogShaderLibrary: Display: ShaderCodeLibraryPakFileMountedCallback: PakFile 'C:/Program Files/Epic Games/UE_4.27/FeaturePacks/TP_2DSideScrollerBP.upack' (chunk index -1, root 'root:/') mounted
[2026.04.26-22.30.45:314][  0]LogShaderLibrary: Display: ShaderCodeLibraryPakFileMountedCallback: pending pak file info (ChunkID:-1 Root:root:/ File:C:/Program Files/Epic Games/UE_4.27/FeaturePacks/TP_2DSideScrollerBP.upack)
[2026.04.26-22.30.45:314][  0]LogPakFile: OnPakFileMounted2Time == 0.000037
[2026.04.26-22.30.45:317][  0]LogPakFile: PakFile PrimaryIndexSize=182
[2026.04.26-22.30.45:317][  0]LogPakFile: PakFile PathHashIndexSize=101
[2026.04.26-22.30.45:317][  0]LogPakFile: PakFile FullDirectoryIndexSize=138
[2026.04.26-22.30.45:317][  0]LogShaderLibrary: Display: ShaderCodeLibraryPakFileMountedCallback: PakFile 'C:/Program Files/Epic Games/UE_4.27/FeaturePacks/TP_Flying.upack' (chunk index -1, root 'root:/') mounted
[2026.04.26-22.30.45:317][  0]LogShaderLibrary: Display: ShaderCodeLibraryPakFileMountedCallback: pending pak file info (ChunkID:-1 Root:root:/ File:C:/Program Files/Epic Games/UE_4.27/FeaturePacks/TP_Flying.upack)
[2026.04.26-22.30.45:317][  0]LogPakFile: OnPakFileMounted2Time == 0.000075
[2026.04.26-22.30.45:319][  0]LogPakFile: PakFile PrimaryIndexSize=184
[2026.04.26-22.30.45:319][  0]LogPakFile: PakFile PathHashIndexSize=101
[2026.04.26-22.30.45:319][  0]LogPakFile: PakFile FullDirectoryIndexSize=142
[2026.04.26-22.30.45:319][  0]LogShaderLibrary: Display: ShaderCodeLibraryPakFileMountedCallback: PakFile 'C:/Program Files/Epic Games/UE_4.27/FeaturePacks/TP_FlyingBP.upack' (chunk index -1, root 'root:/') mounted
[2026.04.26-22.30.45:319][  0]LogShaderLibrary: Display: ShaderCodeLibraryPakFileMountedCallback: pending pak file info (ChunkID:-1 Root:root:/ File:C:/Program Files/Epic Games/UE_4.27/FeaturePacks/TP_FlyingBP.upack)
[2026.04.26-22.30.45:319][  0]LogPakFile: OnPakFileMounted2Time == 0.000068
[2026.04.26-22.30.45:322][  0]LogPakFile: PakFile PrimaryIndexSize=188
[2026.04.26-22.30.45:322][  0]LogPakFile: PakFile PathHashIndexSize=101
[2026.04.26-22.30.45:322][  0]LogPakFile: PakFile FullDirectoryIndexSize=150
[2026.04.26-22.30.45:322][  0]LogShaderLibrary: Display: ShaderCodeLibraryPakFileMountedCallback: PakFile 'C:/Program Files/Epic Games/UE_4.27/FeaturePacks/TP_HandheldARBP.upack' (chunk index -1, root 'root:/') mounted
[2026.04.26-22.30.45:322][  0]LogShaderLibrary: Display: ShaderCodeLibraryPakFileMountedCallback: pending pak file info (ChunkID:-1 Root:root:/ File:C:/Program Files/Epic Games/UE_4.27/FeaturePacks/TP_HandheldARBP.upack)
[2026.04.26-22.30.45:322][  0]LogPakFile: OnPakFileMounted2Time == 0.000070
[2026.04.26-22.30.45:324][  0]LogPakFile: PakFile PrimaryIndexSize=182
[2026.04.26-22.30.45:324][  0]LogPakFile: PakFile PathHashIndexSize=101
[2026.04.26-22.30.45:324][  0]LogPakFile: PakFile FullDirectoryIndexSize=138
[2026.04.26-22.30.45:324][  0]LogShaderLibrary: Display: ShaderCodeLibraryPakFileMountedCallback: PakFile 'C:/Program Files/Epic Games/UE_4.27/FeaturePacks/TP_Puzzle.upack' (chunk index -1, root 'root:/') mounted
[2026.04.26-22.30.45:324][  0]LogShaderLibrary: Display: ShaderCodeLibraryPakFileMountedCallback: pending pak file info (ChunkID:-1 Root:root:/ File:C:/Program Files/Epic Games/UE_4.27/FeaturePacks/TP_Puzzle.upack)
[2026.04.26-22.30.45:324][  0]LogPakFile: OnPakFileMounted2Time == 0.000038
[2026.04.26-22.30.45:327][  0]LogPakFile: PakFile PrimaryIndexSize=184
[2026.04.26-22.30.45:327][  0]LogPakFile: PakFile PathHashIndexSize=101
[2026.04.26-22.30.45:327][  0]LogPakFile: PakFile FullDirectoryIndexSize=142
[2026.04.26-22.30.45:327][  0]LogShaderLibrary: Display: ShaderCodeLibraryPakFileMountedCallback: PakFile 'C:/Program Files/Epic Games/UE_4.27/FeaturePacks/TP_PuzzleBP.upack' (chunk index -1, root 'root:/') mounted
[2026.04.26-22.30.45:327][  0]LogShaderLibrary: Display: ShaderCodeLibraryPakFileMountedCallback: pending pak file info (ChunkID:-1 Root:root:/ File:C:/Program Files/Epic Games/UE_4.27/FeaturePacks/TP_PuzzleBP.upack)
[2026.04.26-22.30.45:327][  0]LogPakFile: OnPakFileMounted2Time == 0.000031
[2026.04.26-22.30.45:328][  0]LogPakFile: PakFile PrimaryIndexSize=183
[2026.04.26-22.30.45:328][  0]LogPakFile: PakFile PathHashIndexSize=101
[2026.04.26-22.30.45:328][  0]LogPakFile: PakFile FullDirectoryIndexSize=140
[2026.04.26-22.30.45:328][  0]LogShaderLibrary: Display: ShaderCodeLibraryPakFileMountedCallback: PakFile 'C:/Program Files/Epic Games/UE_4.27/FeaturePacks/TP_Rolling.upack' (chunk index -1, root 'root:/') mounted
[2026.04.26-22.30.45:328][  0]LogShaderLibrary: Display: ShaderCodeLibraryPakFileMountedCallback: pending pak file info (ChunkID:-1 Root:root:/ File:C:/Program Files/Epic Games/UE_4.27/FeaturePacks/TP_Rolling.upack)
[2026.04.26-22.30.45:328][  0]LogPakFile: OnPakFileMounted2Time == 0.000038
[2026.04.26-22.30.45:330][  0]LogPakFile: PakFile PrimaryIndexSize=185
[2026.04.26-22.30.45:330][  0]LogPakFile: PakFile PathHashIndexSize=101
[2026.04.26-22.30.45:330][  0]LogPakFile: PakFile FullDirectoryIndexSize=144
[2026.04.26-22.30.45:330][  0]LogShaderLibrary: Display: ShaderCodeLibraryPakFileMountedCallback: PakFile 'C:/Program Files/Epic Games/UE_4.27/FeaturePacks/TP_RollingBP.upack' (chunk index -1, root 'root:/') mounted
[2026.04.26-22.30.45:330][  0]LogShaderLibrary: Display: ShaderCodeLibraryPakFileMountedCallback: pending pak file info (ChunkID:-1 Root:root:/ File:C:/Program Files/Epic Games/UE_4.27/FeaturePacks/TP_RollingBP.upack)
[2026.04.26-22.30.45:330][  0]LogPakFile: OnPakFileMounted2Time == 0.000071
[2026.04.26-22.30.45:333][  0]LogPakFile: PakFile PrimaryIndexSize=188
[2026.04.26-22.30.45:333][  0]LogPakFile: PakFile PathHashIndexSize=101
[2026.04.26-22.30.45:333][  0]LogPakFile: PakFile FullDirectoryIndexSize=150
[2026.04.26-22.30.45:333][  0]LogShaderLibrary: Display: ShaderCodeLibraryPakFileMountedCallback: PakFile 'C:/Program Files/Epic Games/UE_4.27/FeaturePacks/TP_SideScroller.upack' (chunk index -1, root 'root:/') mounted
[2026.04.26-22.30.45:333][  0]LogShaderLibrary: Display: ShaderCodeLibraryPakFileMountedCallback: pending pak file info (ChunkID:-1 Root:root:/ File:C:/Program Files/Epic Games/UE_4.27/FeaturePacks/TP_SideScroller.upack)
[2026.04.26-22.30.45:333][  0]LogPakFile: OnPakFileMounted2Time == 0.000064
[2026.04.26-22.30.45:334][  0]LogPakFile: PakFile PrimaryIndexSize=190
[2026.04.26-22.30.45:334][  0]LogPakFile: PakFile PathHashIndexSize=101
[2026.04.26-22.30.45:334][  0]LogPakFile: PakFile FullDirectoryIndexSize=154
[2026.04.26-22.30.45:334][  0]LogShaderLibrary: Display: ShaderCodeLibraryPakFileMountedCallback: PakFile 'C:/Program Files/Epic Games/UE_4.27/FeaturePacks/TP_SideScrollerBP.upack' (chunk index -1, root 'root:/') mounted
[2026.04.26-22.30.45:334][  0]LogShaderLibrary: Display: ShaderCodeLibraryPakFileMountedCallback: pending pak file info (ChunkID:-1 Root:root:/ File:C:/Program Files/Epic Games/UE_4.27/FeaturePacks/TP_SideScrollerBP.upack)
[2026.04.26-22.30.45:335][  0]LogPakFile: OnPakFileMounted2Time == 0.000033
[2026.04.26-22.30.45:336][  0]LogPakFile: PakFile PrimaryIndexSize=187
[2026.04.26-22.30.45:336][  0]LogPakFile: PakFile PathHashIndexSize=101
[2026.04.26-22.30.45:337][  0]LogPakFile: PakFile FullDirectoryIndexSize=148
[2026.04.26-22.30.45:337][  0]LogShaderLibrary: Display: ShaderCodeLibraryPakFileMountedCallback: PakFile 'C:/Program Files/Epic Games/UE_4.27/FeaturePacks/TP_ThirdPerson.upack' (chunk index -1, root 'root:/') mounted
[2026.04.26-22.30.45:337][  0]LogShaderLibrary: Display: ShaderCodeLibraryPakFileMountedCallback: pending pak file info (ChunkID:-1 Root:root:/ File:C:/Program Files/Epic Games/UE_4.27/FeaturePacks/TP_ThirdPerson.upack)
[2026.04.26-22.30.45:337][  0]LogPakFile: OnPakFileMounted2Time == 0.000047
[2026.04.26-22.30.45:339][  0]LogPakFile: PakFile PrimaryIndexSize=189
[2026.04.26-22.30.45:339][  0]LogPakFile: PakFile PathHashIndexSize=101
[2026.04.26-22.30.45:339][  0]LogPakFile: PakFile FullDirectoryIndexSize=152
[2026.04.26-22.30.45:339][  0]LogShaderLibrary: Display: ShaderCodeLibraryPakFileMountedCallback: PakFile 'C:/Program Files/Epic Games/UE_4.27/FeaturePacks/TP_ThirdPersonBP.upack' (chunk index -1, root 'root:/') mounted
[2026.04.26-22.30.45:339][  0]LogShaderLibrary: Display: ShaderCodeLibraryPakFileMountedCallback: pending pak file info (ChunkID:-1 Root:root:/ File:C:/Program Files/Epic Games/UE_4.27/FeaturePacks/TP_ThirdPersonBP.upack)
[2026.04.26-22.30.45:339][  0]LogPakFile: OnPakFileMounted2Time == 0.000036
[2026.04.26-22.30.45:341][  0]LogPakFile: PakFile PrimaryIndexSize=183
[2026.04.26-22.30.45:341][  0]LogPakFile: PakFile PathHashIndexSize=101
[2026.04.26-22.30.45:341][  0]LogPakFile: PakFile FullDirectoryIndexSize=140
[2026.04.26-22.30.45:341][  0]LogShaderLibrary: Display: ShaderCodeLibraryPakFileMountedCallback: PakFile 'C:/Program Files/Epic Games/UE_4.27/FeaturePacks/TP_TopDown.upack' (chunk index -1, root 'root:/') mounted
[2026.04.26-22.30.45:341][  0]LogShaderLibrary: Display: ShaderCodeLibraryPakFileMountedCallback: pending pak file info (ChunkID:-1 Root:root:/ File:C:/Program Files/Epic Games/UE_4.27/FeaturePacks/TP_TopDown.upack)
[2026.04.26-22.30.45:341][  0]LogPakFile: OnPakFileMounted2Time == 0.000082
[2026.04.26-22.30.45:343][  0]LogPakFile: PakFile PrimaryIndexSize=185
[2026.04.26-22.30.45:343][  0]LogPakFile: PakFile PathHashIndexSize=101
[2026.04.26-22.30.45:343][  0]LogPakFile: PakFile FullDirectoryIndexSize=144
[2026.04.26-22.30.45:343][  0]LogShaderLibrary: Display: ShaderCodeLibraryPakFileMountedCallback: PakFile 'C:/Program Files/Epic Games/UE_4.27/FeaturePacks/TP_TopDownBP.upack' (chunk index -1, root 'root:/') mounted
[2026.04.26-22.30.45:343][  0]LogShaderLibrary: Display: ShaderCodeLibraryPakFileMountedCallback: pending pak file info (ChunkID:-1 Root:root:/ File:C:/Program Files/Epic Games/UE_4.27/FeaturePacks/TP_TopDownBP.upack)
[2026.04.26-22.30.45:343][  0]LogPakFile: OnPakFileMounted2Time == 0.000041
[2026.04.26-22.30.45:344][  0]LogPakFile: PakFile PrimaryIndexSize=185
[2026.04.26-22.30.45:344][  0]LogPakFile: PakFile PathHashIndexSize=101
[2026.04.26-22.30.45:344][  0]LogPakFile: PakFile FullDirectoryIndexSize=144
[2026.04.26-22.30.45:344][  0]LogShaderLibrary: Display: ShaderCodeLibraryPakFileMountedCallback: PakFile 'C:/Program Files/Epic Games/UE_4.27/FeaturePacks/TP_TwinStick.upack' (chunk index -1, root 'root:/') mounted
[2026.04.26-22.30.45:344][  0]LogShaderLibrary: Display: ShaderCodeLibraryPakFileMountedCallback: pending pak file info (ChunkID:-1 Root:root:/ File:C:/Program Files/Epic Games/UE_4.27/FeaturePacks/TP_TwinStick.upack)
[2026.04.26-22.30.45:344][  0]LogPakFile: OnPakFileMounted2Time == 0.000038
[2026.04.26-22.30.45:347][  0]LogPakFile: PakFile PrimaryIndexSize=187
[2026.04.26-22.30.45:347][  0]LogPakFile: PakFile PathHashIndexSize=101
[2026.04.26-22.30.45:347][  0]LogPakFile: PakFile FullDirectoryIndexSize=148
[2026.04.26-22.30.45:347][  0]LogShaderLibrary: Display: ShaderCodeLibraryPakFileMountedCallback: PakFile 'C:/Program Files/Epic Games/UE_4.27/FeaturePacks/TP_TwinStickBP.upack' (chunk index -1, root 'root:/') mounted
[2026.04.26-22.30.45:347][  0]LogShaderLibrary: Display: ShaderCodeLibraryPakFileMountedCallback: pending pak file info (ChunkID:-1 Root:root:/ File:C:/Program Files/Epic Games/UE_4.27/FeaturePacks/TP_TwinStickBP.upack)
[2026.04.26-22.30.45:347][  0]LogPakFile: OnPakFileMounted2Time == 0.000034
[2026.04.26-22.30.45:349][  0]LogPakFile: PakFile PrimaryIndexSize=183
[2026.04.26-22.30.45:349][  0]LogPakFile: PakFile PathHashIndexSize=101
[2026.04.26-22.30.45:349][  0]LogPakFile: PakFile FullDirectoryIndexSize=140
[2026.04.26-22.30.45:349][  0]LogShaderLibrary: Display: ShaderCodeLibraryPakFileMountedCallback: PakFile 'C:/Program Files/Epic Games/UE_4.27/FeaturePacks/TP_Vehicle.upack' (chunk index -1, root 'root:/') mounted
[2026.04.26-22.30.45:349][  0]LogShaderLibrary: Display: ShaderCodeLibraryPakFileMountedCallback: pending pak file info (ChunkID:-1 Root:root:/ File:C:/Program Files/Epic Games/UE_4.27/FeaturePacks/TP_Vehicle.upack)
[2026.04.26-22.30.45:349][  0]LogPakFile: OnPakFileMounted2Time == 0.000034
[2026.04.26-22.30.45:351][  0]LogPakFile: PakFile PrimaryIndexSize=186
[2026.04.26-22.30.45:351][  0]LogPakFile: PakFile PathHashIndexSize=101
[2026.04.26-22.30.45:351][  0]LogPakFile: PakFile FullDirectoryIndexSize=146
[2026.04.26-22.30.45:351][  0]LogShaderLibrary: Display: ShaderCodeLibraryPakFileMountedCallback: PakFile 'C:/Program Files/Epic Games/UE_4.27/FeaturePacks/TP_VehicleAdv.upack' (chunk index -1, root 'root:/') mounted
[2026.04.26-22.30.45:351][  0]LogShaderLibrary: Display: ShaderCodeLibraryPakFileMountedCallback: pending pak file info (ChunkID:-1 Root:root:/ File:C:/Program Files/Epic Games/UE_4.27/FeaturePacks/TP_VehicleAdv.upack)
[2026.04.26-22.30.45:351][  0]LogPakFile: OnPakFileMounted2Time == 0.000067
[2026.04.26-22.30.45:352][  0]LogPakFile: PakFile PrimaryIndexSize=188
[2026.04.26-22.30.45:352][  0]LogPakFile: PakFile PathHashIndexSize=101
[2026.04.26-22.30.45:352][  0]LogPakFile: PakFile FullDirectoryIndexSize=150
[2026.04.26-22.30.45:352][  0]LogShaderLibrary: Display: ShaderCodeLibraryPakFileMountedCallback: PakFile 'C:/Program Files/Epic Games/UE_4.27/FeaturePacks/TP_VehicleAdvBP.upack' (chunk index -1, root 'root:/') mounted
[2026.04.26-22.30.45:352][  0]LogShaderLibrary: Display: ShaderCodeLibraryPakFileMountedCallback: pending pak file info (ChunkID:-1 Root:root:/ File:C:/Program Files/Epic Games/UE_4.27/FeaturePacks/TP_VehicleAdvBP.upack)
[2026.04.26-22.30.45:352][  0]LogPakFile: OnPakFileMounted2Time == 0.000067
[2026.04.26-22.30.45:354][  0]LogPakFile: PakFile PrimaryIndexSize=185
[2026.04.26-22.30.45:354][  0]LogPakFile: PakFile PathHashIndexSize=101
[2026.04.26-22.30.45:354][  0]LogPakFile: PakFile FullDirectoryIndexSize=144
[2026.04.26-22.30.45:354][  0]LogShaderLibrary: Display: ShaderCodeLibraryPakFileMountedCallback: PakFile 'C:/Program Files/Epic Games/UE_4.27/FeaturePacks/TP_VehicleBP.upack' (chunk index -1, root 'root:/') mounted
[2026.04.26-22.30.45:354][  0]LogShaderLibrary: Display: ShaderCodeLibraryPakFileMountedCallback: pending pak file info (ChunkID:-1 Root:root:/ File:C:/Program Files/Epic Games/UE_4.27/FeaturePacks/TP_VehicleBP.upack)
[2026.04.26-22.30.45:354][  0]LogPakFile: OnPakFileMounted2Time == 0.000036
[2026.04.26-22.30.45:356][  0]LogPakFile: PakFile PrimaryIndexSize=192
[2026.04.26-22.30.45:356][  0]LogPakFile: PakFile PathHashIndexSize=101
[2026.04.26-22.30.45:356][  0]LogPakFile: PakFile FullDirectoryIndexSize=158
[2026.04.26-22.30.45:356][  0]LogShaderLibrary: Display: ShaderCodeLibraryPakFileMountedCallback: PakFile 'C:/Program Files/Epic Games/UE_4.27/FeaturePacks/TP_VirtualRealityBP.upack' (chunk index -1, root 'root:/') mounted
[2026.04.26-22.30.45:356][  0]LogShaderLibrary: Display: ShaderCodeLibraryPakFileMountedCallback: pending pak file info (ChunkID:-1 Root:root:/ File:C:/Program Files/Epic Games/UE_4.27/FeaturePacks/TP_VirtualRealityBP.upack)
[2026.04.26-22.30.45:356][  0]LogPakFile: OnPakFileMounted2Time == 0.000036
[2026.04.26-22.30.45:553][  0]LogNativeClassHierarchy: Verbose: Native class hierarchy updated for 'AddContentDialog' in 0.0003 seconds. Added 0 classes and 0 folders.
[2026.04.26-22.30.45:554][  0]LogNativeClassHierarchy: Verbose: Native class hierarchy updated for 'SceneOutliner' in 0.0003 seconds. Added 2 classes and 0 folders.
[2026.04.26-22.30.45:647][  0]LogSlate: Took 0.001351 seconds to synchronously load lazily loaded font '../../../Engine/Content/Slate/Fonts/Roboto-Regular.ttf' (155K)
[2026.04.26-22.30.46:239][  0]LogSlate: Took 0.001372 seconds to synchronously load lazily loaded font '../../../Engine/Content/Editor/Slate/Fonts/FontAwesome.ttf' (139K)
[2026.04.26-22.30.46:242][  0]LogSlate: Took 0.001090 seconds to synchronously load lazily loaded font '../../../Engine/Content/Slate/Fonts/Roboto-Bold.ttf' (160K)
[2026.04.26-22.30.46:331][  0]LogRenderer: Reallocating scene render targets to support 924x352 Format 10 NumSamples 1 (Frame:1).
[2026.04.26-22.30.46:366][  0]LogSlate: Took 0.000262 seconds to synchronously load lazily loaded font '../../../Engine/Content/Slate/Fonts/Roboto-Light.ttf' (167K)
[2026.04.26-22.30.46:480][  0]LogNativeClassHierarchy: Verbose: Native class hierarchy updated for 'HierarchicalLODOutliner' in 0.0003 seconds. Added 0 classes and 0 folders.
[2026.04.26-22.30.46:480][  0]LogLoad: (Engine Initialization) Total time: 22.07 seconds
[2026.04.26-22.30.46:480][  0]LogLoad: (Engine Initialization) Total Blueprint compile time: 0.00 seconds
[2026.04.26-22.30.46:535][  0]LogAssetRegistry: Asset discovery search completed in 7.7043 seconds
[2026.04.26-22.30.46:546][  0]LogCollectionManager: Fixed up redirectors for 0 collections in 0.000004 seconds (updated 0 objects)
[2026.04.26-22.30.46:546][  0]LogContentStreaming: Texture pool size now 1000 MB
[2026.04.26-22.30.51:073][ 80]LogSlate: Window 'Editor Preferences' being destroyed
[2026.04.26-22.30.51:082][ 80]LogSlate: Window 'Editor Preferences' being destroyed
[2026.04.26-22.31.54:424][249]LogVSAccessor: Warning: Couldn't goto line number '1' in 'C:/Users/user/Documents/GitHub Unreal/Snake/Snake/Source/Snake/PlayerPawnBase.h'
[2026.04.26-22.31.54:425][249]LogVSAccessor: Warning: Couldn't open file 'C:/Users/user/Documents/GitHub Unreal/Snake/Snake/Source/Snake/PlayerPawnBase.cpp'.
[2026.04.26-22.31.56:808][258]LogHttp: Warning: 000001406A83AB00: invalid HTTP response code received. URL: https://datarouter.ol.epicgames.com/datarouter/api/v1/public/data?SessionID=%7BF7FFA1FC-4F8F-6444-8AA7-CC95A118B31A%7D&AppID=UEEditor.Rocket.Release&AppVersion=4.27.2-18319896%2B%2B%2BUE4%2BRelease-4.27&UserID=348e9f624b4a3ef3be7fedaafb7de6fd%7Cb26187d4ee3a43c1989627066fea8b63%7C8e2446b4-2747-4f1f-8a88-f04adb2f4bc8&AppEnvironment=datacollector-binary&UploadType=eteventstream, HTTP code: 0, content length: 0, actual payload size: 0
[2026.04.26-22.31.56:808][258]LogHttp: Warning: 000001406A83AB00: request failed, libcurl error: 7 (Couldn't connect to server)
[2026.04.26-22.31.56:808][258]LogHttp: Warning: 000001406A83AB00: libcurl info message cache 0 (  Trying 127.0.0.1...)
[2026.04.26-22.31.56:808][258]LogHttp: Warning: 000001406A83AB00: libcurl info message cache 1 (TCP_NODELAY set)
[2026.04.26-22.31.56:808][258]LogHttp: Warning: 000001406A83AB00: libcurl info message cache 2 (connect to 127.0.0.1 port 12334 failed: Connection refused)
[2026.04.26-22.31.56:808][258]LogHttp: Warning: 000001406A83AB00: libcurl info message cache 3 (Failed to connect to 127.0.0.1 port 12334: Connection refused)
[2026.04.26-22.31.56:808][258]LogHttp: Warning: 000001406A83AB00: libcurl info message cache 4 (Closing connection 0)
[2026.04.26-22.31.56:809][258]LogHttp: Warning: Retry exhausted on https://datarouter.ol.epicgames.com/datarouter/api/v1/public/data?SessionID=%7BF7FFA1FC-4F8F-6444-8AA7-CC95A118B31A%7D&AppID=UEEditor.Rocket.Release&AppVersion=4.27.2-18319896%2B%2B%2BUE4%2BRelease-4.27&UserID=348e9f624b4a3ef3be7fedaafb7de6fd%7Cb26187d4ee3a43c1989627066fea8b63%7C8e2446b4-2747-4f1f-8a88-f04adb2f4bc8&AppEnvironment=datacollector-binary&UploadType=eteventstream
[2026.04.26-22.32.34:456][407]LogUObjectHash: Compacting FUObjectHashTables data took   2.67ms
[2026.04.26-22.32.34:653][407]LogSlate: Window 'Snake - Unreal Editor' being destroyed
[2026.04.26-22.32.34:881][408]Cmd: QUIT_EDITOR
[2026.04.26-22.32.34:881][408]LogCore: Engine exit requested (reason: UUnrealEdEngine::CloseEditor())
[2026.04.26-22.32.34:903][408]LogCore: Engine exit requested (reason: EngineExit() was called; note: exit was already requested)
[2026.04.26-22.32.34:925][408]LogAudio: Display: Beginning Audio Device Manager Shutdown (Module: AudioMixerXAudio2)...
[2026.04.26-22.32.34:925][408]LogAudio: Display: Destroying 1 Remaining Audio Device(s)...
[2026.04.26-22.32.34:925][408]LogAudio: Display: Audio Device unregistered from world 'Untitled_1'.
[2026.04.26-22.32.34:925][408]LogAudioMixer: FMixerPlatformXAudio2::StopAudioStream() called
[2026.04.26-22.32.34:929][408]LogAudioMixer: FMixerPlatformXAudio2::StopAudioStream() called
[2026.04.26-22.32.34:939][408]LogAudio: Display: Audio Device Manager Shutdown
[2026.04.26-22.32.34:950][408]LogExit: Preparing to exit.
[2026.04.26-22.32.35:769][408]LogUObjectHash: Compacting FUObjectHashTables data took   3.62ms
[2026.04.26-22.32.36:191][408]LogDemo: Cleaned up 0 splitscreen connections with owner deletion
[2026.04.26-22.32.36:258][408]LogWorld: UWorld::CleanupWorld for None, bSessionEnded=true, bCleanupResources=true
[2026.04.26-22.32.36:258][408]LogExit: Editor shut down
[2026.04.26-22.32.36:265][408]LogExit: Transaction tracking system shut down
[2026.04.26-22.32.37:045][408]LogExit: Object subsystem successfully closed.
[2026.04.26-22.32.37:123][408]LogShaderCompilers: Display: === FShaderJobCache stats ===
[2026.04.26-22.32.37:123][408]LogShaderCompilers: Display: Total job queries 0, among them cache hits 0 (0.00%)
[2026.04.26-22.32.37:123][408]LogShaderCompilers: Display: Tracking 0 distinct input hashes that result in 0 distinct outputs (0.00%)
[2026.04.26-22.32.37:123][408]LogShaderCompilers: Display: RAM used: 0.00 MB (0.00 GB) of 819.20 MB (0.80 GB) budget. Usage: 0.00%
[2026.04.26-22.32.37:123][408]LogShaderCompilers: Display: ================================================
[2026.04.26-22.32.37:133][408]LogShaderCompilers: Display: Shaders left to compile 0
[2026.04.26-22.32.37:190][408]LogModuleManager: Shutting down and abandoning module HierarchicalLODOutliner (872)
[2026.04.26-22.32.37:190][408]LogModuleManager: Shutting down and abandoning module SceneOutliner (870)
[2026.04.26-22.32.37:190][408]LogModuleManager: Shutting down and abandoning module AddContentDialog (868)
[2026.04.26-22.32.37:194][408]LogModuleManager: Shutting down and abandoning module WidgetCarousel (867)
[2026.04.26-22.32.37:194][408]LogModuleManager: Shutting down and abandoning module EditorWidgets (864)
[2026.04.26-22.32.37:194][408]LogModuleManager: Shutting down and abandoning module StatsViewer (862)
[2026.04.26-22.32.37:194][408]LogModuleManager: Shutting down and abandoning module PIEPreviewDeviceProfileSelector (860)
[2026.04.26-22.32.37:194][408]LogModuleManager: Shutting down and abandoning module SequenceRecorderSections (858)
[2026.04.26-22.32.37:194][408]LogModuleManager: Shutting down and abandoning module AutomationWorker (856)
[2026.04.26-22.32.37:194][408]LogModuleManager: Shutting down and abandoning module SteamVREditor (854)
[2026.04.26-22.32.37:194][408]LogModuleManager: Shutting down and abandoning module OculusMR (852)
[2026.04.26-22.32.37:194][408]LogModuleManager: Shutting down and abandoning module TakeRecorderSources (850)
[2026.04.26-22.32.37:194][408]LogModuleManager: Shutting down and abandoning module TakeRecorder (849)
[2026.04.26-22.32.37:194][408]LogModuleManager: Shutting down and abandoning module TakeTrackRecorders (846)
[2026.04.26-22.32.37:194][408]LogModuleManager: Shutting down and abandoning module TakesCore (844)
[2026.04.26-22.32.37:194][408]LogModuleManager: Shutting down and abandoning module OpenXRInput (842)
[2026.04.26-22.32.37:194][408]LogModuleManager: Shutting down and abandoning module GooglePADEditor (840)
[2026.04.26-22.32.37:194][408]LogModuleManager: Shutting down and abandoning module AudioCaptureEditor (838)
[2026.04.26-22.32.37:194][408]LogModuleManager: Shutting down and abandoning module TemplateSequenceEditor (836)
[2026.04.26-22.32.37:194][408]LogModuleManager: Shutting down and abandoning module MatineeToLevelSequence (834)
[2026.04.26-22.32.37:194][408]LogModuleManager: Shutting down and abandoning module LevelSequenceEditor (832)
[2026.04.26-22.32.37:194][408]LogModuleManager: Shutting down and abandoning module ActorSequenceEditor (830)
[2026.04.26-22.32.37:196][408]LogModuleManager: Shutting down and abandoning module WmfMediaFactory (828)
[2026.04.26-22.32.37:196][408]LogModuleManager: Shutting down and abandoning module WmfMediaEditor (826)
[2026.04.26-22.32.37:196][408]LogModuleManager: Shutting down and abandoning module WebMMediaFactory (824)
[2026.04.26-22.32.37:196][408]LogModuleManager: Shutting down and abandoning module WebMMediaEditor (822)
[2026.04.26-22.32.37:196][408]LogModuleManager: Shutting down and abandoning module WebMMedia (820)
[2026.04.26-22.32.37:196][408]LogModuleManager: Shutting down and abandoning module MediaPlayerEditor (818)
[2026.04.26-22.32.37:196][408]LogModuleManager: Shutting down and abandoning module MediaCompositingEditor (816)
[2026.04.26-22.32.37:196][408]LogModuleManager: Shutting down and abandoning module SequenceRecorder (815)
[2026.04.26-22.32.37:196][408]LogModuleManager: Shutting down and abandoning module OpenExrWrapper (812)
[2026.04.26-22.32.37:196][408]LogModuleManager: Shutting down and abandoning module ImgMediaFactory (810)
[2026.04.26-22.32.37:197][408]LogModuleManager: Shutting down and abandoning module ImgMediaEditor (808)
[2026.04.26-22.32.37:197][408]LogModuleManager: Shutting down and abandoning module AvfMediaFactory (806)
[2026.04.26-22.32.37:197][408]LogModuleManager: Shutting down and abandoning module AvfMediaEditor (804)
[2026.04.26-22.32.37:197][408]LogModuleManager: Shutting down and abandoning module AndroidMediaFactory (802)
[2026.04.26-22.32.37:197][408]LogModuleManager: Shutting down and abandoning module AndroidMediaEditor (800)
[2026.04.26-22.32.37:197][408]LogModuleManager: Shutting down and abandoning module PlanarCut (798)
[2026.04.26-22.32.37:197][408]LogModuleManager: Shutting down and abandoning module MagicLeapMediaCodecFactory (796)
[2026.04.26-22.32.37:197][408]LogModuleManager: Shutting down and abandoning module MagicLeapMediaFactory (794)
[2026.04.26-22.32.37:197][408]LogModuleManager: Shutting down and abandoning module MagicLeapMediaEditor (792)
[2026.04.26-22.32.37:197][408]LogModuleManager: Shutting down and abandoning module CharacterAI (790)
[2026.04.26-22.32.37:197][408]LogModuleManager: Shutting down and abandoning module TextureAlignMode (788)
[2026.04.26-22.32.37:197][408]LogModuleManager: Shutting down and abandoning module BspMode (786)
[2026.04.26-22.32.37:197][408]LogModuleManager: Shutting down and abandoning module GeometryMode (784)
[2026.04.26-22.32.37:197][408]LogModuleManager: Shutting down and abandoning module CameraShakePreviewer (782)
[2026.04.26-22.32.37:197][408]LogModuleManager: Shutting down and abandoning module SmartSnapping (780)
[2026.04.26-22.32.37:197][408]LogModuleManager: Shutting down and abandoning module SessionServices (778)
[2026.04.26-22.32.37:197][408]LogModuleManager: Shutting down and abandoning module MeshPaint (776)
[2026.04.26-22.32.37:197][408]LogModuleManager: Shutting down and abandoning module VirtualTexturingEditor (774)
[2026.04.26-22.32.37:197][408]LogModuleManager: Shutting down and abandoning module FoliageEdit (772)
[2026.04.26-22.32.37:197][408]LogModuleManager: Shutting down and abandoning module LandscapeEditor (770)
[2026.04.26-22.32.37:198][408]LogModuleManager: Shutting down and abandoning module MeshPaintMode (768)
[2026.04.26-22.32.37:198][408]LogModuleManager: Shutting down and abandoning module SceneDepthPickerMode (766)
[2026.04.26-22.32.37:198][408]LogModuleManager: Shutting down and abandoning module ActorPickerMode (764)
[2026.04.26-22.32.37:198][408]LogModuleManager: Shutting down and abandoning module PlacementMode (762)
[2026.04.26-22.32.37:198][408]LogModuleManager: Shutting down and abandoning module ViewportSnapping (760)
[2026.04.26-22.32.37:198][408]LogModuleManager: Shutting down and abandoning module ViewportInteraction (758)
[2026.04.26-22.32.37:198][408]LogModuleManager: Shutting down and abandoning module ClothPainter (756)
[2026.04.26-22.32.37:198][408]LogModuleManager: Shutting down and abandoning module SkeletalMeshEditor (755)
[2026.04.26-22.32.37:198][408]LogModuleManager: Shutting down and abandoning module LogVisualizer (752)
[2026.04.26-22.32.37:199][408]LogModuleManager: Shutting down and abandoning module IntroTutorials (750)
[2026.04.26-22.32.37:200][408]LogModuleManager: Shutting down and abandoning module GameProjectGeneration (749)
[2026.04.26-22.32.37:200][408]LogModuleManager: Shutting down and abandoning module LuminPlatformEditor (746)
[2026.04.26-22.32.37:200][408]LogModuleManager: Shutting down and abandoning module IOSPlatformEditor (744)
[2026.04.26-22.32.37:200][408]LogModuleManager: Shutting down and abandoning module AndroidPlatformEditor (742)
[2026.04.26-22.32.37:200][408]LogModuleManager: Shutting down and abandoning module AndroidDeviceDetection (741)
[2026.04.26-22.32.37:299][408]LogModuleManager: Shutting down and abandoning module WindowsPlatformEditor (738)
[2026.04.26-22.32.37:299][408]LogModuleManager: Shutting down and abandoning module LuminRuntimeSettings (736)
[2026.04.26-22.32.37:299][408]LogModuleManager: Shutting down and abandoning module IOSRuntimeSettings (734)
[2026.04.26-22.32.37:299][408]LogModuleManager: Shutting down and abandoning module AndroidRuntimeSettings (732)
[2026.04.26-22.32.37:299][408]LogModuleManager: Shutting down and abandoning module TraceInsights (730)
[2026.04.26-22.32.37:299][408]MemoryProfiler: Shutdown
[2026.04.26-22.32.37:299][408]NetworkingProfiler: Shutdown
[2026.04.26-22.32.37:299][408]LoadingProfiler: Shutdown
[2026.04.26-22.32.37:299][408]TimingProfiler: Shutdown
[2026.04.26-22.32.37:300][408]LogModuleManager: Shutting down and abandoning module TraceServices (729)
[2026.04.26-22.32.37:300][408]LogModuleManager: Shutting down and abandoning module EditorInteractiveToolsFramework (726)
[2026.04.26-22.32.37:300][408]LogModuleManager: Shutting down and abandoning module TimeManagementEditor (724)
[2026.04.26-22.32.37:300][408]LogModuleManager: Shutting down and abandoning module InputBindingEditor (722)
[2026.04.26-22.32.37:300][408]LogModuleManager: Shutting down and abandoning module MergeActors (720)
[2026.04.26-22.32.37:300][408]LogModuleManager: Shutting down and abandoning module LocalizationDashboard (718)
[2026.04.26-22.32.37:300][408]LogModuleManager: Shutting down and abandoning module LocalizationService (717)
[2026.04.26-22.32.37:300][408]LogModuleManager: Shutting down and abandoning module HardwareTargeting (714)
[2026.04.26-22.32.37:300][408]LogModuleManager: Shutting down and abandoning module DeviceProfileEditor (712)
[2026.04.26-22.32.37:300][408]LogModuleManager: Shutting down and abandoning module UndoHistory (710)
[2026.04.26-22.32.37:300][408]LogModuleManager: Shutting down and abandoning module XmlParser (708)
[2026.04.26-22.32.37:300][408]LogModuleManager: Shutting down and abandoning module Blutility (706)
[2026.04.26-22.32.37:300][408]LogModuleManager: Shutting down and abandoning module ProjectSettingsViewer (704)
[2026.04.26-22.32.37:300][408]LogModuleManager: Shutting down and abandoning module ProjectTargetPlatformEditor (703)
[2026.04.26-22.32.37:302][408]LogModuleManager: Shutting down and abandoning module EditorSettingsViewer (700)
[2026.04.26-22.32.37:302][408]LogModuleManager: Shutting down and abandoning module InternationalizationSettings (699)
[2026.04.26-22.32.37:302][408]LogModuleManager: Shutting down and abandoning module SettingsEditor (696)
[2026.04.26-22.32.37:302][408]LogModuleManager: Shutting down and abandoning module ProjectLauncher (694)
[2026.04.26-22.32.37:303][408]LogModuleManager: Shutting down and abandoning module SessionFrontend (692)
[2026.04.26-22.32.37:303][408]LogModuleManager: Shutting down and abandoning module ProfilerClient (690)
[2026.04.26-22.32.37:303][408]LogModuleManager: Shutting down and abandoning module DeviceManager (688)
[2026.04.26-22.32.37:303][408]LogModuleManager: Shutting down and abandoning module TargetDeviceServices (687)
[2026.04.26-22.32.37:416][408]LogModuleManager: Shutting down and abandoning module AutomationController (684)
[2026.04.26-22.32.37:432][408]LogModuleManager: Shutting down and abandoning module AutomationWindow (682)
[2026.04.26-22.32.37:432][408]LogModuleManager: Shutting down and abandoning module Layers (680)
[2026.04.26-22.32.37:432][408]LogModuleManager: Shutting down and abandoning module ComponentVisualizers (678)
[2026.04.26-22.32.37:432][408]LogModuleManager: Shutting down and abandoning module DetailCustomizations (676)
[2026.04.26-22.32.37:435][408]LogModuleManager: Shutting down and abandoning module PackagesDialog (674)
[2026.04.26-22.32.37:437][408]LogModuleManager: Shutting down and abandoning module AnimationBlueprintEditor (672)
[2026.04.26-22.32.37:437][408]LogModuleManager: Shutting down and abandoning module Persona (670)
[2026.04.26-22.32.37:438][408]LogModuleManager: Shutting down and abandoning module AdvancedPreviewScene (669)
[2026.04.26-22.32.37:438][408]LogModuleManager: Shutting down and abandoning module AnimGraph (667)
[2026.04.26-22.32.37:438][408]LogModuleManager: Shutting down and abandoning module Kismet (664)
[2026.04.26-22.32.37:440][408]LogModuleManager: Shutting down and abandoning module KismetWidgets (663)
[2026.04.26-22.32.37:440][408]LogModuleManager: Shutting down and abandoning module GraphEditor (660)
[2026.04.26-22.32.37:440][408]LogModuleManager: Shutting down and abandoning module StructViewer (658)
[2026.04.26-22.32.37:440][408]LogModuleManager: Shutting down and abandoning module ClassViewer (656)
[2026.04.26-22.32.37:440][408]LogModuleManager: Shutting down and abandoning module Toolbox (654)
[2026.04.26-22.32.37:440][408]LogModuleManager: Shutting down and abandoning module ModuleUI (652)
[2026.04.26-22.32.37:440][408]LogModuleManager: Shutting down and abandoning module OutputLog (650)
[2026.04.26-22.32.37:441][408]LogModuleManager: Shutting down and abandoning module GammaUI (648)
[2026.04.26-22.32.37:441][408]LogModuleManager: Shutting down and abandoning module Documentation (646)
[2026.04.26-22.32.37:441][408]LogModuleManager: Shutting down and abandoning module LiveCoding (644)
[2026.04.26-22.32.37:442][408]LogModuleManager: Shutting down and abandoning module LevelSequence (642)
[2026.04.26-22.32.37:443][408]LogModuleManager: Shutting down and abandoning module MovieSceneTracks (640)
[2026.04.26-22.32.37:443][408]LogModuleManager: Shutting down and abandoning module MovieScene (638)
[2026.04.26-22.32.37:443][408]LogModuleManager: Shutting down and abandoning module StreamingPauseRendering (636)
[2026.04.26-22.32.37:443][408]LogModuleManager: Shutting down and abandoning module LauncherPlatform (634)
[2026.04.26-22.32.37:443][408]LogModuleManager: Shutting down and abandoning module AnalyticsET (632)
[2026.04.26-22.32.37:443][408]LogModuleManager: Shutting down and abandoning module PortalServices (630)
[2026.04.26-22.32.37:444][408]LogModuleManager: Shutting down and abandoning module PortalRpc (628)
[2026.04.26-22.32.37:444][408]LogModuleManager: Shutting down and abandoning module MessagingRpc (626)
[2026.04.26-22.32.37:444][408]LogModuleManager: Shutting down and abandoning module AudioMixerXAudio2 (624)
[2026.04.26-22.32.37:444][408]LogModuleManager: Shutting down and abandoning module AudioMixerCore (623)
[2026.04.26-22.32.37:444][408]LogModuleManager: Shutting down and abandoning module AIModule (620)
[2026.04.26-22.32.37:444][408]LogModuleManager: Shutting down and abandoning module GameplayDebugger (619)
[2026.04.26-22.32.37:444][408]LogModuleManager: Shutting down and abandoning module AITestSuite (617)
[2026.04.26-22.32.37:444][408]LogModuleManager: Shutting down and abandoning module NavigationSystem (615)
[2026.04.26-22.32.37:444][408]LogModuleManager: Shutting down and abandoning module ImageWriteQueue (612)
[2026.04.26-22.32.37:474][408]LogModuleManager: Shutting down and abandoning module ProfilerService (610)
[2026.04.26-22.32.37:663][408]LogModuleManager: Shutting down and abandoning module TaskGraph (608)
[2026.04.26-22.32.37:664][408]LogModuleManager: Shutting down and abandoning module AudioSynesthesiaEditor (606)
[2026.04.26-22.32.37:664][408]LogModuleManager: Shutting down and abandoning module OculusEditor (604)
[2026.04.26-22.32.37:668][408]LogModuleManager: Shutting down and abandoning module OculusInput (602)
[2026.04.26-22.32.37:668][408]LogModuleManager: Shutting down and abandoning module ContentBrowserFileDataSource (600)
[2026.04.26-22.32.37:668][408]LogModuleManager: Shutting down and abandoning module ContentBrowserAssetDataSource (598)
[2026.04.26-22.32.37:668][408]LogModuleManager: Shutting down and abandoning module ContentBrowserClassDataSource (596)
[2026.04.26-22.32.37:669][408]LogModuleManager: Shutting down and abandoning module CollectionManager (595)
[2026.04.26-22.32.37:669][408]LogModuleManager: Shutting down and abandoning module TakeSequencer (592)
[2026.04.26-22.32.37:670][408]LogModuleManager: Shutting down and abandoning module TakeMovieScene (590)
[2026.04.26-22.32.37:670][408]LogModuleManager: Shutting down and abandoning module SynthesisEditor (588)
[2026.04.26-22.32.37:670][408]LogModuleManager: Shutting down and abandoning module Synthesis (586)
[2026.04.26-22.32.37:670][408]LogModuleManager: Shutting down and abandoning module ProceduralMeshComponentEditor (584)
[2026.04.26-22.32.37:670][408]LogModuleManager: Shutting down and abandoning module ProceduralMeshComponent (582)
[2026.04.26-22.32.37:670][408]LogModuleManager: Shutting down and abandoning module OpenXREditor (580)
[2026.04.26-22.32.37:670][408]LogModuleManager: Shutting down and abandoning module MobilePatchingUtils (578)
[2026.04.26-22.32.37:671][408]LogModuleManager: Shutting down and abandoning module GooglePAD (576)
[2026.04.26-22.32.37:671][408]LogModuleManager: Shutting down and abandoning module ScreenshotTools (574)
[2026.04.26-22.32.37:671][408]LogModuleManager: Shutting down and abandoning module EditableMesh (572)
[2026.04.26-22.32.37:671][408]LogModuleManager: Shutting down and abandoning module CustomMeshComponent (570)
[2026.04.26-22.32.37:671][408]LogModuleManager: Shutting down and abandoning module CableComponent (568)
[2026.04.26-22.32.37:671][408]LogModuleManager: Shutting down and abandoning module AudioCapture (566)
[2026.04.26-22.32.37:671][408]LogModuleManager: Shutting down and abandoning module AudioCaptureRtAudio (565)
[2026.04.26-22.32.37:671][408]LogModuleManager: Shutting down and abandoning module AssetTags (562)
[2026.04.26-22.32.37:671][408]LogModuleManager: Shutting down and abandoning module ArchVisCharacter (560)
[2026.04.26-22.32.37:671][408]LogModuleManager: Shutting down and abandoning module AppleImageUtilsBlueprintSupport (558)
[2026.04.26-22.32.37:671][408]LogModuleManager: Shutting down and abandoning module AppleImageUtils (556)
[2026.04.26-22.32.37:671][408]LogModuleManager: Shutting down and abandoning module AndroidPermission (554)
[2026.04.26-22.32.37:671][408]LogModuleManager: Shutting down and abandoning module ActorLayerUtilitiesEditor (552)
[2026.04.26-22.32.37:671][408]LogModuleManager: Shutting down and abandoning module ActorLayerUtilities (550)
[2026.04.26-22.32.37:671][408]LogModuleManager: Shutting down and abandoning module TemplateSequence (548)
[2026.04.26-22.32.37:671][408]LogModuleManager: Shutting down and abandoning module VariantManagerContentEditor (546)
[2026.04.26-22.32.37:671][408]LogModuleManager: Shutting down and abandoning module DatasmithContentEditor (544)
[2026.04.26-22.32.37:671][408]LogModuleManager: Shutting down and abandoning module MediaCompositing (542)
[2026.04.26-22.32.37:671][408]LogModuleManager: Shutting down and abandoning module ImgMedia (540)
[2026.04.26-22.32.37:671][408]LogModuleManager: Shutting down and abandoning module OpenImageDenoise (538)
[2026.04.26-22.32.37:671][408]LogOpenImageDenoise: OIDN shutting down
[2026.04.26-22.32.37:671][408]LogModuleManager: Shutting down and abandoning module MotoSynthEditor (536)
[2026.04.26-22.32.37:671][408]LogModuleManager: Shutting down and abandoning module MotoSynth (534)
[2026.04.26-22.32.37:671][408]LogModuleManager: Shutting down and abandoning module MeshConversion (532)
[2026.04.26-22.32.37:671][408]LogModuleManager: Shutting down and abandoning module DynamicMesh (530)
[2026.04.26-22.32.37:671][408]LogModuleManager: Shutting down and abandoning module GeometryAlgorithms (528)
[2026.04.26-22.32.37:672][408]LogModuleManager: Shutting down and abandoning module GeometricObjects (526)
[2026.04.26-22.32.37:672][408]LogModuleManager: Shutting down and abandoning module NiagaraEditorWidgets (524)
[2026.04.26-22.32.37:672][408]LogModuleManager: Shutting down and abandoning module GeometryCollectionTracks (522)
[2026.04.26-22.32.37:672][408]LogModuleManager: Shutting down and abandoning module GeometryCollectionSequencer (521)
[2026.04.26-22.32.37:672][408]LogModuleManager: Shutting down and abandoning module GeometryCollectionEditor (518)
[2026.04.26-22.32.37:672][408]LogModuleManager: Shutting down and abandoning module GeometryCacheTracks (516)
[2026.04.26-22.32.37:672][408]LogModuleManager: Shutting down and abandoning module GeometryCacheStreamer (514)
[2026.04.26-22.32.37:672][408]LogModuleManager: Shutting down and abandoning module GeometryCacheSequencer (512)
[2026.04.26-22.32.37:672][408]LogModuleManager: Shutting down and abandoning module MagicLeapSharedWorld (510)
[2026.04.26-22.32.37:672][408]LogModuleManager: Shutting down and abandoning module MagicLeapLightEstimation (508)
[2026.04.26-22.32.37:672][408]LogModuleManager: Shutting down and abandoning module MagicLeapHelperVulkan (506)
[2026.04.26-22.32.37:672][408]LogModuleManager: Shutting down and abandoning module MagicLeapHelperOpenGL (504)
[2026.04.26-22.32.37:672][408]LogModuleManager: Shutting down and abandoning module MagicLeapAudio (502)
[2026.04.26-22.32.37:672][408]LogModuleManager: Shutting down and abandoning module ChaosSolverEditor (500)
[2026.04.26-22.32.37:672][408]LogModuleManager: Shutting down and abandoning module ChaosNiagara (498)
[2026.04.26-22.32.37:672][408]LogModuleManager: Shutting down and abandoning module FractureEditor (496)
[2026.04.26-22.32.37:672][408]LogModuleManager: Shutting down and abandoning module FieldSystemEngine (495)
[2026.04.26-22.32.37:672][408]LogModuleManager: Shutting down and abandoning module ChaosClothEditor (492)
[2026.04.26-22.32.37:672][408]LogModuleManager: Shutting down and abandoning module BackChannel (490)
[2026.04.26-22.32.37:672][408]LogModuleManager: Shutting down and abandoning module AutomationUtilsEditor (488)
[2026.04.26-22.32.37:672][408]LogModuleManager: Shutting down and abandoning module AutomationUtils (486)
[2026.04.26-22.32.37:672][408]LogModuleManager: Shutting down and abandoning module AlembicImporter (484)
[2026.04.26-22.32.37:672][408]LogModuleManager: Shutting down and abandoning module AlembicLibrary (483)
[2026.04.26-22.32.37:672][408]LogModuleManager: Shutting down and abandoning module GeometryCache (482)
[2026.04.26-22.32.37:672][408]LogModuleManager: Shutting down and abandoning module GeometryCacheEd (481)
[2026.04.26-22.32.37:672][408]LogModuleManager: Shutting down and abandoning module SpeedTreeImporter (476)
[2026.04.26-22.32.37:672][408]LogModuleManager: Shutting down and abandoning module PluginBrowser (474)
[2026.04.26-22.32.37:672][408]LogModuleManager: Shutting down and abandoning module MobileLauncherProfileWizard (472)
[2026.04.26-22.32.37:672][408]LogModuleManager: Shutting down and abandoning module MaterialAnalyzer (470)
[2026.04.26-22.32.37:672][408]LogModuleManager: Shutting down and abandoning module CurveEditorTools (468)
[2026.04.26-22.32.37:673][408]LogModuleManager: Shutting down and abandoning module CryptoKeysOpenSSL (466)
[2026.04.26-22.32.37:673][408]LogModuleManager: Shutting down and abandoning module CryptoKeys (464)
[2026.04.26-22.32.37:673][408]LogModuleManager: Shutting down and abandoning module VisualStudioSourceCodeAccess (462)
[2026.04.26-22.32.37:673][408]LogModuleManager: Shutting down and abandoning module VisualStudioCodeSourceCodeAccess (460)
[2026.04.26-22.32.37:673][408]LogModuleManager: Shutting down and abandoning module UObjectPlugin (458)
[2026.04.26-22.32.37:673][408]LogModuleManager: Shutting down and abandoning module SubversionSourceControl (456)
[2026.04.26-22.32.37:673][408]LogModuleManager: Shutting down and abandoning module RiderSourceCodeAccess (454)
[2026.04.26-22.32.37:673][408]LogModuleManager: Shutting down and abandoning module PluginUtils (452)
[2026.04.26-22.32.37:673][408]LogModuleManager: Shutting down and abandoning module PlasticSourceControl (450)
[2026.04.26-22.32.37:673][408]LogModuleManager: Shutting down and abandoning module PerforceSourceControl (448)
[2026.04.26-22.32.37:673][408]LogModuleManager: Shutting down and abandoning module GitSourceControl (446)
[2026.04.26-22.32.37:673][408]LogModuleManager: Shutting down and abandoning module SourceControl (445)
[2026.04.26-22.32.37:673][408]LogModuleManager: Shutting down and abandoning module AnimationSharingEd (442)
[2026.04.26-22.32.37:673][408]LogModuleManager: Shutting down and abandoning module CLionSourceCodeAccess (440)
[2026.04.26-22.32.37:675][408]LogModuleManager: Shutting down and abandoning module OodleNetworkHandlerComponent (438)
[2026.04.26-22.32.37:675][408]LogModuleManager: Shutting down and abandoning module LightPropagationVolumeEditor (436)
[2026.04.26-22.32.37:675][408]LogModuleManager: Shutting down and abandoning module LiveLinkSequencer (434)
[2026.04.26-22.32.37:675][408]LogModuleManager: Shutting down and abandoning module LiveLinkMovieScene (432)
[2026.04.26-22.32.37:675][408]LogModuleManager: Shutting down and abandoning module LiveLinkGraphNode (430)
[2026.04.26-22.32.37:675][408]LogModuleManager: Shutting down and abandoning module LiveLinkEditor (428)
[2026.04.26-22.32.37:675][408]LogModuleManager: Shutting down and abandoning module LiveLinkComponents (426)
[2026.04.26-22.32.37:675][408]LogModuleManager: Shutting down and abandoning module LiveLink (424)
[2026.04.26-22.32.37:892][408]LogModuleManager: Shutting down and abandoning module PaperTiledImporter (422)
[2026.04.26-22.32.37:892][408]LogModuleManager: Shutting down and abandoning module PaperSpriteSheetImporter (420)
[2026.04.26-22.32.37:892][408]LogModuleManager: Shutting down and abandoning module Paper2DEditor (418)
[2026.04.26-22.32.37:893][408]LogModuleManager: Shutting down and abandoning module MeshPaintingToolset (416)
[2026.04.26-22.32.37:893][408]LogModuleManager: Shutting down and abandoning module MeshPaintEditorMode (414)
[2026.04.26-22.32.37:893][408]LogModuleManager: Shutting down and abandoning module Snake (412)
[2026.04.26-22.32.37:893][408]LogModuleManager: Shutting down and abandoning module SoundFields (410)
[2026.04.26-22.32.37:893][408]LogModuleManager: Shutting down and abandoning module SignificanceManager (408)
[2026.04.26-22.32.37:893][408]LogModuleManager: Shutting down and abandoning module RuntimePhysXCooking (406)
[2026.04.26-22.32.37:893][408]LogModuleManager: Shutting down and abandoning module PropertyAccessEditor (404)
[2026.04.26-22.32.37:893][408]LogModuleManager: Shutting down and abandoning module PhysXVehiclesEditor (402)
[2026.04.26-22.32.37:893][408]LogModuleManager: Shutting down and abandoning module LocationServicesBPLibrary (398)
[2026.04.26-22.32.37:893][408]LogModuleManager: Shutting down and abandoning module AudioSynesthesia (396)
[2026.04.26-22.32.37:893][408]LogModuleManager: Shutting down and abandoning module AudioSynesthesiaCore (394)
[2026.04.26-22.32.37:893][408]LogModuleManager: Shutting down and abandoning module ActorSequence (392)
[2026.04.26-22.32.37:893][408]LogModuleManager: Shutting down and abandoning module UdpMessaging (390)
[2026.04.26-22.32.37:994][408]LogModuleManager: Shutting down and abandoning module TcpMessaging (388)
[2026.04.26-22.32.38:095][408]LogModuleManager: Shutting down and abandoning module ImgMediaEngine (386)
[2026.04.26-22.32.38:095][408]LogModuleManager: Shutting down and abandoning module PythonScriptPlugin (384)
[2026.04.26-22.32.38:095][408]LogModuleManager: Shutting down and abandoning module NiagaraAnimNotifies (382)
[2026.04.26-22.32.38:095][408]LogModuleManager: Shutting down and abandoning module Niagara (380)
[2026.04.26-22.32.38:095][408]LogModuleManager: Shutting down and abandoning module SignalProcessing (379)
[2026.04.26-22.32.38:095][408]LogModuleManager: Shutting down and abandoning module NiagaraEditor (377)
[2026.04.26-22.32.38:095][408]LogModuleManager: Shutting down and abandoning module NiagaraCore (374)
[2026.04.26-22.32.38:095][408]LogModuleManager: Shutting down and abandoning module MagicLeapARPin (372)
[2026.04.26-22.32.38:095][408]LogModuleManager: Shutting down and abandoning module MagicLeapHandMeshing (370)
[2026.04.26-22.32.38:095][408]LogModuleManager: Shutting down and abandoning module MagicLeapSecureStorage (368)
[2026.04.26-22.32.38:095][408]LogModuleManager: Shutting down and abandoning module MagicLeapPrivileges (366)
[2026.04.26-22.32.38:095][408]LogModuleManager: Shutting down and abandoning module MagicLeapPlanes (364)
[2026.04.26-22.32.38:095][408]LogMagicLeapPlanes: Planes tracker already destroyed.
[2026.04.26-22.32.38:095][408]LogModuleManager: Shutting down and abandoning module MagicLeapImageTracker (362)
[2026.04.26-22.32.38:095][408]LogModuleManager: Shutting down and abandoning module MagicLeapIdentity (360)
[2026.04.26-22.32.38:095][408]LogModuleManager: Shutting down and abandoning module MagicLeapHandTracking (358)
[2026.04.26-22.32.38:095][408]LogModuleManager: Shutting down and abandoning module MagicLeapEyeTracker (356)
[2026.04.26-22.32.38:095][408]LogModuleManager: Shutting down and abandoning module MagicLeapController (354)
[2026.04.26-22.32.38:095][408]LogModuleManager: Shutting down and abandoning module MagicLeapARPinImpl (352)
[2026.04.26-22.32.38:095][408]LogModuleManager: Shutting down and abandoning module MagicLeapAR (350)
[2026.04.26-22.32.38:095][408]LogModuleManager: Shutting down and abandoning module GameplayTagsEditor (348)
[2026.04.26-22.32.38:096][408]LogModuleManager: Shutting down and abandoning module FacialAnimationEditor (346)
[2026.04.26-22.32.38:096][408]LogModuleManager: Shutting down and abandoning module FacialAnimation (344)
[2026.04.26-22.32.38:096][408]LogModuleManager: Shutting down and abandoning module DataValidation (342)
[2026.04.26-22.32.38:096][408]LogModuleManager: Shutting down and abandoning module AssetManagerEditor (340)
[2026.04.26-22.32.38:096][408]LogModuleManager: Shutting down and abandoning module LevelEditor (339)
[2026.04.26-22.32.38:099][408]LogModuleManager: Shutting down and abandoning module PixelInspectorModule (338)
[2026.04.26-22.32.38:099][408]LogModuleManager: Shutting down and abandoning module CommonMenuExtensions (336)
[2026.04.26-22.32.38:100][408]LogModuleManager: Shutting down and abandoning module MainFrame (334)
[2026.04.26-22.32.38:100][408]LogModuleManager: Shutting down and abandoning module HotReload (333)
[2026.04.26-22.32.38:101][408]LogModuleManager: Shutting down and abandoning module ToolMenus (329)
[2026.04.26-22.32.38:101][408]LogModuleManager: Shutting down and abandoning module ContentBrowser (327)
[2026.04.26-22.32.38:101][408]LogModuleManager: Shutting down and abandoning module ContentBrowserData (326)
[2026.04.26-22.32.38:101][408]LogModuleManager: Shutting down and abandoning module TreeMap (323)
[2026.04.26-22.32.38:101][408]LogModuleManager: Shutting down and abandoning module PropertyAccessNode (320)
[2026.04.26-22.32.38:101][408]LogModuleManager: Shutting down and abandoning module AnimationSharing (318)
[2026.04.26-22.32.38:101][408]LogModuleManager: Shutting down and abandoning module LightPropagationVolumeRuntime (316)
[2026.04.26-22.32.38:101][408]LogModuleManager: Shutting down and abandoning module GameplayCameras (314)
[2026.04.26-22.32.38:101][408]LogModuleManager: Shutting down and abandoning module EnvironmentQueryEditor (312)
[2026.04.26-22.32.38:101][408]LogModuleManager: Shutting down and abandoning module Paper2D (310)
[2026.04.26-22.32.38:101][408]LogModuleManager: Shutting down and abandoning module WindowsMoviePlayer (308)
[2026.04.26-22.32.38:104][408]LogModuleManager: Shutting down and abandoning module WebMMoviePlayer (306)
[2026.04.26-22.32.38:104][408]LogModuleManager: Shutting down and abandoning module NetworkReplayStreaming (304)
[2026.04.26-22.32.38:104][408]LogModuleManager: Shutting down and abandoning module PacketHandler (302)
[2026.04.26-22.32.38:104][408]LogModuleManager: Shutting down and abandoning module ClothingSystemEditor (300)
[2026.04.26-22.32.38:104][408]LogModuleManager: Shutting down and abandoning module ClothingSystemRuntimeNv (298)
[2026.04.26-22.32.38:104][408]LogModuleManager: Shutting down and abandoning module MediaAssets (296)
[2026.04.26-22.32.38:104][408]LogModuleManager: Shutting down and abandoning module Overlay (294)
[2026.04.26-22.32.38:104][408]LogModuleManager: Shutting down and abandoning module OverlayEditor (293)
[2026.04.26-22.32.38:104][408]LogModuleManager: Shutting down and abandoning module VREditor (290)
[2026.04.26-22.32.38:104][408]LogModuleManager: Shutting down and abandoning module StringTableEditor (288)
[2026.04.26-22.32.38:104][408]LogModuleManager: Shutting down and abandoning module GameplayTasksEditor (286)
[2026.04.26-22.32.38:104][408]LogModuleManager: Shutting down and abandoning module BehaviorTreeEditor (284)
[2026.04.26-22.32.38:104][408]LogModuleManager: Shutting down and abandoning module FunctionalTesting (282)
[2026.04.26-22.32.38:104][408]LogModuleManager: Shutting down and abandoning module CollisionAnalyzer (280)
[2026.04.26-22.32.38:104][408]LogModuleManager: Shutting down and abandoning module WorkspaceMenuStructure (279)
[2026.04.26-22.32.38:105][408]LogModuleManager: Shutting down and abandoning module UMG (276)
[2026.04.26-22.32.38:105][408]LogModuleManager: Shutting down and abandoning module UMGEditor (275)
[2026.04.26-22.32.38:105][408]LogModuleManager: Shutting down and abandoning module MessageLog (273)
[2026.04.26-22.32.38:105][408]LogModuleManager: Shutting down and abandoning module SlateReflector (268)
[2026.04.26-22.32.38:105][408]LogModuleManager: Shutting down and abandoning module Slate (266)
[2026.04.26-22.32.38:105][408]LogModuleManager: Shutting down and abandoning module SlateCore (264)
[2026.04.26-22.32.38:107][408]LogModuleManager: Shutting down and abandoning module LandscapeEditorUtilities (262)
[2026.04.26-22.32.38:107][408]LogModuleManager: Shutting down and abandoning module UnrealEd (260)
[2026.04.26-22.32.38:107][408]LogModuleManager: Shutting down and abandoning module MRMesh (258)
[2026.04.26-22.32.38:107][408]LogModuleManager: Shutting down and abandoning module SourceCodeAccess (256)
[2026.04.26-22.32.38:107][408]LogModuleManager: Shutting down and abandoning module HeadMountedDisplay (254)
[2026.04.26-22.32.38:107][408]LogModuleManager: Shutting down and abandoning module XAudio2 (252)
[2026.04.26-22.32.38:107][408]LogModuleManager: Shutting down and abandoning module Networking (250)
[2026.04.26-22.32.38:107][408]LogModuleManager: Shutting down and abandoning module Core (248)
[2026.04.26-22.32.38:107][408]LogModuleManager: Shutting down and abandoning module MaterialEditor (246)
[2026.04.26-22.32.38:107][408]LogModuleManager: Shutting down and abandoning module MovieSceneTools (244)
[2026.04.26-22.32.38:107][408]LogModuleManager: Shutting down and abandoning module CurveEditor (243)
[2026.04.26-22.32.38:107][408]LogModuleManager: Shutting down and abandoning module Sequencer (241)
[2026.04.26-22.32.38:107][408]LogModuleManager: Shutting down and abandoning module EditorStyle (240)
[2026.04.26-22.32.38:110][408]LogModuleManager: Shutting down and abandoning module KismetCompiler (236)
[2026.04.26-22.32.38:110][408]LogModuleManager: Shutting down and abandoning module MeshBuilder (234)
[2026.04.26-22.32.38:110][408]LogModuleManager: Shutting down and abandoning module MeshUtilities (232)
[2026.04.26-22.32.38:110][408]LogModuleManager: Shutting down and abandoning module MeshMergeUtilities (231)
[2026.04.26-22.32.38:110][408]LogModuleManager: Shutting down and abandoning module MeshReductionInterface (230)
[2026.04.26-22.32.38:110][408]LogModuleManager: Shutting down and abandoning module MeshBoneReduction (229)
[2026.04.26-22.32.38:110][408]LogModuleManager: Shutting down and abandoning module SkeletalMeshReduction (227)
[2026.04.26-22.32.38:110][408]LogModuleManager: Shutting down and abandoning module ProxyLODMeshReduction (225)
[2026.04.26-22.32.38:110][408]LogModuleManager: Shutting down and abandoning module QuadricMeshReduction (223)
[2026.04.26-22.32.38:110][408]LogModuleManager: Shutting down and abandoning module MaterialBaking (219)
[2026.04.26-22.32.38:110][408]LogModuleManager: Shutting down and abandoning module NullInstallBundleManager (214)
[2026.04.26-22.32.38:110][408]LogModuleManager: Shutting down and abandoning module DerivedDataCache (212)
[2026.04.26-22.32.38:110][408]LogModuleManager: Shutting down and abandoning module TargetPlatform (210)
[2026.04.26-22.32.38:110][408]LogModuleManager: Shutting down and abandoning module VulkanShaderFormat (209)
[2026.04.26-22.32.38:110][408]LogModuleManager: Shutting down and abandoning module ShaderFormatVectorVM (207)
[2026.04.26-22.32.38:110][408]LogModuleManager: Shutting down and abandoning module ShaderFormatOpenGL (205)
[2026.04.26-22.32.38:110][408]LogModuleManager: Shutting down and abandoning module ShaderFormatD3D (203)
[2026.04.26-22.32.38:110][408]LogModuleManager: Shutting down and abandoning module MetalShaderFormat (201)
[2026.04.26-22.32.38:110][408]LogModuleManager: Shutting down and abandoning module TextureFormatOodle (199)
[2026.04.26-22.32.38:110][408]LogModuleManager: Shutting down and abandoning module TextureFormatUncompressed (197)
[2026.04.26-22.32.38:110][408]LogModuleManager: Shutting down and abandoning module TextureFormatPVR (195)
[2026.04.26-22.32.38:110][408]LogModuleManager: Shutting down and abandoning module TextureFormatETC2 (193)
[2026.04.26-22.32.38:110][408]LogModuleManager: Shutting down and abandoning module TextureFormatDXT (191)
[2026.04.26-22.32.38:111][408]LogModuleManager: Shutting down and abandoning module TextureFormatIntelISPCTexComp (189)
[2026.04.26-22.32.38:111][408]LogModuleManager: Shutting down and abandoning module TextureFormatASTC (187)
[2026.04.26-22.32.38:111][408]LogModuleManager: Shutting down and abandoning module ImageWrapper (186)
[2026.04.26-22.32.38:111][408]LogModuleManager: Shutting down and abandoning module AudioFormatOpus (183)
[2026.04.26-22.32.38:111][408]LogModuleManager: Shutting down and abandoning module AudioFormatOgg (181)
[2026.04.26-22.32.38:111][408]LogModuleManager: Shutting down and abandoning module AudioFormatADPCM (179)
[2026.04.26-22.32.38:111][408]LogModuleManager: Shutting down and abandoning module WindowsServerTargetPlatform (177)
[2026.04.26-22.32.38:111][408]LogModuleManager: Shutting down and abandoning module WindowsClientTargetPlatform (175)
[2026.04.26-22.32.38:111][408]LogModuleManager: Shutting down and abandoning module WindowsTargetPlatform (173)
[2026.04.26-22.32.38:111][408]LogModuleManager: Shutting down and abandoning module WindowsNoEditorTargetPlatform (171)
[2026.04.26-22.32.38:111][408]LogModuleManager: Shutting down and abandoning module TVOSTargetPlatform (169)
[2026.04.26-22.32.38:112][408]LogModuleManager: Shutting down and abandoning module MacServerTargetPlatform (167)
[2026.04.26-22.32.38:112][408]LogModuleManager: Shutting down and abandoning module MacClientTargetPlatform (165)
[2026.04.26-22.32.38:112][408]LogModuleManager: Shutting down and abandoning module MacTargetPlatform (163)
[2026.04.26-22.32.38:112][408]LogModuleManager: Shutting down and abandoning module MacNoEditorTargetPlatform (161)
[2026.04.26-22.32.38:112][408]LogModuleManager: Shutting down and abandoning module LuminTargetPlatform (159)
[2026.04.26-22.32.38:114][408]LogModuleManager: Shutting down and abandoning module LinuxAArch64ServerTargetPlatform (157)
[2026.04.26-22.32.38:114][408]LogModuleManager: Shutting down and abandoning module LinuxAArch64ClientTargetPlatform (155)
[2026.04.26-22.32.38:114][408]LogModuleManager: Shutting down and abandoning module LinuxAArch64NoEditorTargetPlatform (153)
[2026.04.26-22.32.38:114][408]LogModuleManager: Shutting down and abandoning module LinuxServerTargetPlatform (151)
[2026.04.26-22.32.38:114][408]LogModuleManager: Shutting down and abandoning module LinuxClientTargetPlatform (149)
[2026.04.26-22.32.38:114][408]LogModuleManager: Shutting down and abandoning module LinuxNoEditorTargetPlatform (147)
[2026.04.26-22.32.38:114][408]LogModuleManager: Shutting down and abandoning module LinuxTargetPlatform (145)
[2026.04.26-22.32.38:114][408]LogModuleManager: Shutting down and abandoning module Messaging (143)
[2026.04.26-22.32.38:114][408]LogModuleManager: Shutting down and abandoning module IOSTargetPlatform (141)
[2026.04.26-22.32.38:115][408]LogModuleManager: Shutting down and abandoning module AndroidTargetPlatform (139)
[2026.04.26-22.32.38:121][408]LogModuleManager: Shutting down and abandoning module AllDesktopTargetPlatform (137)
[2026.04.26-22.32.38:121][408]LogModuleManager: Shutting down and abandoning module D3D11RHI (134)
[2026.04.26-22.32.38:122][408]LogModuleManager: Shutting down and abandoning module InputCore (132)
[2026.04.26-22.32.38:122][408]LogModuleManager: Shutting down and abandoning module Settings (130)
[2026.04.26-22.32.38:122][408]LogModuleManager: Shutting down and abandoning module DirectoryWatcher (128)
[2026.04.26-22.32.38:122][408]LogModuleManager: Shutting down and abandoning module PhysXCooking (126)
[2026.04.26-22.32.38:122][408]LogModuleManager: Shutting down and abandoning module Chaos (124)
[2026.04.26-22.32.38:122][408]LogModuleManager: Shutting down and abandoning module WindowsPlatformFeatures (122)
[2026.04.26-22.32.38:122][408]LogModuleManager: Shutting down and abandoning module GameplayMediaEncoder (121)
[2026.04.26-22.32.38:122][408]LogModuleManager: Shutting down and abandoning module AVEncoder (120)
[2026.04.26-22.32.38:122][408]LogModuleManager: Shutting down and abandoning module SteamVRInputDevice (116)
[2026.04.26-22.32.38:122][408]LogModuleManager: Shutting down and abandoning module SteamVRInput (114)
[2026.04.26-22.32.38:122][408]LogModuleManager: Shutting down and abandoning module SteamVR (112)
[2026.04.26-22.32.38:122][408]LogHMD: Freeing OpenVRDLLHandle.
[2026.04.26-22.32.38:122][408]LogModuleManager: Shutting down and abandoning module OculusHMD (110)
[2026.04.26-22.32.38:122][408]LogModuleManager: Shutting down and abandoning module OpenXRHandTracking (108)
[2026.04.26-22.32.38:122][408]LogSlate: Slate User Destroyed.  User Index 0, Is Virtual User: 0
[2026.04.26-22.32.38:124][408]LogModuleManager: Shutting down and abandoning module OpenXREyeTracker (106)
[2026.04.26-22.32.38:124][408]LogModuleManager: Shutting down and abandoning module OpenXRAR (104)
[2026.04.26-22.32.38:124][408]LogModuleManager: Shutting down and abandoning module AugmentedReality (103)
[2026.04.26-22.32.38:124][408]LogModuleManager: Shutting down and abandoning module OpenXRHMD (100)
[2026.04.26-22.32.38:124][408]LogModuleManager: Shutting down and abandoning module ExampleDeviceProfileSelector (98)
[2026.04.26-22.32.38:125][408]LogModuleManager: Shutting down and abandoning module ChunkDownloader (96)
[2026.04.26-22.32.38:125][408]LogModuleManager: Shutting down and abandoning module LauncherChunkInstaller (94)
[2026.04.26-22.32.38:125][408]LogModuleManager: Shutting down and abandoning module OnlineBlueprintSupport (92)
[2026.04.26-22.32.38:125][408]LogModuleManager: Shutting down and abandoning module OnlineSubsystem (88)
[2026.04.26-22.32.38:127][408]LogModuleManager: Shutting down and abandoning module XMPP (83)
[2026.04.26-22.32.38:127][408]LogModuleManager: Shutting down and abandoning module WebSockets (82)
[2026.04.26-22.32.38:143][408]LogModuleManager: Shutting down and abandoning module HTTP (79)
[2026.04.26-22.32.38:143][408]LogHttp: Display: Http module shutting down, but needs to wait on 1 outstanding Http requests:
[2026.04.26-22.32.38:143][408]LogHttp: Display: 	verb=[POST] url=[https://datarouter.ol.epicgames.com/datarouter/api/v1/public/data?SessionID=%7BF7FFA1FC-4F8F-6444-8AA7-CC95A118B31A%7D&AppID=UEEditor.Rocket.Release&AppVersion=4.27.2-18319896%2B%2B%2BUE4%2BRelease-4.27&UserID=348e9f624b4a3ef3be7fedaafb7de6fd%7Cb26187d4ee3a43c1989627066fea8b63%7C8e2446b4-2747-4f1f-8a88-f04adb2f4bc8&AppEnvironment=datacollector-binary&UploadType=eteventstream] refs=[1] status=Processing
[2026.04.26-22.32.38:143][408]LogHttp: Display: cleaning up 1 outstanding Http requests.
[2026.04.26-22.32.38:143][408]LogHttp: Warning: 0000014061C37900: invalid HTTP response code received. URL: https://datarouter.ol.epicgames.com/datarouter/api/v1/public/data?SessionID=%7BF7FFA1FC-4F8F-6444-8AA7-CC95A118B31A%7D&AppID=UEEditor.Rocket.Release&AppVersion=4.27.2-18319896%2B%2B%2BUE4%2BRelease-4.27&UserID=348e9f624b4a3ef3be7fedaafb7de6fd%7Cb26187d4ee3a43c1989627066fea8b63%7C8e2446b4-2747-4f1f-8a88-f04adb2f4bc8&AppEnvironment=datacollector-binary&UploadType=eteventstream, HTTP code: 0, content length: 0, actual payload size: 0
[2026.04.26-22.32.38:143][408]LogHttp: Warning: 0000014061C37900: request failed, libcurl error: 7 (Couldn't connect to server)
[2026.04.26-22.32.38:143][408]LogHttp: Warning: 0000014061C37900: libcurl info message cache 0 (Hostname 127.0.0.1 was found in DNS cache)
[2026.04.26-22.32.38:143][408]LogHttp: Warning: 0000014061C37900: libcurl info message cache 1 (  Trying 127.0.0.1...)
[2026.04.26-22.32.38:144][408]LogHttp: Warning: 0000014061C37900: libcurl info message cache 2 (TCP_NODELAY set)
[2026.04.26-22.32.38:144][408]LogHttp: Warning: 0000014061C37900: libcurl info message cache 3 (connect to 127.0.0.1 port 12334 failed: Connection refused)
[2026.04.26-22.32.38:144][408]LogHttp: Warning: 0000014061C37900: libcurl info message cache 4 (Failed to connect to 127.0.0.1 port 12334: Connection refused)
[2026.04.26-22.32.38:144][408]LogHttp: Warning: 0000014061C37900: libcurl info message cache 5 (Closing connection 1)
[2026.04.26-22.32.38:166][408]LogModuleManager: Shutting down and abandoning module SSL (78)
[2026.04.26-22.32.38:167][408]LogModuleManager: Shutting down and abandoning module VariantManagerContent (74)
[2026.04.26-22.32.38:167][408]LogModuleManager: Shutting down and abandoning module WmfMedia (72)
[2026.04.26-22.32.38:171][408]LogModuleManager: Shutting down and abandoning module Media (71)
[2026.04.26-22.32.38:174][408]LogModuleManager: Shutting down and abandoning module MediaInfo (70)
[2026.04.26-22.32.38:174][408]LogModuleManager: Shutting down and abandoning module DatasmithContent (66)
[2026.04.26-22.32.38:175][408]LogModuleManager: Shutting down and abandoning module ExrReaderGpu (64)
[2026.04.26-22.32.38:175][408]LogModuleManager: Shutting down and abandoning module NiagaraVertexFactories (62)
[2026.04.26-22.32.38:175][408]LogModuleManager: Shutting down and abandoning module NiagaraShader (60)
[2026.04.26-22.32.38:175][408]LogModuleManager: Shutting down and abandoning module MLSDK (58)
[2026.04.26-22.32.38:175][408]LogModuleManager: Shutting down and abandoning module MagicLeap (56)
[2026.04.26-22.32.38:175][408]LogModuleManager: Shutting down and abandoning module ChaosCloth (54)
[2026.04.26-22.32.38:175][408]LogModuleManager: Shutting down and abandoning module PixWinPlugin (52)
[2026.04.26-22.32.38:175][408]LogModuleManager: Shutting down and abandoning module AISupportModule (50)
[2026.04.26-22.32.38:175][408]LogModuleManager: Shutting down and abandoning module DesktopPlatform (48)
[2026.04.26-22.32.38:175][408]LogModuleManager: Shutting down and abandoning module PythonScriptPluginPreload (46)
[2026.04.26-22.32.38:175][408]LogModuleManager: Shutting down and abandoning module PlatformCryptoOpenSSL (44)
[2026.04.26-22.32.38:175][408]LogModuleManager: Shutting down and abandoning module PlatformCryptoTypes (42)
[2026.04.26-22.32.38:175][408]LogModuleManager: Shutting down and abandoning module PlatformCrypto (40)
[2026.04.26-22.32.38:175][408]LogModuleManager: Shutting down and abandoning module OodleDataCompressionFormat (38)
[2026.04.26-22.32.38:175][408]LogModuleManager: Shutting down and abandoning module XGEController (36)
[2026.04.26-22.32.38:175][408]LogModuleManager: Shutting down and abandoning module AnimationModifiers (34)
[2026.04.26-22.32.38:175][408]LogModuleManager: Shutting down and abandoning module AudioEditor (32)
[2026.04.26-22.32.38:176][408]LogModuleManager: Shutting down and abandoning module PropertyEditor (31)
[2026.04.26-22.32.38:176][408]LogModuleManager: Shutting down and abandoning module TextureCompressor (28)
[2026.04.26-22.32.38:176][408]LogModuleManager: Shutting down and abandoning module RenderCore (26)
[2026.04.26-22.32.38:176][408]LogModuleManager: Shutting down and abandoning module Landscape (24)
[2026.04.26-22.32.38:176][408]LogModuleManager: Shutting down and abandoning module SlateRHIRenderer (22)
[2026.04.26-22.32.38:178][408]LogModuleManager: Shutting down and abandoning module AnimGraphRuntime (20)
[2026.04.26-22.32.38:178][408]LogModuleManager: Shutting down and abandoning module Renderer (18)
[2026.04.26-22.32.38:178][408]LogModuleManager: Shutting down and abandoning module Engine (16)
[2026.04.26-22.32.38:178][408]LogModuleManager: Shutting down and abandoning module CoreUObject (14)
[2026.04.26-22.32.38:178][408]LogModuleManager: Shutting down and abandoning module NetworkFile (12)
[2026.04.26-22.32.38:178][408]LogModuleManager: Shutting down and abandoning module CookedIterativeFile (10)
[2026.04.26-22.32.38:178][408]LogModuleManager: Shutting down and abandoning module StreamingFile (8)
[2026.04.26-22.32.38:178][408]LogModuleManager: Shutting down and abandoning module SandboxFile (6)
[2026.04.26-22.32.38:178][408]LogModuleManager: Shutting down and abandoning module PakFile (4)
[2026.04.26-22.32.38:178][408]LogModuleManager: Shutting down and abandoning module RSA (3)
[2026.04.26-22.32.38:441][408]LogContentStreaming: Display: There are 1 unreleased StreamingManagers
[2026.04.26-22.32.38:502][408]LogD3D11RHI: Shutdown
[2026.04.26-22.32.38:502][408]LogD3D11RHI: CleanupD3DDevice
[2026.04.26-22.32.38:505][408]LogExit: Exiting.
[2026.04.26-22.32.38:513][408]Log file closed, 04/27/26 01:32:38
