Log file open, 05/02/26 13:12:45
LogWindows: Failed to load 'aqProf.dll' (GetLastError=126)
LogWindows: File 'aqProf.dll' does not exist
LogWindows: Failed to load 'VtuneApi.dll' (GetLastError=126)
LogWindows: File 'VtuneApi.dll' does not exist
LogWindows: Failed to load 'VtuneApi32e.dll' (GetLastError=126)
LogWindows: File 'VtuneApi32e.dll' does not exist
LogConsoleResponse: Display: Failed to find resolution value strings in scalability ini. Falling back to default.
LogConsoleResponse: Display: Failed to find resolution value strings in scalability ini. Falling back to default.
LogInit: Display: Running engine for game: Snake
LogPlatformFile: Not using cached read wrapper
LogTaskGraph: Started task graph with 5 named threads and 47 total threads with 3 sets of task threads.
LogStats: Stats thread started at 0.431880
LogICUInternationalization: ICU TimeZone Detection - Raw Offset: +3:00, Platform Override: ''
LogInit: Display: Loading text-based GConfig....
LogPluginManager: Mounting plugin MeshPainting
LogPluginManager: Mounting plugin XGEController
LogPluginManager: Mounting plugin Paper2D
LogPluginManager: Mounting plugin EnvironmentQueryEditor
LogPluginManager: Mounting plugin LiveLink
LogPluginManager: Mounting plugin AISupport
LogPluginManager: Mounting plugin GameplayCameras
LogPluginManager: Mounting plugin LightPropagationVolume
LogPluginManager: Mounting plugin CameraShakePreviewer
LogPluginManager: Mounting plugin OodleData
LogPluginManager: Mounting plugin OodleNetwork
LogPluginManager: Mounting plugin AnimationSharing
LogPluginManager: Mounting plugin CLionSourceCodeAccess
LogPluginManager: Mounting plugin GitSourceControl
LogPluginManager: Mounting plugin CodeLiteSourceCodeAccess
LogPluginManager: Mounting plugin DatasmithContent
LogPluginManager: Mounting plugin PixWinPlugin
LogPluginManager: Mounting plugin PerforceSourceControl
LogPluginManager: Mounting plugin PlasticSourceControl
LogPluginManager: Mounting plugin NullSourceCodeAccess
LogPluginManager: Mounting plugin KDevelopSourceCodeAccess
LogPluginManager: Mounting plugin PluginUtils
LogPluginManager: Mounting plugin VariantManagerContent
LogPluginManager: Mounting plugin PropertyAccessNode
LogPluginManager: Mounting plugin SubversionSourceControl
LogPluginManager: Mounting plugin RiderSourceCodeAccess
LogPluginManager: Mounting plugin TextureFormatOodle
LogPluginManager: Mounting plugin UObjectPlugin
LogPluginManager: Mounting plugin VisualStudioSourceCodeAccess
LogPluginManager: Mounting plugin AssetManagerEditor
LogPluginManager: Mounting plugin XCodeSourceCodeAccess
LogPluginManager: Mounting plugin VisualStudioCodeSourceCodeAccess
LogPluginManager: Mounting plugin CurveEditorTools
LogPluginManager: Mounting plugin DataValidation
LogPluginManager: Mounting plugin GameplayTagsEditor
LogPluginManager: Mounting plugin GeometryMode
LogPluginManager: Mounting plugin FacialAnimation
LogPluginManager: Mounting plugin MacGraphicsSwitching
LogPluginManager: Mounting plugin MaterialAnalyzer
LogPluginManager: Mounting plugin CryptoKeys
LogPluginManager: Mounting plugin SpeedTreeImporter
LogPluginManager: Mounting plugin MobileLauncherProfileWizard
LogPluginManager: Mounting plugin Niagara
LogPluginManager: Mounting plugin AlembicImporter
LogPluginManager: Mounting plugin PluginBrowser
LogPluginManager: Mounting plugin AutomationUtils
LogPluginManager: Mounting plugin ChaosCloth
LogPluginManager: Mounting plugin ChaosClothEditor
LogPluginManager: Mounting plugin ChaosEditor
LogPluginManager: Mounting plugin BackChannel
LogPluginManager: Mounting plugin ChaosSolverPlugin
LogPluginManager: Mounting plugin CharacterAI
LogPluginManager: Mounting plugin ChaosNiagara
LogPluginManager: Mounting plugin GeometryCollectionPlugin
LogPluginManager: Mounting plugin GeometryCache
LogPluginManager: Mounting plugin GeometryProcessing
LogPluginManager: Mounting plugin MotoSynth
LogPluginManager: Mounting plugin OpenImageDenoise
LogPluginManager: Mounting plugin PlanarCut
LogPluginManager: Mounting plugin PythonScriptPlugin
LogPluginManager: Mounting plugin PlatformCrypto
LogPluginManager: Mounting plugin SkeletalReduction
LogPluginManager: Mounting plugin ProxyLODPlugin
LogPluginManager: Mounting plugin LuminPlatformFeatures
LogPluginManager: Mounting plugin MagicLeap
LogPluginManager: Mounting plugin AndroidMedia
LogPluginManager: Mounting plugin MagicLeapMedia
LogPluginManager: Mounting plugin MagicLeapLightEstimation
LogPluginManager: Mounting plugin AvfMedia
LogPluginManager: Mounting plugin MLSDK
LogPluginManager: Mounting plugin ImgMedia
LogPluginManager: Mounting plugin MediaCompositing
LogPluginManager: Mounting plugin MagicLeapPassableWorld
LogPluginManager: Mounting plugin MediaPlayerEditor
LogPluginManager: Mounting plugin WmfMedia
LogPluginManager: Mounting plugin WebMMedia
LogPluginManager: Mounting plugin TcpMessaging
LogPluginManager: Mounting plugin UdpMessaging
LogPluginManager: Mounting plugin OnlineSubsystem
LogPluginManager: Mounting plugin LevelSequenceEditor
LogPluginManager: Mounting plugin OnlineSubsystemNull
LogPluginManager: Mounting plugin MatineeToLevelSequence
LogPluginManager: Mounting plugin OnlineSubsystemUtils
LogPluginManager: Mounting plugin ActorLayerUtilities
LogPluginManager: Mounting plugin LauncherChunkInstaller
LogPluginManager: Mounting plugin TemplateSequence
LogPluginManager: Mounting plugin AndroidDeviceProfileSelector
LogPluginManager: Mounting plugin AndroidMoviePlayer
LogPluginManager: Mounting plugin AppleMoviePlayer
LogPluginManager: Mounting plugin ActorSequence
LogPluginManager: Mounting plugin ArchVisCharacter
LogPluginManager: Mounting plugin AudioCapture
LogPluginManager: Mounting plugin AssetTags
LogPluginManager: Mounting plugin AppleImageUtils
LogPluginManager: Mounting plugin CableComponent
LogPluginManager: Mounting plugin AudioSynesthesia
LogPluginManager: Mounting plugin ChunkDownloader
LogPluginManager: Mounting plugin CustomMeshComponent
LogPluginManager: Mounting plugin EditableMesh
LogPluginManager: Mounting plugin ExampleDeviceProfileSelector
LogPluginManager: Mounting plugin GooglePAD
LogPluginManager: Mounting plugin GoogleCloudMessaging
LogPluginManager: Mounting plugin AndroidPermission
LogPluginManager: Mounting plugin IOSDeviceProfileSelector
LogPluginManager: Mounting plugin MobilePatchingUtils
LogPluginManager: Mounting plugin LinuxDeviceProfileSelector
LogPluginManager: Mounting plugin LocationServicesBPLibrary
LogPluginManager: Mounting plugin OpenXREyeTracker
LogPluginManager: Mounting plugin OpenXR
LogPluginManager: Mounting plugin PhysXVehicles
LogPluginManager: Mounting plugin ProceduralMeshComponent
LogPluginManager: Mounting plugin OpenXRHandTracking
LogPluginManager: Mounting plugin PropertyAccessEditor
LogPluginManager: Mounting plugin RuntimePhysXCooking
LogPluginManager: Mounting plugin SoundFields
LogPluginManager: Mounting plugin SignificanceManager
LogPluginManager: Mounting plugin Synthesis
LogPluginManager: Mounting plugin WebMMoviePlayer
LogPluginManager: Mounting plugin WindowsMoviePlayer
LogPluginManager: Mounting plugin ScreenshotTools
LogPluginManager: Mounting plugin Takes
LogPluginManager: Mounting plugin PostSplashScreen
LogPluginManager: Mounting plugin ContentBrowserAssetDataSource
LogPluginManager: Mounting plugin ContentBrowserFileDataSource
LogPluginManager: Mounting plugin ContentBrowserClassDataSource
LogPluginManager: Mounting plugin OnlineSubsystemGooglePlay
LogPluginManager: Mounting plugin OnlineSubsystemIOS
LogPluginManager: Mounting plugin OculusVR
LogPluginManager: Mounting plugin SteamVR
PixWinPlugin: PIX capture plugin failed to initialize! Check that the process is launched from PIX.
LogInit: Using libcurl 7.55.1-DEV
LogInit:  - built for x86_64-pc-win32
LogInit:  - supports SSL with OpenSSL/1.1.1
LogInit:  - supports HTTP deflate (compression) using libz 1.2.8
LogInit:  - other features:
LogInit:      CURL_VERSION_SSL
LogInit:      CURL_VERSION_LIBZ
LogInit:      CURL_VERSION_IPV6
LogInit:      CURL_VERSION_ASYNCHDNS
LogInit:      CURL_VERSION_LARGEFILE
LogInit:      CURL_VERSION_IDN
LogInit:  CurlRequestOptions (configurable via config and command line):
LogInit:  - bVerifyPeer = true  - Libcurl will verify peer certificate
LogInit:  - bUseHttpProxy = true  - Libcurl will use HTTP proxy
LogInit:  - HttpProxyAddress = '127.0.0.1:12334'
LogInit:  - bDontReuseConnections = false  - Libcurl will reuse connections
LogInit:  - MaxHostConnections = 16  - Libcurl will limit the number of connections to a host
LogInit:  - LocalHostAddr = Default
LogInit:  - BufferSize = 65536
LogOnline: OSS: Creating online subsystem instance for: NULL
LogInit: WinSock: version 1.1 (2.2), MaxSocks=32767, MaxUdp=65467
LogOnline: OSS: TryLoadSubsystemAndSetDefault: Loaded subsystem for module [NULL]
LogOculusPluginWrapper: OculusPlugin initialized successfully
LogHMD: Failed initializing OVRPlugin 1.59.0
LogInit: Build: ++UE4+Release-4.27-CL-18319896
LogInit: Engine Version: 4.27.2-18319896+++UE4+Release-4.27
LogInit: Compatible Engine Version: 4.27.0-17155196+++UE4+Release-4.27
LogInit: Net CL: 17155196
LogInit: OS: Windows 10 (Release 2009) (), CPU: AMD Ryzen 7 5700U with Radeon Graphics         , GPU: AMD Radeon(TM) Graphics
LogInit: Compiled (64-bit): Nov 30 2021 07:12:08
LogInit: Compiled with Visual C++: 19.24.28315.00
LogInit: Build Configuration: Development
LogInit: Branch Name: ++UE4+Release-4.27
LogInit: Command Line:  -skipcompile
LogInit: Base Directory: C:/Program Files/Epic Games/UE_4.27/Engine/Binaries/Win64/
LogInit: Allocator: TBB
LogInit: Installed Engine Build: 1
LogDevObjectVersion: Number of dev versions registered: 29
LogDevObjectVersion:   Dev-Blueprints (B0D832E4-1F89-4F0D-ACCF-7EB736FD4AA2): 10
LogDevObjectVersion:   Dev-Build (E1C64328-A22C-4D53-A36C-8E866417BD8C): 0
LogDevObjectVersion:   Dev-Core (375EC13C-06E4-48FB-B500-84F0262A717E): 4
LogDevObjectVersion:   Dev-Editor (E4B068ED-F494-42E9-A231-DA0B2E46BB41): 40
LogDevObjectVersion:   Dev-Framework (CFFC743F-43B0-4480-9391-14DF171D2073): 37
LogDevObjectVersion:   Dev-Mobile (B02B49B5-BB20-44E9-A304-32B752E40360): 3
LogDevObjectVersion:   Dev-Networking (A4E4105C-59A1-49B5-A7C5-40C4547EDFEE): 0
LogDevObjectVersion:   Dev-Online (39C831C9-5AE6-47DC-9A44-9C173E1C8E7C): 0
LogDevObjectVersion:   Dev-Physics (78F01B33-EBEA-4F98-B9B4-84EACCB95AA2): 14
LogDevObjectVersion:   Dev-Platform (6631380F-2D4D-43E0-8009-CF276956A95A): 0
LogDevObjectVersion:   Dev-Rendering (12F88B9F-8875-4AFC-A67C-D90C383ABD29): 45
LogDevObjectVersion:   Dev-Sequencer (7B5AE74C-D270-4C10-A958-57980B212A5A): 13
LogDevObjectVersion:   Dev-VR (D7296918-1DD6-4BDD-9DE2-64A83CC13884): 3
LogDevObjectVersion:   Dev-LoadTimes (C2A15278-BFE7-4AFE-6C17-90FF531DF755): 1
LogDevObjectVersion:   Private-Geometry (6EACA3D4-40EC-4CC1-B786-8BED09428FC5): 3
LogDevObjectVersion:   Dev-AnimPhys (29E575DD-E0A3-4627-9D10-D276232CDCEA): 17
LogDevObjectVersion:   Dev-Anim (AF43A65D-7FD3-4947-9873-3E8ED9C1BB05): 15
LogDevObjectVersion:   Dev-ReflectionCapture (6B266CEC-1EC7-4B8F-A30B-E4D90942FC07): 1
LogDevObjectVersion:   Dev-Automation (0DF73D61-A23F-47EA-B727-89E90C41499A): 1
LogDevObjectVersion:   FortniteMain (601D1886-AC64-4F84-AA16-D3DE0DEAC7D6): 47
LogDevObjectVersion:   FortniteRelease (E7086368-6B23-4C58-8439-1B7016265E91): 1
LogDevObjectVersion:   Dev-Enterprise (9DFFBCD6-494F-0158-E221-12823C92A888): 10
LogDevObjectVersion:   Dev-Niagara (F2AED0AC-9AFE-416F-8664-AA7FFA26D6FC): 1
LogDevObjectVersion:   Dev-Destruction (174F1F0B-B4C6-45A5-B13F-2EE8D0FB917D): 10
LogDevObjectVersion:   Dev-Physics-Ext (35F94A83-E258-406C-A318-09F59610247C): 41
LogDevObjectVersion:   Dev-PhysicsMaterial-Chaos (B68FC16E-8B1B-42E2-B453-215C058844FE): 1
LogDevObjectVersion:   Dev-CineCamera (B2E18506-4273-CFC2-A54E-F4BB758BBA07): 1
LogDevObjectVersion:   Dev-VirtualProduction (64F58936-FD1B-42BA-BA96-7289D5D0FA4E): 1
LogDevObjectVersion:   Dev-MediaFramework (6F0ED827-A609-4895-9C91-998D90180EA4): 2
LogInit: Presizing for max 25165824 objects, including 0 objects not considered by GC, pre-allocating 0 bytes for permanent pool.
LogConfig: Applying CVar settings from Section [/Script/Engine.StreamingSettings] File [C:/Users/user/Documents/GitHub Unreal/Snake/Snake/Saved/Config/Windows/Engine.ini]
LogConfig: Setting CVar [[s.MinBulkDataSizeForAsyncLoading:131072]]
LogConfig: Setting CVar [[s.AsyncLoadingThreadEnabled:0]]
LogConfig: Setting CVar [[s.EventDrivenLoaderEnabled:1]]
LogConfig: Setting CVar [[s.WarnIfTimeLimitExceeded:0]]
LogConfig: Setting CVar [[s.TimeLimitExceededMultiplier:1.5]]
LogConfig: Setting CVar [[s.TimeLimitExceededMinTime:0.005]]
LogConfig: Setting CVar [[s.UseBackgroundLevelStreaming:1]]
LogConfig: Setting CVar [[s.PriorityAsyncLoadingExtraTime:15.0]]
LogConfig: Setting CVar [[s.LevelStreamingActorsUpdateTimeLimit:5.0]]
LogConfig: Setting CVar [[s.PriorityLevelStreamingActorsUpdateExtraTime:5.0]]
LogConfig: Setting CVar [[s.LevelStreamingComponentsRegistrationGranularity:10]]
LogConfig: Setting CVar [[s.UnregisterComponentsTimeLimit:1.0]]
LogConfig: Setting CVar [[s.LevelStreamingComponentsUnregistrationGranularity:5]]
LogConfig: Setting CVar [[s.FlushStreamingOnExit:1]]
LogInit: Object subsystem initialized
LogConfig: Setting CVar [[con.DebugEarlyDefault:1]]
LogConfig: Setting CVar [[r.setres:1280x720]]
[2026.05.02-10.12.46:195][  0]LogConfig: Setting CVar [[r.VSync:0]]
[2026.05.02-10.12.46:195][  0]LogConfig: Setting CVar [[r.RHICmdBypass:0]]
[2026.05.02-10.12.46:195][  0]LogConfig: Applying CVar settings from Section [/Script/Engine.RendererSettings] File [C:/Users/user/Documents/GitHub Unreal/Snake/Snake/Saved/Config/Windows/Engine.ini]
[2026.05.02-10.12.46:195][  0]LogConfig: Setting CVar [[r.GPUCrashDebugging:0]]
[2026.05.02-10.12.46:195][  0]LogConfig: Applying CVar settings from Section [/Script/Engine.RendererOverrideSettings] File [C:/Users/user/Documents/GitHub Unreal/Snake/Snake/Saved/Config/Windows/Engine.ini]
[2026.05.02-10.12.46:195][  0]LogConfig: Applying CVar settings from Section [/Script/Engine.StreamingSettings] File [C:/Users/user/Documents/GitHub Unreal/Snake/Snake/Saved/Config/Windows/Engine.ini]
[2026.05.02-10.12.46:195][  0]LogConfig: Setting CVar [[s.MinBulkDataSizeForAsyncLoading:131072]]
[2026.05.02-10.12.46:195][  0]LogConfig: Setting CVar [[s.AsyncLoadingThreadEnabled:0]]
[2026.05.02-10.12.46:195][  0]LogConfig: Setting CVar [[s.EventDrivenLoaderEnabled:1]]
[2026.05.02-10.12.46:195][  0]LogConfig: Setting CVar [[s.WarnIfTimeLimitExceeded:0]]
[2026.05.02-10.12.46:195][  0]LogConfig: Setting CVar [[s.TimeLimitExceededMultiplier:1.5]]
[2026.05.02-10.12.46:195][  0]LogConfig: Setting CVar [[s.TimeLimitExceededMinTime:0.005]]
[2026.05.02-10.12.46:195][  0]LogConfig: Setting CVar [[s.UseBackgroundLevelStreaming:1]]
[2026.05.02-10.12.46:195][  0]LogConfig: Setting CVar [[s.PriorityAsyncLoadingExtraTime:15.0]]
[2026.05.02-10.12.46:195][  0]LogConfig: Setting CVar [[s.LevelStreamingActorsUpdateTimeLimit:5.0]]
[2026.05.02-10.12.46:196][  0]LogConfig: Setting CVar [[s.PriorityLevelStreamingActorsUpdateExtraTime:5.0]]
[2026.05.02-10.12.46:196][  0]LogConfig: Setting CVar [[s.LevelStreamingComponentsRegistrationGranularity:10]]
[2026.05.02-10.12.46:196][  0]LogConfig: Setting CVar [[s.UnregisterComponentsTimeLimit:1.0]]
[2026.05.02-10.12.46:196][  0]LogConfig: Setting CVar [[s.LevelStreamingComponentsUnregistrationGranularity:5]]
[2026.05.02-10.12.46:196][  0]LogConfig: Setting CVar [[s.FlushStreamingOnExit:1]]
[2026.05.02-10.12.46:196][  0]LogConfig: Applying CVar settings from Section [/Script/Engine.GarbageCollectionSettings] File [C:/Users/user/Documents/GitHub Unreal/Snake/Snake/Saved/Config/Windows/Engine.ini]
[2026.05.02-10.12.46:196][  0]LogConfig: Setting CVar [[gc.MaxObjectsNotConsideredByGC:1]]
[2026.05.02-10.12.46:196][  0]LogConfig: Setting CVar [[gc.SizeOfPermanentObjectPool:0]]
[2026.05.02-10.12.46:196][  0]LogConfig: Setting CVar [[gc.FlushStreamingOnGC:0]]
[2026.05.02-10.12.46:196][  0]LogConfig: Setting CVar [[gc.NumRetriesBeforeForcingGC:10]]
[2026.05.02-10.12.46:196][  0]LogConfig: Setting CVar [[gc.AllowParallelGC:1]]
[2026.05.02-10.12.46:196][  0]LogConfig: Setting CVar [[gc.TimeBetweenPurgingPendingKillObjects:61.1]]
[2026.05.02-10.12.46:196][  0]LogConfig: Setting CVar [[gc.MaxObjectsInEditor:25165824]]
[2026.05.02-10.12.46:196][  0]LogConfig: Setting CVar [[gc.IncrementalBeginDestroyEnabled:1]]
[2026.05.02-10.12.46:196][  0]LogConfig: Setting CVar [[gc.CreateGCClusters:1]]
[2026.05.02-10.12.46:196][  0]LogConfig: Setting CVar [[gc.MinGCClusterSize:5]]
[2026.05.02-10.12.46:196][  0]LogConfig: Setting CVar [[gc.ActorClusteringEnabled:0]]
[2026.05.02-10.12.46:196][  0]LogConfig: Setting CVar [[gc.BlueprintClusteringEnabled:0]]
[2026.05.02-10.12.46:197][  0]LogConfig: Setting CVar [[gc.UseDisregardForGCOnDedicatedServers:0]]
[2026.05.02-10.12.46:197][  0]LogConfig: Setting CVar [[gc.MultithreadedDestructionEnabled:1]]
[2026.05.02-10.12.46:197][  0]LogConfig: Applying CVar settings from Section [/Script/Engine.NetworkSettings] File [C:/Users/user/Documents/GitHub Unreal/Snake/Snake/Saved/Config/Windows/Engine.ini]
[2026.05.02-10.12.46:197][  0]LogConfig: Applying CVar settings from Section [/Script/UnrealEd.CookerSettings] File [C:/Users/user/Documents/GitHub Unreal/Snake/Snake/Saved/Config/Windows/Engine.ini]
[2026.05.02-10.12.46:206][  0]LogConfig: Applying CVar settings from Section [ViewDistanceQuality@3] File [C:/Users/user/Documents/GitHub Unreal/Snake/Snake/Saved/Config/Windows/Scalability.ini]
[2026.05.02-10.12.46:206][  0]LogConfig: Setting CVar [[r.SkeletalMeshLODBias:0]]
[2026.05.02-10.12.46:208][  0]LogConfig: Setting CVar [[r.ViewDistanceScale:1.0]]
[2026.05.02-10.12.46:208][  0]LogConfig: Applying CVar settings from Section [AntiAliasingQuality@3] File [C:/Users/user/Documents/GitHub Unreal/Snake/Snake/Saved/Config/Windows/Scalability.ini]
[2026.05.02-10.12.46:208][  0]LogConfig: Setting CVar [[r.PostProcessAAQuality:4]]
[2026.05.02-10.12.46:208][  0]LogConfig: Applying CVar settings from Section [ShadowQuality@3] File [C:/Users/user/Documents/GitHub Unreal/Snake/Snake/Saved/Config/Windows/Scalability.ini]
[2026.05.02-10.12.46:208][  0]LogConfig: Setting CVar [[r.LightFunctionQuality:1]]
[2026.05.02-10.12.46:208][  0]LogConfig: Setting CVar [[r.ShadowQuality:5]]
[2026.05.02-10.12.46:208][  0]LogConfig: Setting CVar [[r.Shadow.CSM.MaxCascades:10]]
[2026.05.02-10.12.46:208][  0]LogConfig: Setting CVar [[r.Shadow.MaxResolution:2048]]
[2026.05.02-10.12.46:208][  0]LogConfig: Setting CVar [[r.Shadow.MaxCSMResolution:2048]]
[2026.05.02-10.12.46:208][  0]LogConfig: Setting CVar [[r.Shadow.RadiusThreshold:0.01]]
[2026.05.02-10.12.46:208][  0]LogConfig: Setting CVar [[r.Shadow.DistanceScale:1.0]]
[2026.05.02-10.12.46:208][  0]LogConfig: Setting CVar [[r.Shadow.CSM.TransitionScale:1.0]]
[2026.05.02-10.12.46:208][  0]LogConfig: Setting CVar [[r.Shadow.PreShadowResolutionFactor:1.0]]
[2026.05.02-10.12.46:208][  0]LogConfig: Setting CVar [[r.DistanceFieldShadowing:1]]
[2026.05.02-10.12.46:208][  0]LogConfig: Setting CVar [[r.DistanceFieldAO:1]]
[2026.05.02-10.12.46:208][  0]LogConfig: Setting CVar [[r.AOQuality:2]]
[2026.05.02-10.12.46:208][  0]LogConfig: Setting CVar [[r.VolumetricFog:1]]
[2026.05.02-10.12.46:209][  0]LogConfig: Setting CVar [[r.VolumetricFog.GridPixelSize:8]]
[2026.05.02-10.12.46:209][  0]LogConfig: Setting CVar [[r.VolumetricFog.GridSizeZ:128]]
[2026.05.02-10.12.46:209][  0]LogConfig: Setting CVar [[r.VolumetricFog.HistoryMissSupersampleCount:4]]
[2026.05.02-10.12.46:209][  0]LogConfig: Setting CVar [[r.LightMaxDrawDistanceScale:1]]
[2026.05.02-10.12.46:209][  0]LogConfig: Setting CVar [[r.CapsuleShadows:1]]
[2026.05.02-10.12.46:209][  0]LogConfig: Applying CVar settings from Section [PostProcessQuality@3] File [C:/Users/user/Documents/GitHub Unreal/Snake/Snake/Saved/Config/Windows/Scalability.ini]
[2026.05.02-10.12.46:209][  0]LogConfig: Setting CVar [[r.MotionBlurQuality:4]]
[2026.05.02-10.12.46:209][  0]LogConfig: Setting CVar [[r.AmbientOcclusionMipLevelFactor:0.4]]
[2026.05.02-10.12.46:209][  0]LogConfig: Setting CVar [[r.AmbientOcclusionMaxQuality:100]]
[2026.05.02-10.12.46:209][  0]LogConfig: Setting CVar [[r.AmbientOcclusionLevels:-1]]
[2026.05.02-10.12.46:209][  0]LogConfig: Setting CVar [[r.AmbientOcclusionRadiusScale:1.0]]
[2026.05.02-10.12.46:209][  0]LogConfig: Setting CVar [[r.DepthOfFieldQuality:2]]
[2026.05.02-10.12.46:209][  0]LogConfig: Setting CVar [[r.RenderTargetPoolMin:400]]
[2026.05.02-10.12.46:209][  0]LogConfig: Setting CVar [[r.LensFlareQuality:2]]
[2026.05.02-10.12.46:209][  0]LogConfig: Setting CVar [[r.SceneColorFringeQuality:1]]
[2026.05.02-10.12.46:209][  0]LogConfig: Setting CVar [[r.EyeAdaptationQuality:2]]
[2026.05.02-10.12.46:209][  0]LogConfig: Setting CVar [[r.BloomQuality:5]]
[2026.05.02-10.12.46:209][  0]LogConfig: Setting CVar [[r.FastBlurThreshold:100]]
[2026.05.02-10.12.46:209][  0]LogConfig: Setting CVar [[r.Upscale.Quality:3]]
[2026.05.02-10.12.46:209][  0]LogConfig: Setting CVar [[r.Tonemapper.GrainQuantization:1]]
[2026.05.02-10.12.46:209][  0]LogConfig: Setting CVar [[r.LightShaftQuality:1]]
[2026.05.02-10.12.46:209][  0]LogConfig: Setting CVar [[r.Filter.SizeScale:1]]
[2026.05.02-10.12.46:209][  0]LogConfig: Setting CVar [[r.Tonemapper.Quality:5]]
[2026.05.02-10.12.46:209][  0]LogConfig: Setting CVar [[r.DOF.Gather.AccumulatorQuality:1        ; higher gathering accumulator quality]]
[2026.05.02-10.12.46:211][  0]LogConfig: Setting CVar [[r.DOF.Gather.PostfilterMethod:1          ; Median3x3 postfilering method]]
[2026.05.02-10.12.46:211][  0]LogConfig: Setting CVar [[r.DOF.Gather.EnableBokehSettings:0       ; no bokeh simulation when gathering]]
[2026.05.02-10.12.46:211][  0]LogConfig: Setting CVar [[r.DOF.Gather.RingCount:4                 ; medium number of samples when gathering]]
[2026.05.02-10.12.46:211][  0]LogConfig: Setting CVar [[r.DOF.Scatter.ForegroundCompositing:1    ; additive foreground scattering]]
[2026.05.02-10.12.46:211][  0]LogConfig: Setting CVar [[r.DOF.Scatter.BackgroundCompositing:2    ; additive background scattering]]
[2026.05.02-10.12.46:211][  0]LogConfig: Setting CVar [[r.DOF.Scatter.EnableBokehSettings:1      ; bokeh simulation when scattering]]
[2026.05.02-10.12.46:211][  0]LogConfig: Setting CVar [[r.DOF.Scatter.MaxSpriteRatio:0.1         ; only a maximum of 10% of scattered bokeh]]
[2026.05.02-10.12.46:211][  0]LogConfig: Setting CVar [[r.DOF.Recombine.Quality:1                ; cheap slight out of focus]]
[2026.05.02-10.12.46:211][  0]LogConfig: Setting CVar [[r.DOF.Recombine.EnableBokehSettings:0    ; no bokeh simulation on slight out of focus]]
[2026.05.02-10.12.46:211][  0]LogConfig: Setting CVar [[r.DOF.TemporalAAQuality:1                ; more stable temporal accumulation]]
[2026.05.02-10.12.46:211][  0]LogConfig: Setting CVar [[r.DOF.Kernel.MaxForegroundRadius:0.025]]
[2026.05.02-10.12.46:211][  0]LogConfig: Setting CVar [[r.DOF.Kernel.MaxBackgroundRadius:0.025]]
[2026.05.02-10.12.46:211][  0]LogConfig: Applying CVar settings from Section [TextureQuality@3] File [C:/Users/user/Documents/GitHub Unreal/Snake/Snake/Saved/Config/Windows/Scalability.ini]
[2026.05.02-10.12.46:211][  0]LogConfig: Setting CVar [[r.Streaming.MipBias:0]]
[2026.05.02-10.12.46:211][  0]LogConfig: Setting CVar [[r.Streaming.AmortizeCPUToGPUCopy:0]]
[2026.05.02-10.12.46:211][  0]LogConfig: Setting CVar [[r.Streaming.MaxNumTexturesToStreamPerFrame:0]]
[2026.05.02-10.12.46:211][  0]LogConfig: Setting CVar [[r.Streaming.Boost:1]]
[2026.05.02-10.12.46:211][  0]LogConfig: Setting CVar [[r.MaxAnisotropy:8]]
[2026.05.02-10.12.46:211][  0]LogConfig: Setting CVar [[r.VT.MaxAnisotropy:8]]
[2026.05.02-10.12.46:211][  0]LogConfig: Setting CVar [[r.Streaming.LimitPoolSizeToVRAM:0]]
[2026.05.02-10.12.46:211][  0]LogConfig: Setting CVar [[r.Streaming.PoolSize:1000]]
[2026.05.02-10.12.46:212][  0]LogConfig: Setting CVar [[r.Streaming.MaxEffectiveScreenSize:0]]
[2026.05.02-10.12.46:212][  0]LogConfig: Applying CVar settings from Section [EffectsQuality@3] File [C:/Users/user/Documents/GitHub Unreal/Snake/Snake/Saved/Config/Windows/Scalability.ini]
[2026.05.02-10.12.46:212][  0]LogConfig: Setting CVar [[r.TranslucencyLightingVolumeDim:64]]
[2026.05.02-10.12.46:212][  0]LogConfig: Setting CVar [[r.RefractionQuality:2]]
[2026.05.02-10.12.46:212][  0]LogConfig: Setting CVar [[r.SSR.Quality:3]]
[2026.05.02-10.12.46:212][  0]LogConfig: Setting CVar [[r.SSR.HalfResSceneColor:0]]
[2026.05.02-10.12.46:212][  0]LogConfig: Setting CVar [[r.SceneColorFormat:4]]
[2026.05.02-10.12.46:212][  0]LogConfig: Setting CVar [[r.DetailMode:2]]
[2026.05.02-10.12.46:212][  0]LogConfig: Setting CVar [[r.TranslucencyVolumeBlur:1]]
[2026.05.02-10.12.46:212][  0]LogConfig: Setting CVar [[r.MaterialQualityLevel:1 ; High quality]]
[2026.05.02-10.12.46:212][  0]LogConfig: Setting CVar [[r.AnisotropicMaterials:1]]
[2026.05.02-10.12.46:212][  0]LogConfig: Setting CVar [[r.SSS.Scale:1]]
[2026.05.02-10.12.46:212][  0]LogConfig: Setting CVar [[r.SSS.SampleSet:2]]
[2026.05.02-10.12.46:212][  0]LogConfig: Setting CVar [[r.SSS.Quality:1]]
[2026.05.02-10.12.46:212][  0]LogConfig: Setting CVar [[r.SSS.HalfRes:0]]
[2026.05.02-10.12.46:212][  0]LogConfig: Setting CVar [[r.SSGI.Quality:3]]
[2026.05.02-10.12.46:212][  0]LogConfig: Setting CVar [[r.EmitterSpawnRateScale:1.0]]
[2026.05.02-10.12.46:213][  0]LogConfig: Setting CVar [[r.ParticleLightQuality:2]]
[2026.05.02-10.12.46:213][  0]LogConfig: Setting CVar [[r.SkyAtmosphere.AerialPerspectiveLUT.FastApplyOnOpaque:1 ; Always have FastSkyLUT 1 in this case to avoid wrong sky]]
[2026.05.02-10.12.46:213][  0]LogConfig: Setting CVar [[r.SkyAtmosphere.AerialPerspectiveLUT.SampleCountMaxPerSlice:4]]
[2026.05.02-10.12.46:213][  0]LogConfig: Setting CVar [[r.SkyAtmosphere.AerialPerspectiveLUT.DepthResolution:16.0]]
[2026.05.02-10.12.46:213][  0]LogConfig: Setting CVar [[r.SkyAtmosphere.FastSkyLUT:1]]
[2026.05.02-10.12.46:213][  0]LogConfig: Setting CVar [[r.SkyAtmosphere.FastSkyLUT.SampleCountMin:4.0]]
[2026.05.02-10.12.46:213][  0]LogConfig: Setting CVar [[r.SkyAtmosphere.FastSkyLUT.SampleCountMax:128.0]]
[2026.05.02-10.12.46:213][  0]LogConfig: Setting CVar [[r.SkyAtmosphere.SampleCountMin:4.0]]
[2026.05.02-10.12.46:213][  0]LogConfig: Setting CVar [[r.SkyAtmosphere.SampleCountMax:128.0]]
[2026.05.02-10.12.46:213][  0]LogConfig: Setting CVar [[r.SkyAtmosphere.TransmittanceLUT.UseSmallFormat:0]]
[2026.05.02-10.12.46:213][  0]LogConfig: Setting CVar [[r.SkyAtmosphere.TransmittanceLUT.SampleCount:10.0]]
[2026.05.02-10.12.46:213][  0]LogConfig: Setting CVar [[r.SkyAtmosphere.MultiScatteringLUT.SampleCount:15.0]]
[2026.05.02-10.12.46:213][  0]LogConfig: Setting CVar [[r.SkyLight.RealTimeReflectionCapture:1]]
[2026.05.02-10.12.46:213][  0]LogConfig: Applying CVar settings from Section [FoliageQuality@3] File [C:/Users/user/Documents/GitHub Unreal/Snake/Snake/Saved/Config/Windows/Scalability.ini]
[2026.05.02-10.12.46:213][  0]LogConfig: Setting CVar [[foliage.DensityScale:1.0]]
[2026.05.02-10.12.46:213][  0]LogConfig: Setting CVar [[grass.DensityScale:1.0]]
[2026.05.02-10.12.46:214][  0]LogConfig: Applying CVar settings from Section [ShadingQuality@3] File [C:/Users/user/Documents/GitHub Unreal/Snake/Snake/Saved/Config/Windows/Scalability.ini]
[2026.05.02-10.12.46:214][  0]LogConfig: Setting CVar [[r.HairStrands.SkyLighting.IntegrationType:2]]
[2026.05.02-10.12.46:214][  0]LogConfig: Setting CVar [[r.HairStrands.SkyAO.SampleCount:4]]
[2026.05.02-10.12.46:214][  0]LogConfig: Setting CVar [[r.HairStrands.Visibility.MSAA.SamplePerPixel:4]]
[2026.05.02-10.12.46:214][  0]LogInit: Selected Device Profile: [Windows]
[2026.05.02-10.12.46:214][  0]LogInit: Applying CVar settings loaded from the selected device profile: [Windows]
[2026.05.02-10.12.46:214][  0]LogHAL: Display: Platform has ~ 16 GB [16469520384 / 17179869184 / 16], which maps to Larger [LargestMinGB=32, LargerMinGB=12, DefaultMinGB=8, SmallerMinGB=6, SmallestMinGB=0)
[2026.05.02-10.12.46:214][  0]LogInit: Going up to parent DeviceProfile []
[2026.05.02-10.12.46:214][  0]LogConfig: Applying CVar settings from Section [ViewDistanceQuality@1] File [C:/Users/user/Documents/GitHub Unreal/Snake/Snake/Saved/Config/Windows/Scalability.ini]
[2026.05.02-10.12.46:214][  0]LogConfig: Setting CVar [[r.SkeletalMeshLODBias:1]]
[2026.05.02-10.12.46:214][  0]LogConfig: Setting CVar [[r.ViewDistanceScale:0.6]]
[2026.05.02-10.12.46:214][  0]LogConfig: Applying CVar settings from Section [AntiAliasingQuality@1] File [C:/Users/user/Documents/GitHub Unreal/Snake/Snake/Saved/Config/Windows/Scalability.ini]
[2026.05.02-10.12.46:214][  0]LogConfig: Setting CVar [[r.PostProcessAAQuality:2]]
[2026.05.02-10.12.46:214][  0]LogConfig: Applying CVar settings from Section [ShadowQuality@1] File [C:/Users/user/Documents/GitHub Unreal/Snake/Snake/Saved/Config/Windows/Scalability.ini]
[2026.05.02-10.12.46:214][  0]LogConfig: Setting CVar [[r.LightFunctionQuality:1]]
[2026.05.02-10.12.46:215][  0]LogConfig: Setting CVar [[r.ShadowQuality:3]]
[2026.05.02-10.12.46:215][  0]LogConfig: Setting CVar [[r.Shadow.CSM.MaxCascades:1]]
[2026.05.02-10.12.46:215][  0]LogConfig: Setting CVar [[r.Shadow.MaxResolution:1024]]
[2026.05.02-10.12.46:215][  0]LogConfig: Setting CVar [[r.Shadow.MaxCSMResolution:1024]]
[2026.05.02-10.12.46:215][  0]LogConfig: Setting CVar [[r.Shadow.RadiusThreshold:0.05]]
[2026.05.02-10.12.46:215][  0]LogConfig: Setting CVar [[r.Shadow.DistanceScale:0.7]]
[2026.05.02-10.12.46:215][  0]LogConfig: Setting CVar [[r.Shadow.CSM.TransitionScale:0.25]]
[2026.05.02-10.12.46:215][  0]LogConfig: Setting CVar [[r.Shadow.PreShadowResolutionFactor:0.5]]
[2026.05.02-10.12.46:215][  0]LogConfig: Setting CVar [[r.DistanceFieldShadowing:0]]
[2026.05.02-10.12.46:215][  0]LogConfig: Setting CVar [[r.DistanceFieldAO:0]]
[2026.05.02-10.12.46:215][  0]LogConfig: Setting CVar [[r.VolumetricFog:0]]
[2026.05.02-10.12.46:215][  0]LogConfig: Setting CVar [[r.LightMaxDrawDistanceScale:.5]]
[2026.05.02-10.12.46:215][  0]LogConfig: Setting CVar [[r.CapsuleShadows:1]]
[2026.05.02-10.12.46:215][  0]LogConfig: Applying CVar settings from Section [PostProcessQuality@1] File [C:/Users/user/Documents/GitHub Unreal/Snake/Snake/Saved/Config/Windows/Scalability.ini]
[2026.05.02-10.12.46:215][  0]LogConfig: Setting CVar [[r.MotionBlurQuality:3]]
[2026.05.02-10.12.46:215][  0]LogConfig: Setting CVar [[r.AmbientOcclusionMipLevelFactor:1.0]]
[2026.05.02-10.12.46:215][  0]LogConfig: Setting CVar [[r.AmbientOcclusionMaxQuality:60]]
[2026.05.02-10.12.46:215][  0]LogConfig: Setting CVar [[r.AmbientOcclusionLevels:-1]]
[2026.05.02-10.12.46:215][  0]LogConfig: Setting CVar [[r.AmbientOcclusionRadiusScale:1.5]]
[2026.05.02-10.12.46:215][  0]LogConfig: Setting CVar [[r.DepthOfFieldQuality:1]]
[2026.05.02-10.12.46:215][  0]LogConfig: Setting CVar [[r.RenderTargetPoolMin:350]]
[2026.05.02-10.12.46:215][  0]LogConfig: Setting CVar [[r.LensFlareQuality:0]]
[2026.05.02-10.12.46:216][  0]LogConfig: Setting CVar [[r.SceneColorFringeQuality:0]]
[2026.05.02-10.12.46:216][  0]LogConfig: Setting CVar [[r.EyeAdaptationQuality:2]]
[2026.05.02-10.12.46:216][  0]LogConfig: Setting CVar [[r.BloomQuality:4]]
[2026.05.02-10.12.46:216][  0]LogConfig: Setting CVar [[r.FastBlurThreshold:2]]
[2026.05.02-10.12.46:216][  0]LogConfig: Setting CVar [[r.Upscale.Quality:2]]
[2026.05.02-10.12.46:216][  0]LogConfig: Setting CVar [[r.Tonemapper.GrainQuantization:0]]
[2026.05.02-10.12.46:216][  0]LogConfig: Setting CVar [[r.LightShaftQuality:0]]
[2026.05.02-10.12.46:216][  0]LogConfig: Setting CVar [[r.Filter.SizeScale:0.7]]
[2026.05.02-10.12.46:216][  0]LogConfig: Setting CVar [[r.Tonemapper.Quality:2]]
[2026.05.02-10.12.46:216][  0]LogConfig: Setting CVar [[r.DOF.Gather.AccumulatorQuality:0        ; lower gathering accumulator quality]]
[2026.05.02-10.12.46:216][  0]LogConfig: Setting CVar [[r.DOF.Gather.PostfilterMethod:2          ; Max3x3 postfilering method]]
[2026.05.02-10.12.46:216][  0]LogConfig: Setting CVar [[r.DOF.Gather.EnableBokehSettings:0       ; no bokeh simulation when gathering]]
[2026.05.02-10.12.46:216][  0]LogConfig: Setting CVar [[r.DOF.Gather.RingCount:3                 ; low number of samples when gathering]]
[2026.05.02-10.12.46:216][  0]LogConfig: Setting CVar [[r.DOF.Scatter.ForegroundCompositing:0    ; no foreground scattering]]
[2026.05.02-10.12.46:216][  0]LogConfig: Setting CVar [[r.DOF.Scatter.BackgroundCompositing:0    ; no foreground scattering]]
[2026.05.02-10.12.46:216][  0]LogConfig: Setting CVar [[r.DOF.Recombine.Quality:0                ; no slight out of focus]]
[2026.05.02-10.12.46:216][  0]LogConfig: Setting CVar [[r.DOF.TemporalAAQuality:0                ; faster temporal accumulation]]
[2026.05.02-10.12.46:216][  0]LogConfig: Setting CVar [[r.DOF.Kernel.MaxForegroundRadius:0.006   ; required because low gathering and no scattering and not looking great at 1080p]]
[2026.05.02-10.12.46:216][  0]LogConfig: Setting CVar [[r.DOF.Kernel.MaxBackgroundRadius:0.006   ; required because low gathering and no scattering and not looking great at 1080p]]
[2026.05.02-10.12.46:216][  0]LogConfig: Applying CVar settings from Section [TextureQuality@1] File [C:/Users/user/Documents/GitHub Unreal/Snake/Snake/Saved/Config/Windows/Scalability.ini]
[2026.05.02-10.12.46:216][  0]LogConfig: Setting CVar [[r.Streaming.MipBias:1]]
[2026.05.02-10.12.46:218][  0]LogConfig: Setting CVar [[r.Streaming.AmortizeCPUToGPUCopy:0]]
[2026.05.02-10.12.46:218][  0]LogConfig: Setting CVar [[r.Streaming.MaxNumTexturesToStreamPerFrame:0]]
[2026.05.02-10.12.46:218][  0]LogConfig: Setting CVar [[r.Streaming.Boost:1]]
[2026.05.02-10.12.46:218][  0]LogConfig: Setting CVar [[r.MaxAnisotropy:2]]
[2026.05.02-10.12.46:218][  0]LogConfig: Setting CVar [[r.VT.MaxAnisotropy:4]]
[2026.05.02-10.12.46:218][  0]LogConfig: Setting CVar [[r.Streaming.LimitPoolSizeToVRAM:1]]
[2026.05.02-10.12.46:218][  0]LogConfig: Setting CVar [[r.Streaming.PoolSize:600]]
[2026.05.02-10.12.46:218][  0]LogConfig: Setting CVar [[r.Streaming.MaxEffectiveScreenSize:0]]
[2026.05.02-10.12.46:218][  0]LogConfig: Applying CVar settings from Section [EffectsQuality@1] File [C:/Users/user/Documents/GitHub Unreal/Snake/Snake/Saved/Config/Windows/Scalability.ini]
[2026.05.02-10.12.46:218][  0]LogConfig: Setting CVar [[r.TranslucencyLightingVolumeDim:32]]
[2026.05.02-10.12.46:218][  0]LogConfig: Setting CVar [[r.RefractionQuality:0]]
[2026.05.02-10.12.46:218][  0]LogConfig: Setting CVar [[r.SSR.Quality:0]]
[2026.05.02-10.12.46:218][  0]LogConfig: Setting CVar [[r.SSR.HalfResSceneColor:1]]
[2026.05.02-10.12.46:218][  0]LogConfig: Setting CVar [[r.SceneColorFormat:3]]
[2026.05.02-10.12.46:218][  0]LogConfig: Setting CVar [[r.DetailMode:1]]
[2026.05.02-10.12.46:218][  0]LogConfig: Setting CVar [[r.TranslucencyVolumeBlur:0]]
[2026.05.02-10.12.46:218][  0]LogConfig: Setting CVar [[r.MaterialQualityLevel:2 ; Medium quality]]
[2026.05.02-10.12.46:218][  0]LogConfig: Setting CVar [[r.AnisotropicMaterials:0]]
[2026.05.02-10.12.46:218][  0]LogConfig: Setting CVar [[r.SSS.Scale:0.75]]
[2026.05.02-10.12.46:218][  0]LogConfig: Setting CVar [[r.SSS.SampleSet:0]]
[2026.05.02-10.12.46:218][  0]LogConfig: Setting CVar [[r.SSS.Quality:0]]
[2026.05.02-10.12.46:218][  0]LogConfig: Setting CVar [[r.SSS.HalfRes:1]]
[2026.05.02-10.12.46:218][  0]LogConfig: Setting CVar [[r.SSGI.Quality:1]]
[2026.05.02-10.12.46:219][  0]LogConfig: Setting CVar [[r.EmitterSpawnRateScale:0.25]]
[2026.05.02-10.12.46:219][  0]LogConfig: Setting CVar [[r.ParticleLightQuality:0]]
[2026.05.02-10.12.46:219][  0]LogConfig: Setting CVar [[r.SkyAtmosphere.AerialPerspectiveLUT.FastApplyOnOpaque:1 ; Always have FastSkyLUT 1 in this case to avoid wrong sky]]
[2026.05.02-10.12.46:219][  0]LogConfig: Setting CVar [[r.SkyAtmosphere.AerialPerspectiveLUT.SampleCountMaxPerSlice:1]]
[2026.05.02-10.12.46:219][  0]LogConfig: Setting CVar [[r.SkyAtmosphere.AerialPerspectiveLUT.DepthResolution:16.0]]
[2026.05.02-10.12.46:219][  0]LogConfig: Setting CVar [[r.SkyAtmosphere.FastSkyLUT:1]]
[2026.05.02-10.12.46:219][  0]LogConfig: Setting CVar [[r.SkyAtmosphere.FastSkyLUT.SampleCountMin:4.0]]
[2026.05.02-10.12.46:219][  0]LogConfig: Setting CVar [[r.SkyAtmosphere.FastSkyLUT.SampleCountMax:32.0]]
[2026.05.02-10.12.46:219][  0]LogConfig: Setting CVar [[r.SkyAtmosphere.SampleCountMin:4.0]]
[2026.05.02-10.12.46:219][  0]LogConfig: Setting CVar [[r.SkyAtmosphere.SampleCountMax:32.0]]
[2026.05.02-10.12.46:219][  0]LogConfig: Setting CVar [[r.SkyAtmosphere.TransmittanceLUT.UseSmallFormat:0]]
[2026.05.02-10.12.46:219][  0]LogConfig: Setting CVar [[r.SkyAtmosphere.TransmittanceLUT.SampleCount:10.0]]
[2026.05.02-10.12.46:219][  0]LogConfig: Setting CVar [[r.SkyAtmosphere.MultiScatteringLUT.SampleCount:15.0]]
[2026.05.02-10.12.46:219][  0]LogConfig: Setting CVar [[r.SkyLight.RealTimeReflectionCapture:0]]
[2026.05.02-10.12.46:219][  0]LogConfig: Applying CVar settings from Section [FoliageQuality@1] File [C:/Users/user/Documents/GitHub Unreal/Snake/Snake/Saved/Config/Windows/Scalability.ini]
[2026.05.02-10.12.46:219][  0]LogConfig: Setting CVar [[foliage.DensityScale:0.4]]
[2026.05.02-10.12.46:219][  0]LogConfig: Setting CVar [[grass.DensityScale:0.4]]
[2026.05.02-10.12.46:219][  0]LogConfig: Applying CVar settings from Section [ShadingQuality@1] File [C:/Users/user/Documents/GitHub Unreal/Snake/Snake/Saved/Config/Windows/Scalability.ini]
[2026.05.02-10.12.46:220][  0]LogConfig: Setting CVar [[r.HairStrands.SkyLighting.IntegrationType:2]]
[2026.05.02-10.12.46:220][  0]LogConfig: Setting CVar [[r.HairStrands.SkyAO.SampleCount:4]]
[2026.05.02-10.12.46:220][  0]LogConfig: Setting CVar [[r.HairStrands.Visibility.MSAA.SamplePerPixel:1]]
[2026.05.02-10.12.46:220][  0]LogConfig: Applying CVar settings from Section [Startup] File [../../../Engine/Config/ConsoleVariables.ini]
[2026.05.02-10.12.46:220][  0]LogConfig: Setting CVar [[net.UseAdaptiveNetUpdateFrequency:0]]
[2026.05.02-10.12.46:220][  0]LogConfig: Setting CVar [[p.chaos.AllowCreatePhysxBodies:1]]
[2026.05.02-10.12.46:220][  0]LogConfig: Setting CVar [[fx.SkipVectorVMBackendOptimizations:1]]
[2026.05.02-10.12.46:220][  0]LogConfig: Applying CVar settings from Section [ConsoleVariables] File [C:/Users/user/Documents/GitHub Unreal/Snake/Snake/Saved/Config/Windows/Engine.ini]
[2026.05.02-10.12.46:220][  0]LogConfig: Applying CVar settings from Section [ConsoleVariables] File [C:/Users/user/Documents/GitHub Unreal/Snake/Snake/Saved/Config/Windows/Editor.ini]
[2026.05.02-10.12.46:220][  0]LogInit: Computer: WIN-F0BR1M2G8QI
[2026.05.02-10.12.46:220][  0]LogInit: User: user
[2026.05.02-10.12.46:221][  0]LogInit: CPU Page size=4096, Cores=8
[2026.05.02-10.12.46:221][  0]LogInit: High frequency timer resolution =10.000000 MHz
[2026.05.02-10.12.46:221][  0]LogMemory: Memory total: Physical=15.3GB (16GB approx)
[2026.05.02-10.12.46:221][  0]LogMemory: Platform Memory Stats for Windows
[2026.05.02-10.12.46:221][  0]LogMemory: Process Physical Memory: 150.90 MB used, 150.90 MB peak
[2026.05.02-10.12.46:221][  0]LogMemory: Process Virtual Memory: 129.80 MB used, 129.80 MB peak
[2026.05.02-10.12.46:221][  0]LogMemory: Physical Memory: 11472.50 MB used,  4234.06 MB free, 15706.56 MB total
[2026.05.02-10.12.46:221][  0]LogMemory: Virtual Memory: 134214016.00 MB used,  3708.98 MB free, 134217728.00 MB total
[2026.05.02-10.12.46:285][  0]LogWindows: WindowsPlatformFeatures enabled
[2026.05.02-10.12.46:396][  0]LogInit: Physics initialised using underlying interface: PhysX
[2026.05.02-10.12.46:398][  0]LogInit: Using OS detected language (ru-RU).
[2026.05.02-10.12.46:398][  0]LogInit: Using OS detected locale (ru-RU).
[2026.05.02-10.12.46:405][  0]LogTextLocalizationManager: No specific localization for 'ru-RU' exists, so the 'ru' localization will be used.
[2026.05.02-10.12.46:406][  0]LogTextLocalizationResource: LocRes '../../../Engine/Content/Localization/Editor/ru/Editor.locres' could not be opened for reading!
[2026.05.02-10.12.46:407][  0]LogTextLocalizationResource: LocRes '../../../Engine/Content/Localization/EditorTutorials/ru/EditorTutorials.locres' could not be opened for reading!
[2026.05.02-10.12.46:407][  0]LogTextLocalizationResource: LocRes '../../../Engine/Content/Localization/Keywords/ru/Keywords.locres' could not be opened for reading!
[2026.05.02-10.12.46:407][  0]LogTextLocalizationResource: LocRes '../../../Engine/Content/Localization/Category/ru/Category.locres' could not be opened for reading!
[2026.05.02-10.12.46:408][  0]LogTextLocalizationResource: LocRes '../../../Engine/Content/Localization/ToolTips/ru/ToolTips.locres' could not be opened for reading!
[2026.05.02-10.12.46:408][  0]LogTextLocalizationResource: LocRes '../../../Engine/Content/Localization/PropertyNames/ru/PropertyNames.locres' could not be opened for reading!
[2026.05.02-10.12.46:408][  0]LogTextLocalizationResource: LocRes '../../../Engine/Content/Localization/Engine/ru/Engine.locres' could not be opened for reading!
[2026.05.02-10.12.46:410][  0]LogInit: Setting process to per monitor DPI aware
[2026.05.02-10.12.46:451][  0]LogWindowsTextInputMethodSystem: Display: IME system deactivated.
[2026.05.02-10.12.46:489][  0]LogSlate: New Slate User Created.  User Index 0, Is Virtual User: 0
[2026.05.02-10.12.46:489][  0]LogSlate: Slate User Registered.  User Index 0, Is Virtual User: 0
[2026.05.02-10.12.46:671][  0]LogD3D11RHI: Loaded GFSDK_Aftermath_Lib.x64.dll
[2026.05.02-10.12.46:691][  0]LogHMD: Failed to initialize OpenVR with code 110
[2026.05.02-10.12.46:691][  0]LogD3D11RHI: D3D11 min allowed feature level: 11_0
[2026.05.02-10.12.46:691][  0]LogD3D11RHI: D3D11 max allowed feature level: 11_0
[2026.05.02-10.12.46:691][  0]LogD3D11RHI: D3D11 adapters:
[2026.05.02-10.12.46:769][  0]LogD3D11RHI:    0. 'AMD Radeon(TM) Graphics' (Feature Level 11_0)
[2026.05.02-10.12.46:769][  0]LogD3D11RHI:       495/0/7853 MB DedicatedVideo/DedicatedSystem/SharedSystem, Outputs:1, VendorId:0x1002
[2026.05.02-10.12.46:778][  0]LogD3D11RHI:    1. 'Microsoft Basic Render Driver' (Feature Level 11_0)
[2026.05.02-10.12.46:778][  0]LogD3D11RHI:       0/0/7853 MB DedicatedVideo/DedicatedSystem/SharedSystem, Outputs:0, VendorId:0x1414
[2026.05.02-10.12.46:841][  0]LogD3D11RHI:    2. 'AMD Radeon(TM) Graphics' (Feature Level 11_0)
[2026.05.02-10.12.46:841][  0]LogD3D11RHI:       495/0/7853 MB DedicatedVideo/DedicatedSystem/SharedSystem, Outputs:0, VendorId:0x1002
[2026.05.02-10.12.46:841][  0]LogD3D11RHI: Chosen D3D11 Adapter:
[2026.05.02-10.12.46:841][  0]LogD3D11RHI:     Description : AMD Radeon(TM) Graphics
[2026.05.02-10.12.46:841][  0]LogD3D11RHI:     VendorId    : 1002
[2026.05.02-10.12.46:841][  0]LogD3D11RHI:     DeviceId    : 164c
[2026.05.02-10.12.46:842][  0]LogD3D11RHI:     SubSysId    : 1410152d
[2026.05.02-10.12.46:842][  0]LogD3D11RHI:     Revision    : 00c1
[2026.05.02-10.12.46:842][  0]LogD3D11RHI:     DedicatedVideoMemory : 519634944 bytes
[2026.05.02-10.12.46:842][  0]LogD3D11RHI:     DedicatedSystemMemory : 0 bytes
[2026.05.02-10.12.46:842][  0]LogD3D11RHI:     SharedSystemMemory : 8234760192 bytes
[2026.05.02-10.12.46:842][  0]LogD3D11RHI:     AdapterLuid : 0 45828
[2026.05.02-10.12.46:851][  0]LogD3D11RHI: Creating new Direct3DDevice
[2026.05.02-10.12.46:851][  0]LogD3D11RHI:     GPU DeviceId: 0x164c (for the marketing name, search the web for "GPU Device Id")
[2026.05.02-10.12.46:852][  0]LogWindows: EnumDisplayDevices:
[2026.05.02-10.12.46:852][  0]LogWindows:    0. 'AMD Radeon(TM) Graphics' (P:1 D:1)
[2026.05.02-10.12.46:853][  0]LogWindows:    1. 'AMD Radeon(TM) Graphics' (P:0 D:0)
[2026.05.02-10.12.46:853][  0]LogWindows:    2. 'AMD Radeon(TM) Graphics' (P:0 D:0)
[2026.05.02-10.12.46:854][  0]LogWindows:    3. 'IddDesk Device' (P:0 D:0)
[2026.05.02-10.12.46:854][  0]LogWindows:    4. 'IddDesk Device' (P:0 D:0)
[2026.05.02-10.12.46:856][  0]LogWindows:    5. 'IddDesk Device' (P:0 D:0)
[2026.05.02-10.12.46:856][  0]LogWindows:    6. 'IddDesk Device' (P:0 D:0)
[2026.05.02-10.12.46:856][  0]LogWindows:    7. 'IddDesk Device' (P:0 D:0)
[2026.05.02-10.12.46:857][  0]LogWindows:    8. 'IddDesk Device' (P:0 D:0)
[2026.05.02-10.12.46:857][  0]LogWindows:    9. 'IddDesk Device' (P:0 D:0)
[2026.05.02-10.12.46:857][  0]LogWindows:    10. 'IddDesk Device' (P:0 D:0)
[2026.05.02-10.12.46:859][  0]LogWindows:    11. 'IddDesk Device' (P:0 D:0)
[2026.05.02-10.12.46:859][  0]LogWindows:    12. 'IddDesk Device' (P:0 D:0)
[2026.05.02-10.12.46:860][  0]LogWindows: DebugString: GetVideoDriverDetailsInvalid PrimaryIsNotTheChoosenAdapter GetVideoDriverDetailsInvalid PrimaryIsNotTheChoosenAdapter GetVideoDriverDetailsInvalid PrimaryIsNotTheChoosenAdapter GetVideoDriverDetailsInvalid PrimaryIsNotTheChoosenAdapter GetVideoDriverDetailsInvalid PrimaryIsNotTheChoosenAdapter GetVideoDriverDetailsInvalid PrimaryIsNotTheChoosenAdapter GetVideoDriverDetailsInvalid PrimaryIsNotTheChoosenAdapter GetVideoDriverDetailsInvalid PrimaryIsNotTheChoosenAdapter GetVideoDriverDetailsInvalid PrimaryIsNotTheChoosenAdapter GetVideoDriverDetailsInvalid PrimaryIsNotTheChoosenAdapter FoundDriverCount:3 
[2026.05.02-10.12.46:860][  0]LogD3D11RHI:     Adapter Name: AMD Radeon(TM) Graphics
[2026.05.02-10.12.46:860][  0]LogD3D11RHI:   Driver Version: AMD Software: Adrenalin Edition 26.1.1 (internal:31.0.21924.61, unified:31.0.21924.61)
[2026.05.02-10.12.46:860][  0]LogD3D11RHI:      Driver Date: 12-11-2025
[2026.05.02-10.12.46:860][  0]LogRHI: Texture pool is 5372 MB (70% of 7675 MB)
[2026.05.02-10.12.46:896][  0]LogD3D11RHI: Creating D3DDevice with AMD AGS, using adapter:
[2026.05.02-10.12.46:896][  0]LogD3D11RHI:     Description : AMD Radeon(TM) Graphics
[2026.05.02-10.12.46:896][  0]LogD3D11RHI:     VendorId    : 1002
[2026.05.02-10.12.46:896][  0]LogD3D11RHI:     DeviceId    : 164c
[2026.05.02-10.12.46:896][  0]LogD3D11RHI:     SubSysId    : 1410152d
[2026.05.02-10.12.46:897][  0]LogD3D11RHI:     Revision    : 00c1
[2026.05.02-10.12.46:897][  0]LogD3D11RHI:     DedicatedVideoMemory : 519634944 bytes
[2026.05.02-10.12.46:897][  0]LogD3D11RHI:     DedicatedSystemMemory : 0 bytes
[2026.05.02-10.12.46:897][  0]LogD3D11RHI:     SharedSystemMemory : 8234760192 bytes
[2026.05.02-10.12.46:897][  0]LogD3D11RHI:     AdapterLuid : 0 45828
[2026.05.02-10.12.46:966][  0]LogD3D11RHI: Created device via AGS, feature level 11_0, supported extensions 1fffffbf.
[2026.05.02-10.12.46:966][  0]LogD3D11RHI: RHI has support for 64 bit atomics
[2026.05.02-10.12.46:967][  0]LogD3D11RHI: Async texture creation enabled
[2026.05.02-10.12.46:967][  0]LogD3D11RHI: Array index from any shader is supported
[2026.05.02-10.12.46:982][  0]LogD3D11RHI: GPU Timing Frequency: 100.000000 (Debug: 2 1)
[2026.05.02-10.12.47:582][  0]LogTargetPlatformManager: Display: Loaded TargetPlatform 'AllDesktop'
[2026.05.02-10.12.47:610][  0]LogTargetPlatformManager: Display: Loaded TargetPlatform 'Android'
[2026.05.02-10.12.47:610][  0]LogTargetPlatformManager: Display: Loaded TargetPlatform 'Android_ASTC'
[2026.05.02-10.12.47:611][  0]LogTargetPlatformManager: Display: Loaded TargetPlatform 'Android_DXT'
[2026.05.02-10.12.47:611][  0]LogTargetPlatformManager: Display: Loaded TargetPlatform 'Android_ETC2'
[2026.05.02-10.12.47:611][  0]LogTargetPlatformManager: Display: Loaded TargetPlatform 'AndroidClient'
[2026.05.02-10.12.47:611][  0]LogTargetPlatformManager: Display: Loaded TargetPlatform 'Android_ASTCClient'
[2026.05.02-10.12.47:611][  0]LogTargetPlatformManager: Display: Loaded TargetPlatform 'Android_DXTClient'
[2026.05.02-10.12.47:611][  0]LogTargetPlatformManager: Display: Loaded TargetPlatform 'Android_ETC2Client'
[2026.05.02-10.12.47:611][  0]LogTargetPlatformManager: Display: Loaded TargetPlatform 'Android_Multi'
[2026.05.02-10.12.47:611][  0]LogTargetPlatformManager: Display: Loaded TargetPlatform 'Android_MultiClient'
[2026.05.02-10.12.47:650][  0]LogTargetPlatformManager: Display: Loaded TargetPlatform 'IOSClient'
[2026.05.02-10.12.47:650][  0]LogTargetPlatformManager: Display: Loaded TargetPlatform 'IOS'
[2026.05.02-10.12.47:666][  0]LogTargetPlatformManager: Display: Loaded TargetPlatform 'Linux'
[2026.05.02-10.12.47:680][  0]LogTargetPlatformManager: Display: Loaded TargetPlatform 'LinuxNoEditor'
[2026.05.02-10.12.47:692][  0]LogTargetPlatformManager: Display: Loaded TargetPlatform 'LinuxClient'
[2026.05.02-10.12.47:703][  0]LogTargetPlatformManager: Display: Loaded TargetPlatform 'LinuxServer'
[2026.05.02-10.12.47:718][  0]LogTargetPlatformManager: Display: Loaded TargetPlatform 'LinuxAArch64NoEditor'
[2026.05.02-10.12.47:729][  0]LogTargetPlatformManager: Display: Loaded TargetPlatform 'LinuxAArch64Client'
[2026.05.02-10.12.47:739][  0]LogTargetPlatformManager: Display: Loaded TargetPlatform 'LinuxAArch64Server'
[2026.05.02-10.12.47:769][  0]LogTargetPlatformManager: Display: Loaded TargetPlatform 'Lumin'
[2026.05.02-10.12.47:769][  0]LogTargetPlatformManager: Display: Loaded TargetPlatform 'LuminClient'
[2026.05.02-10.12.47:783][  0]LogTargetPlatformManager: Display: Loaded TargetPlatform 'MacNoEditor'
[2026.05.02-10.12.47:795][  0]LogTargetPlatformManager: Display: Loaded TargetPlatform 'Mac'
[2026.05.02-10.12.47:805][  0]LogTargetPlatformManager: Display: Loaded TargetPlatform 'MacClient'
[2026.05.02-10.12.47:818][  0]LogTargetPlatformManager: Display: Loaded TargetPlatform 'MacServer'
[2026.05.02-10.12.47:833][  0]LogTargetPlatformManager: Display: Loaded TargetPlatform 'TVOSClient'
[2026.05.02-10.12.47:833][  0]LogTargetPlatformManager: Display: Loaded TargetPlatform 'TVOS'
[2026.05.02-10.12.47:849][  0]LogTargetPlatformManager: Display: Loaded TargetPlatform 'WindowsNoEditor'
[2026.05.02-10.12.47:860][  0]LogTargetPlatformManager: Display: Loaded TargetPlatform 'Windows'
[2026.05.02-10.12.47:871][  0]LogTargetPlatformManager: Display: Loaded TargetPlatform 'WindowsClient'
[2026.05.02-10.12.47:882][  0]LogTargetPlatformManager: Display: Loaded TargetPlatform 'WindowsServer'
[2026.05.02-10.12.47:882][  0]LogTargetPlatformManager: Display: Building Assets For Windows
[2026.05.02-10.12.47:911][  0]LogAudioDebug: Display: Lib vorbis DLL was dynamically loaded.
[2026.05.02-10.12.48:007][  0]LogTextureFormatOodle: Display: Oodle Texture 2.9.0 init RDO Off
[2026.05.02-10.12.48:114][  0]LogRendererCore: Ray tracing is disabled. Reason: r.RayTracing=0.
[2026.05.02-10.12.48:115][  0]LogShaderCompilers: Guid format shader working directory is -20 characters bigger than the processId version (../../../../../../Users/user/Documents/GitHub Unreal/Snake/Snake/Intermediate/Shaders/WorkingDirectory/17748/).
[2026.05.02-10.12.48:115][  0]LogShaderCompilers: Cleaned the shader compiler working directory 'C:/Users/user/AppData/Local/Temp/UnrealShaderWorkingDir/F44F16464117A174CB8039BF34B9FB64/'.
[2026.05.02-10.12.48:115][  0]LogXGEController: Cannot use XGE Controller as Incredibuild is not installed on this machine.
[2026.05.02-10.12.48:115][  0]LogShaderCompilers: Cannot use XGE Shader Compiler as Incredibuild is not installed on this machine.
[2026.05.02-10.12.48:115][  0]LogShaderCompilers: Display: Using Local Shader Compiler.
[2026.05.02-10.12.48:814][  0]LogDerivedDataCache: Display: Max Cache Size: 512 MB
[2026.05.02-10.12.48:873][  0]LogDerivedDataCache: Loaded boot cache 0.06s 94MB C:/Users/user/AppData/Local/UnrealEngine/4.27/DerivedDataCache/Boot.ddc.
[2026.05.02-10.12.48:873][  0]LogDerivedDataCache: Display: Loaded Boot cache: C:/Users/user/AppData/Local/UnrealEngine/4.27/DerivedDataCache/Boot.ddc
[2026.05.02-10.12.48:874][  0]LogDerivedDataCache: FDerivedDataBackendGraph:  Pak pak cache file ../../../../../../Users/user/Documents/GitHub Unreal/Snake/Snake/DerivedDataCache/DDC.ddp not found, will not use a pak cache.
[2026.05.02-10.12.48:874][  0]LogDerivedDataCache: Unable to find inner node Pak for hierarchical cache Hierarchy.
[2026.05.02-10.12.48:874][  0]LogDerivedDataCache: FDerivedDataBackendGraph:  CompressedPak pak cache file ../../../../../../Users/user/Documents/GitHub Unreal/Snake/Snake/DerivedDataCache/Compressed.ddp not found, will not use a pak cache.
[2026.05.02-10.12.48:874][  0]LogDerivedDataCache: Unable to find inner node CompressedPak for hierarchical cache Hierarchy.
[2026.05.02-10.12.48:892][  0]LogDerivedDataCache: Display: Pak cache opened for reading ../../../Engine/DerivedDataCache/Compressed.ddp.
[2026.05.02-10.12.48:892][  0]LogDerivedDataCache: FDerivedDataBackendGraph:  EnterprisePak pak cache file ../../../Enterprise/DerivedDataCache/Compressed.ddp not found, will not use a pak cache.
[2026.05.02-10.12.48:892][  0]LogDerivedDataCache: Unable to find inner node EnterprisePak for hierarchical cache Hierarchy.
[2026.05.02-10.12.48:912][  0]LogDerivedDataCache: Speed tests for C:/Users/user/AppData/Local/UnrealEngine/Common/DerivedDataCache took 0.02 seconds
[2026.05.02-10.12.48:912][  0]LogDerivedDataCache: Display: Performance to C:/Users/user/AppData/Local/UnrealEngine/Common/DerivedDataCache: Latency=0.03ms. RandomReadSpeed=506.28MBs, RandomWriteSpeed=55.18MBs. Assigned SpeedClass 'Local'
[2026.05.02-10.12.48:915][  0]LogDerivedDataCache: Using Local data cache path C:/Users/user/AppData/Local/UnrealEngine/Common/DerivedDataCache: Writable
[2026.05.02-10.12.48:915][  0]LogDerivedDataCache: Shared data cache path not found in *engine.ini, will not use an Shared cache.
[2026.05.02-10.12.48:915][  0]LogDerivedDataCache: Unable to find inner node Shared for hierarchical cache Hierarchy.
[2026.05.02-10.12.48:961][  0]LogSlate: Using FreeType 2.10.0
[2026.05.02-10.12.48:963][  0]LogSlate: SlateFontServices - WITH_FREETYPE: 1, WITH_HARFBUZZ: 1
[2026.05.02-10.12.48:994][  0]LogAssetRegistry: FAssetRegistry took 0.0050 seconds to start up
[2026.05.02-10.12.49:231][  0]LogInit: Selected Device Profile: [Windows]
[2026.05.02-10.12.49:231][  0]LogInit: Active device profile: [00000218596B4700][0000021858896640 49] Windows
[2026.05.02-10.12.49:231][  0]LogInit: Profiles: [00000218596B4700][0000021858896640 49] Windows, [000002185968B700][000002185889E780 49] WindowsNoEditor, [00000218596B7300][00000218589F48C0 49] WindowsServer, [0000021859688F00][00000218589FCA40 49] WindowsClient, [00000218596B7500][0000021858A0ABC0 49] IOS, [000002185966FF00][0000021858A0ED40 49] iPadAir, [000002185968BB00][0000021859E02EC0 49] iPadAir2, [0000021859630500][0000021852CF7180 49] IPadPro, [0000021859630600][0000021859E071C0 49] iPadAir3, [000002185966C100][0000021852CFB340 49] iPadAir4, [0000021859632C00][0000021852CFF4C0 49] iPadMini2, [000002185966E500][000002185A245640 49] iPadMini3, [0000021859633400][000002185A2497C0 49] iPadMini4, [000002185966CF00][000002185A24D940 49] iPadMini5, [0000021859617E00][000002185889BC00 49] iPhone6, [0000021859617F00][000002185A2500C0 49] iPodTouch6, [00000218596B7900][000002185A254380 49] iPhone7, [00000218596B6100][00000218588923C0 49] iPodTouch7, [0000021859614400][000002185A258540 49] iPhone5S, [0000021859633D00][00000218588066C0 49] iPhone6Plus, [00000218596B7400][00000218589F8800 49] iPhone6S, [0000021859632000][000002185A25C940 49] iPhone6SPlus, [00000218596B4900][000002185A260A80 49] iPhone7Plus, [0000021859630E00][000002185A264BC0 49] iPhoneSE, [00000218596B4200][000002185A26CD40 49] iPhone8, [0000021859632400][0000021859E70EC0 49] iPhone8Plus, [00000218596B5E00][0000021859E75040 49] iPhoneX, [0000021859633E00][0000021859E791C0 49] iPhoneXS, [00000218596B5600][0000021859E7D340 49] iPhoneXSMax, [0000021859632500][0000021859E814C0 49] iPhoneXR, [00000218596B6A00][0000021859E85640 49] iPhone11, [0000021859633A00][0000021859E897C0 49] iPhone11Pro, [00000218596B4F00][0000021859E8D940 49] iPhone11ProMax, [0000021859632300][0000021859E91AC0 49] iPhoneSE2, [00000218596B6700][0000021859E940C0 49] iPhone12Mini, [0000021859630700][0000021859E98240 49] iPhone12, [00000218596B7100][0000021859E9C3C0 49] iPhone12Pro, [0000021859633500][0000021859EA0540 49] iPhone12ProMax, [00000218596B4800][0000021859EA46C0 49] iPadPro105, [0000021859631C00][0000021859EA8840 49] iPadPro129, [00000218596B4300][000002185A268980 49] iPadPro97, [0000021859631D00][00000218586D8AC0 49] iPadPro2_129, [00000218596B4C00][00000218586DCC00 49] iPad5, [0000021859633000][00000218586E0D40 49] iPad6, [00000218596B6C00][00000218586E8EC0 49] iPad7, [0000021859632E00][00000218586ED040 49] iPad8, [00000218596B5800][00000218586F11C0 49] iPadPro11, [0000021859631B00][00000218586F5340 49] iPadPro2_11, [00000218596B5500][00000218586F94C0 49] iPadPro3_129, [0000021859632700][00000218586FD640 49] iPadPro4_129, [00000218596B4100][00000218587017C0 49] AppleTV, [0000021859632B00][0000021858705940 49] AppleTV4K, [00000218596B5B00][0000021858709AC0 49] TVOS, [0000021859630900][000002185870C0C0 49] Mac, [00000218596B5700][0000021858710240 49] MacClient, [0000021859632F00][00000218587143C0 49] MacNoEditor, [00000218596B4D00][0000021858718540 49] MacServer, [0000021859630300][000002185871C6C0 49] Linux, [00000218596B6E00][0000021858720840 49] LinuxAArch64, [0000021859631500][00000218587249C0 49] LinuxNoEditor, [00000218596B6400][0000021858728B40 49] LinuxAArch64NoEditor, [0000021859630200][00000218586E4C80 49] LinuxClient, [00000218596B6D00][000002185872CDC0 49] LinuxAArch64Client, [0000021859630C00][0000021858730F00 49] LinuxServer, [00000218596B4400][0000021858739080 49] LinuxAArch64Server, [0000021859631000][0000021851A57200 49] Android, [000002185966F900][0000021851A5B380 49] Android_Low, [0000021859615B00][0000021851A5F500 49] Android_Mid, [000002185966F000][0000021851A63680 49] Android_High, [0000021859616300][0000021851A67800 49] Android_Default, [000002185966E000][0000021851A6B980 49] Android_Adreno4xx, [0000021859614100][0000021851A6FB00 49] Android_Adreno5xx_Low, [000002185966CB00][0000021851A72100 49] Android_Adreno5xx, [0000021859615800][000002185873C280 49] Android_Adreno6xx, [000002185966D100][0000021858740400 49] Android_Adreno6xx_Vulkan, [0000021859614800][0000021858744580 49] Android_Mali_T6xx, [000002185966F600][0000021858748700 49] Android_Mali_T7xx, [0000021859614D00][000002185874C880 49] Android_Mali_T8xx, [000002185966FC00][0000021858750A00 49] Android_Mali_G71, [0000021859615500][0000021858754B80 49] Android_Mali_G72, [000002185966FE00][0000021858758D00 49] Android_Mali_G72_Vulkan, [0000021859617D00][0000021858734E40 49] Android_Mali_G76, [000002185966FA00][000002185875CF80 49] Android_Mali_G76_Vulkan, [0000021859617600][00000218587610C0 49] Android_Mali_G77, [000002185966E200][0000021858769240 49] Android_Mali_G77_Vulkan, [0000021859615200][0000021851AB13C0 49] Android_Mali_G78, [000002185966CA00][0000021851AB5540 49] Android_Mali_G78_Vulkan, [0000021859617000][0000021851AB96C0 49] Android_Mali_G710, [000002185966D400][0000021851ABD840 49] Android_Mali_G710_Vulkan, [0000021859614700][0000021851AC19C0 49] Android_Vulkan_SM5, [000002185966D800][0000021851AC5B40 49] Android_PowerVR_G6xxx, [0000021859614E00][0000021851AC8140 49] Android_PowerVR_GT7xxx, [000002185966C200][0000021851ACC2C0 49] Android_PowerVR_GE8xxx, [0000021859614600][0000021851AD0440 49] Android_PowerVR_GM9xxx, [000002185966E600][0000021851AD45C0 49] Android_PowerVR_GM9xxx_Vulkan, [0000021859630F00][0000021851AD8740 49] Android_TegraK1, [000002185966EA00][0000021851ADC8C0 49] Android_Unknown_Vulkan, [0000021859630D00][0000021851AE0A40 49] Lumin, [000002185966D200][0000021851AE4BC0 49] Lumin_Desktop, [0000021859630B00][0000021851AE8D40 49] HoloLens, 
[2026.05.02-10.12.49:406][  0]LogMeshReduction: Using QuadricMeshReduction for automatic static mesh reduction
[2026.05.02-10.12.49:407][  0]LogMeshReduction: Using SimplygonMeshReduction for automatic skeletal mesh reduction
[2026.05.02-10.12.49:407][  0]LogMeshReduction: Using ProxyLODMeshReduction for automatic mesh merging
[2026.05.02-10.12.49:407][  0]LogMeshReduction: No distributed automatic mesh merging module available
[2026.05.02-10.12.49:407][  0]LogMeshMerging: No distributed automatic mesh merging module available
[2026.05.02-10.12.49:430][  0]LogNetVersion: Snake 1.0.0, NetCL: 17155196, EngineNetVer: 17, GameNetVer: 0 (Checksum: 56763789)
[2026.05.02-10.12.49:826][  0]LogTexture: Default maximum texture size for cubemaps generated from long-lat sources has been changed from 512 to unlimited. In order to preserve old behaiour for '/Engine/MapTemplates/Sky/DaylightAmbientCubemap.DaylightAmbientCubemap', its maximum texture size has been explicitly set to 512.
[2026.05.02-10.12.49:886][  0]LogHMD: PokeAHoleMaterial loaded successfully
[2026.05.02-10.12.49:893][  0]LogUObjectArray: 17178 objects as part of root set at end of initial load.
[2026.05.02-10.12.49:893][  0]LogUObjectAllocator: 4302048 out of 0 bytes used by permanent object pool.
[2026.05.02-10.12.49:894][  0]LogUObjectArray: CloseDisregardForGC: 0/0 objects in disregard for GC pool
[2026.05.02-10.12.50:490][  0]LogNiagaraDebuggerClient: Niagara Debugger Client Initialized | Session: D91249764BC65A2B9CF93BB79858D905 | Instance: 0BCFCFFC48710F3D2D25769D3DD402D9 (WIN-F0BR1M2G8QI-17748).
[2026.05.02-10.12.50:553][  0]LogPython: Using Python 3.7.7
[2026.05.02-10.12.51:225][  0]LogTcpMessaging: Initializing TcpMessaging bridge
[2026.05.02-10.12.51:239][  0]LogUdpMessaging: Initializing bridge on interface 0.0.0.0:0 to multicast group 230.0.0.1:6666.
[2026.05.02-10.12.51:661][  0]SourceControl: Source control is disabled
[2026.05.02-10.12.51:661][  0]SourceControl: Source control is disabled
[2026.05.02-10.12.51:692][  0]SourceControl: Source control is disabled
[2026.05.02-10.12.51:703][  0]SourceControl: Source control is disabled
[2026.05.02-10.12.51:734][  0]SourceControl: Source control is disabled
[2026.05.02-10.12.51:764][  0]LogUProjectInfo: Found projects:
[2026.05.02-10.12.52:210][  0]LogOpenImageDenoise: OIDN starting up
[2026.05.02-10.12.52:345][  0]LogAudioCaptureCore: Display: No Audio Capture implementations found. Audio input will be silent.
[2026.05.02-10.12.52:345][  0]LogAudioCaptureCore: Display: No Audio Capture implementations found. Audio input will be silent.
[2026.05.02-10.12.52:446][  0]LogAndroidPermission: UAndroidPermissionCallbackProxy::GetInstance
[2026.05.02-10.12.52:597][  0]LogCollectionManager: Loaded 0 collections in 0.001408 seconds
[2026.05.02-10.12.52:648][  0]LogFileCache: Scanning file cache for directory 'C:/Users/user/Documents/GitHub Unreal/Snake/Snake/Saved/Collections/' took 0.00s
[2026.05.02-10.12.52:649][  0]LogFileCache: Scanning file cache for directory 'C:/Users/user/Documents/GitHub Unreal/Snake/Snake/Content/Developers/user/Collections/' took 0.00s
[2026.05.02-10.12.52:649][  0]LogFileCache: Scanning file cache for directory 'C:/Users/user/Documents/GitHub Unreal/Snake/Snake/Content/Collections/' took 0.00s
[2026.05.02-10.12.52:649][  0]LogOcInput: OculusInput pre-init called
[2026.05.02-10.12.52:922][  0]LogEngine: Initializing Engine...
[2026.05.02-10.12.52:930][  0]LogHMD: Failed to enumerate extensions. Please check that you have a valid OpenXR runtime installed.
[2026.05.02-10.12.52:930][  0]LogHMD: Failed to initialize OpenVR with code 110
[2026.05.02-10.12.52:930][  0]LogMagicLeap: Warning: VR disabled because ZI is not enabled.  To enable, in the editor, Edit -> Project Settings -> Plugins -> Magic Leap Plugin -> Enable Zero Iteration
[2026.05.02-10.12.52:931][  0]LogStats: UGameplayTagsManager::InitializeManager -  0.000 s
[2026.05.02-10.12.53:073][  0]LogInit: Initializing FReadOnlyCVARCache
[2026.05.02-10.12.53:092][  0]LogAIModule: Creating AISystem for world Untitled
[2026.05.02-10.12.53:125][  0]LogAudio: Display: Initializing Audio Device Manager...
[2026.05.02-10.12.53:132][  0]LogAudio: Display: Loading Default Audio Settings Objects...
[2026.05.02-10.12.53:133][  0]LogAudio: Display: No default SoundConcurrencyObject specified (or failed to load).
[2026.05.02-10.12.53:134][  0]LogAudio: Display: Audio Device Manager Initialized
[2026.05.02-10.12.53:134][  0]LogAudio: Display: Creating Audio Device:                 Id: 1, Scope: Shared, Realtime: True
[2026.05.02-10.12.53:134][  0]LogAudioMixer: Display: Audio Mixer Platform Settings:
[2026.05.02-10.12.53:134][  0]LogAudioMixer: Display: 	Sample Rate:						  48000
[2026.05.02-10.12.53:134][  0]LogAudioMixer: Display: 	Callback Buffer Frame Size Requested: 1024
[2026.05.02-10.12.53:134][  0]LogAudioMixer: Display: 	Callback Buffer Frame Size To Use:	  1024
[2026.05.02-10.12.53:134][  0]LogAudioMixer: Display: 	Number of buffers to queue:			  2
[2026.05.02-10.12.53:134][  0]LogAudioMixer: Display: 	Max Channels (voices):				  32
[2026.05.02-10.12.53:134][  0]LogAudioMixer: Display: 	Number of Async Source Workers:		  0
[2026.05.02-10.12.53:135][  0]LogAudio: Display: AudioDevice MaxSources: 32
[2026.05.02-10.12.53:135][  0]LogAudio: Display: Audio Spatialization Plugin: None (built-in).
[2026.05.02-10.12.53:135][  0]LogAudio: Display: Audio Reverb Plugin: None (built-in).
[2026.05.02-10.12.53:135][  0]LogAudio: Display: Audio Occlusion Plugin: None (built-in).
[2026.05.02-10.12.53:135][  0]LogAudioMixer: Display: Initializing audio mixer.
[2026.05.02-10.12.53:217][  0]LogAudioMixer: Display: 0: FrontLeft
[2026.05.02-10.12.53:217][  0]LogAudioMixer: Display: 1: FrontRight
[2026.05.02-10.12.53:272][  0]LogAudioMixer: Display: Using Audio Device Наушники (HONOR CHOICE Headphones Pro)
[2026.05.02-10.12.53:275][  0]LogAudioMixer: Display: Initializing Sound Submixes...
[2026.05.02-10.12.53:278][  0]LogAudioMixer: Display: Creating Master Submix 'MasterSubmixDefault'
[2026.05.02-10.12.53:278][  0]LogAudioMixer: Display: Creating Master Submix 'MasterReverbSubmixDefault'
[2026.05.02-10.12.53:279][  0]LogAudioMixer: Display: Creating Master Submix 'MasterEQSubmixDefault'
[2026.05.02-10.12.53:280][  0]LogAudioMixer: FMixerPlatformXAudio2::StartAudioStream() called
[2026.05.02-10.12.53:280][  0]LogAudioMixer: Display: Output buffers initialized: Frames=1024, Channels=2, Samples=2048
[2026.05.02-10.12.53:282][  0]LogAudioMixer: Display: Starting AudioMixerPlatformInterface::RunInternal()
[2026.05.02-10.12.53:283][  0]LogAudioMixer: Display: FMixerPlatformXAudio2::SubmitBuffer() called for the first time
[2026.05.02-10.12.53:283][  0]LogInit: FAudioDevice initialized.
[2026.05.02-10.12.53:283][  0]LogAudio: Display: Audio Device (ID: 1) registered with world 'Untitled'.
[2026.05.02-10.12.53:283][  0]LogNetVersion: Set ProjectVersion to 1.0.0.0. Version Checksum will be recalculated on next use.
[2026.05.02-10.12.53:376][  0]LogDerivedDataCache: Saved boot cache 0.09s 94MB C:/Users/user/AppData/Local/UnrealEngine/4.27/DerivedDataCache/Boot.ddc.
[2026.05.02-10.12.53:378][  0]LogInit: Texture streaming: Enabled
[2026.05.02-10.12.53:414][  0]LogAnalytics: Display: [UEEditor.Rocket.Release] APIServer = https://datarouter.ol.epicgames.com/. AppVersion = 4.27.2-18319896+++UE4+Release-4.27
[2026.05.02-10.12.53:424][  0]LogEngineSessionManager: EngineSessionManager initialized
[2026.05.02-10.12.53:425][  0]LogEngineSessionManager: EngineSessionManager sent abnormal shutdown report. Type=Debugger, SessionId={47B335D4-4FE6-4BD6-40FF-AB9E5321A6CC}
[2026.05.02-10.12.53:425][  0]LogEditorSessionSummary: Verbose: Initializing EditorSessionSummaryWriter for editor session tracking
[2026.05.02-10.12.53:429][  0]LogEditorSessionSummary: EditorSessionSummaryWriter initialized
[2026.05.02-10.12.53:469][  0]LogInit: Transaction tracking system initialized
[2026.05.02-10.12.53:528][  0]BlueprintLog: New page: Editor Load
[2026.05.02-10.12.53:687][  0]LocalizationService: Localization service is disabled
[2026.05.02-10.12.53:749][  0]TimingProfiler: Initialize
[2026.05.02-10.12.53:751][  0]TimingProfiler: OnSessionChanged
[2026.05.02-10.12.53:751][  0]LoadingProfiler: Initialize
[2026.05.02-10.12.53:751][  0]LoadingProfiler: OnSessionChanged
[2026.05.02-10.12.53:751][  0]NetworkingProfiler: Initialize
[2026.05.02-10.12.53:751][  0]NetworkingProfiler: OnSessionChanged
[2026.05.02-10.12.53:751][  0]MemoryProfiler: Initialize
[2026.05.02-10.12.53:751][  0]MemoryProfiler: OnSessionChanged
[2026.05.02-10.12.53:997][  0]LogCook: Display: CookSettings for Memory: MemoryMaxUsedVirtual 0MiB, MemoryMaxUsedPhysical 16384MiB, MemoryMinFreeVirtual 0MiB, MemoryMinFreePhysical 1024MiB
[2026.05.02-10.12.53:997][  0]LogCook: Display: Mobile HDR setting 1
[2026.05.02-10.12.54:418][  0]LogFileCache: Scanning file cache for directory 'C:/Users/user/Documents/GitHub Unreal/Snake/Snake/Content/' took 0.00s
[2026.05.02-10.12.54:593][  0]LogInit: Display: Engine is initialized. Leaving FEngineLoop::Init()
[2026.05.02-10.12.54:597][  0]SourceControl: Source control is disabled
[2026.05.02-10.12.54:598][  0]LogUnrealEdMisc: Loading editor; pre map load, took 10.410
[2026.05.02-10.12.54:598][  0]Cmd: MAP LOAD FILE="../../../../../../Users/user/Documents/GitHub Unreal/Snake/Snake/Content/main.umap" TEMPLATE=0 SHOWPROGRESS=1 FEATURELEVEL=3
[2026.05.02-10.12.54:598][  0]LightingResults: New page: Lighting Build
[2026.05.02-10.12.54:600][  0]LogWorld: UWorld::CleanupWorld for Untitled, bSessionEnded=true, bCleanupResources=true
[2026.05.02-10.12.54:600][  0]LogSlate: InvalidateAllWidgets triggered.  All widgets were invalidated
[2026.05.02-10.12.54:600][  0]MapCheck: New page: Map Check
[2026.05.02-10.12.54:600][  0]LightingResults: New page: Lighting Build
[2026.05.02-10.12.54:607][  0]LogAudio: Display: Audio Device unregistered from world 'None'.
[2026.05.02-10.12.54:613][  0]LogUObjectHash: Compacting FUObjectHashTables data took   1.08ms
[2026.05.02-10.12.54:671][  0]LogAudio: Display: Audio Device (ID: 1) registered with world 'main'.
[2026.05.02-10.12.54:672][  0]LogAIModule: Creating AISystem for world main
[2026.05.02-10.12.54:677][  0]LogEditorServer: Finished looking for orphan Actors (0.000 secs)
[2026.05.02-10.12.54:701][  0]LogUObjectHash: Compacting FUObjectHashTables data took   1.03ms
[2026.05.02-10.12.54:703][  0]Cmd: MAP CHECKDEP NOCLEARLOG
[2026.05.02-10.12.54:703][  0]MapCheck: Map check complete: 0 Error(s), 0 Warning(s), took 0,291ms to complete.
[2026.05.02-10.12.54:703][  0]LogFileHelpers: Loading map 'main' took 0.105
[2026.05.02-10.12.54:706][  0]LogUnrealEdMisc: Total Editor Startup Time, took 10.518
[2026.05.02-10.12.54:850][  0]LogSlate: Updating window title bar state: overlay mode, drag disabled, window buttons hidden, title bar hidden
[2026.05.02-10.12.54:858][  0]LogSlate: Updating window title bar state: overlay mode, drag disabled, window buttons hidden, title bar hidden
[2026.05.02-10.12.54:866][  0]LogSlate: Updating window title bar state: overlay mode, drag disabled, window buttons hidden, title bar hidden
[2026.05.02-10.12.54:873][  0]LogSlate: Updating window title bar state: overlay mode, drag disabled, window buttons hidden, title bar hidden
[2026.05.02-10.12.54:889][  0]LogNativeClassHierarchy: Verbose: Native class hierarchy populated in 0.0100 seconds. Added 3826 classes and 930 folders.
[2026.05.02-10.12.54:906][  0]LogNativeClassHierarchy: Verbose: Native class hierarchy updated for 'WidgetCarousel' in 0.0003 seconds. Added 0 classes and 0 folders.
[2026.05.02-10.12.54:909][  0]LogPakFile: PakFile PrimaryIndexSize=187
[2026.05.02-10.12.54:909][  0]LogPakFile: PakFile PathHashIndexSize=101
[2026.05.02-10.12.54:909][  0]LogPakFile: PakFile FullDirectoryIndexSize=148
[2026.05.02-10.12.54:909][  0]LogShaderLibrary: Display: ShaderCodeLibraryPakFileMountedCallback: PakFile 'C:/Program Files/Epic Games/UE_4.27/FeaturePacks/FP_FirstPerson.upack' (chunk index -1, root 'root:/') mounted
[2026.05.02-10.12.54:909][  0]LogShaderLibrary: Display: ShaderCodeLibraryPakFileMountedCallback: pending pak file info (ChunkID:-1 Root:root:/ File:C:/Program Files/Epic Games/UE_4.27/FeaturePacks/FP_FirstPerson.upack)
[2026.05.02-10.12.54:909][  0]LogPakFile: OnPakFileMounted2Time == 0.000405
[2026.05.02-10.12.54:911][  0]LogPakFile: PakFile PrimaryIndexSize=189
[2026.05.02-10.12.54:911][  0]LogPakFile: PakFile PathHashIndexSize=101
[2026.05.02-10.12.54:911][  0]LogPakFile: PakFile FullDirectoryIndexSize=152
[2026.05.02-10.12.54:911][  0]LogShaderLibrary: Display: ShaderCodeLibraryPakFileMountedCallback: PakFile 'C:/Program Files/Epic Games/UE_4.27/FeaturePacks/FP_FirstPersonBP.upack' (chunk index -1, root 'root:/') mounted
[2026.05.02-10.12.54:911][  0]LogShaderLibrary: Display: ShaderCodeLibraryPakFileMountedCallback: pending pak file info (ChunkID:-1 Root:root:/ File:C:/Program Files/Epic Games/UE_4.27/FeaturePacks/FP_FirstPersonBP.upack)
[2026.05.02-10.12.54:911][  0]LogPakFile: OnPakFileMounted2Time == 0.000201
[2026.05.02-10.12.54:913][  0]LogPakFile: PakFile PrimaryIndexSize=191
[2026.05.02-10.12.54:913][  0]LogPakFile: PakFile PathHashIndexSize=101
[2026.05.02-10.12.54:913][  0]LogPakFile: PakFile FullDirectoryIndexSize=160
[2026.05.02-10.12.54:913][  0]LogShaderLibrary: Display: ShaderCodeLibraryPakFileMountedCallback: PakFile 'C:/Program Files/Epic Games/UE_4.27/FeaturePacks/MobileStarterContent.upack' (chunk index -1, root 'root:/') mounted
[2026.05.02-10.12.54:913][  0]LogShaderLibrary: Display: ShaderCodeLibraryPakFileMountedCallback: pending pak file info (ChunkID:-1 Root:root:/ File:C:/Program Files/Epic Games/UE_4.27/FeaturePacks/MobileStarterContent.upack)
[2026.05.02-10.12.54:913][  0]LogPakFile: OnPakFileMounted2Time == 0.000308
[2026.05.02-10.12.54:914][  0]LogPakFile: PakFile PrimaryIndexSize=185
[2026.05.02-10.12.54:914][  0]LogPakFile: PakFile PathHashIndexSize=101
[2026.05.02-10.12.54:914][  0]LogPakFile: PakFile FullDirectoryIndexSize=148
[2026.05.02-10.12.54:914][  0]LogShaderLibrary: Display: ShaderCodeLibraryPakFileMountedCallback: PakFile 'C:/Program Files/Epic Games/UE_4.27/FeaturePacks/StarterContent.upack' (chunk index -1, root 'root:/') mounted
[2026.05.02-10.12.54:915][  0]LogShaderLibrary: Display: ShaderCodeLibraryPakFileMountedCallback: pending pak file info (ChunkID:-1 Root:root:/ File:C:/Program Files/Epic Games/UE_4.27/FeaturePacks/StarterContent.upack)
[2026.05.02-10.12.54:915][  0]LogPakFile: OnPakFileMounted2Time == 0.000281
[2026.05.02-10.12.54:916][  0]LogPakFile: PakFile PrimaryIndexSize=190
[2026.05.02-10.12.54:916][  0]LogPakFile: PakFile PathHashIndexSize=101
[2026.05.02-10.12.54:916][  0]LogPakFile: PakFile FullDirectoryIndexSize=154
[2026.05.02-10.12.54:916][  0]LogShaderLibrary: Display: ShaderCodeLibraryPakFileMountedCallback: PakFile 'C:/Program Files/Epic Games/UE_4.27/FeaturePacks/TP_2DSideScroller.upack' (chunk index -1, root 'root:/') mounted
[2026.05.02-10.12.54:916][  0]LogShaderLibrary: Display: ShaderCodeLibraryPakFileMountedCallback: pending pak file info (ChunkID:-1 Root:root:/ File:C:/Program Files/Epic Games/UE_4.27/FeaturePacks/TP_2DSideScroller.upack)
[2026.05.02-10.12.54:916][  0]LogPakFile: OnPakFileMounted2Time == 0.000283
[2026.05.02-10.12.54:917][  0]LogPakFile: PakFile PrimaryIndexSize=192
[2026.05.02-10.12.54:918][  0]LogPakFile: PakFile PathHashIndexSize=101
[2026.05.02-10.12.54:918][  0]LogPakFile: PakFile FullDirectoryIndexSize=158
[2026.05.02-10.12.54:918][  0]LogShaderLibrary: Display: ShaderCodeLibraryPakFileMountedCallback: PakFile 'C:/Program Files/Epic Games/UE_4.27/FeaturePacks/TP_2DSideScrollerBP.upack' (chunk index -1, root 'root:/') mounted
[2026.05.02-10.12.54:918][  0]LogShaderLibrary: Display: ShaderCodeLibraryPakFileMountedCallback: pending pak file info (ChunkID:-1 Root:root:/ File:C:/Program Files/Epic Games/UE_4.27/FeaturePacks/TP_2DSideScrollerBP.upack)
[2026.05.02-10.12.54:918][  0]LogPakFile: OnPakFileMounted2Time == 0.000175
[2026.05.02-10.12.54:919][  0]LogPakFile: PakFile PrimaryIndexSize=182
[2026.05.02-10.12.54:919][  0]LogPakFile: PakFile PathHashIndexSize=101
[2026.05.02-10.12.54:919][  0]LogPakFile: PakFile FullDirectoryIndexSize=138
[2026.05.02-10.12.54:919][  0]LogShaderLibrary: Display: ShaderCodeLibraryPakFileMountedCallback: PakFile 'C:/Program Files/Epic Games/UE_4.27/FeaturePacks/TP_Flying.upack' (chunk index -1, root 'root:/') mounted
[2026.05.02-10.12.54:919][  0]LogShaderLibrary: Display: ShaderCodeLibraryPakFileMountedCallback: pending pak file info (ChunkID:-1 Root:root:/ File:C:/Program Files/Epic Games/UE_4.27/FeaturePacks/TP_Flying.upack)
[2026.05.02-10.12.54:919][  0]LogPakFile: OnPakFileMounted2Time == 0.000164
[2026.05.02-10.12.54:921][  0]LogPakFile: PakFile PrimaryIndexSize=184
[2026.05.02-10.12.54:921][  0]LogPakFile: PakFile PathHashIndexSize=101
[2026.05.02-10.12.54:921][  0]LogPakFile: PakFile FullDirectoryIndexSize=142
[2026.05.02-10.12.54:921][  0]LogShaderLibrary: Display: ShaderCodeLibraryPakFileMountedCallback: PakFile 'C:/Program Files/Epic Games/UE_4.27/FeaturePacks/TP_FlyingBP.upack' (chunk index -1, root 'root:/') mounted
[2026.05.02-10.12.54:921][  0]LogShaderLibrary: Display: ShaderCodeLibraryPakFileMountedCallback: pending pak file info (ChunkID:-1 Root:root:/ File:C:/Program Files/Epic Games/UE_4.27/FeaturePacks/TP_FlyingBP.upack)
[2026.05.02-10.12.54:921][  0]LogPakFile: OnPakFileMounted2Time == 0.000204
[2026.05.02-10.12.54:923][  0]LogPakFile: PakFile PrimaryIndexSize=188
[2026.05.02-10.12.54:923][  0]LogPakFile: PakFile PathHashIndexSize=101
[2026.05.02-10.12.54:923][  0]LogPakFile: PakFile FullDirectoryIndexSize=150
[2026.05.02-10.12.54:923][  0]LogShaderLibrary: Display: ShaderCodeLibraryPakFileMountedCallback: PakFile 'C:/Program Files/Epic Games/UE_4.27/FeaturePacks/TP_HandheldARBP.upack' (chunk index -1, root 'root:/') mounted
[2026.05.02-10.12.54:923][  0]LogShaderLibrary: Display: ShaderCodeLibraryPakFileMountedCallback: pending pak file info (ChunkID:-1 Root:root:/ File:C:/Program Files/Epic Games/UE_4.27/FeaturePacks/TP_HandheldARBP.upack)
[2026.05.02-10.12.54:923][  0]LogPakFile: OnPakFileMounted2Time == 0.000155
[2026.05.02-10.12.54:931][  0]LogPakFile: PakFile PrimaryIndexSize=182
[2026.05.02-10.12.54:931][  0]LogPakFile: PakFile PathHashIndexSize=101
[2026.05.02-10.12.54:931][  0]LogPakFile: PakFile FullDirectoryIndexSize=138
[2026.05.02-10.12.54:931][  0]LogShaderLibrary: Display: ShaderCodeLibraryPakFileMountedCallback: PakFile 'C:/Program Files/Epic Games/UE_4.27/FeaturePacks/TP_Puzzle.upack' (chunk index -1, root 'root:/') mounted
[2026.05.02-10.12.54:931][  0]LogShaderLibrary: Display: ShaderCodeLibraryPakFileMountedCallback: pending pak file info (ChunkID:-1 Root:root:/ File:C:/Program Files/Epic Games/UE_4.27/FeaturePacks/TP_Puzzle.upack)
[2026.05.02-10.12.54:933][  0]LogPakFile: OnPakFileMounted2Time == 0.000293
[2026.05.02-10.12.54:934][  0]LogPakFile: PakFile PrimaryIndexSize=184
[2026.05.02-10.12.54:934][  0]LogPakFile: PakFile PathHashIndexSize=101
[2026.05.02-10.12.54:934][  0]LogPakFile: PakFile FullDirectoryIndexSize=142
[2026.05.02-10.12.54:934][  0]LogShaderLibrary: Display: ShaderCodeLibraryPakFileMountedCallback: PakFile 'C:/Program Files/Epic Games/UE_4.27/FeaturePacks/TP_PuzzleBP.upack' (chunk index -1, root 'root:/') mounted
[2026.05.02-10.12.54:934][  0]LogShaderLibrary: Display: ShaderCodeLibraryPakFileMountedCallback: pending pak file info (ChunkID:-1 Root:root:/ File:C:/Program Files/Epic Games/UE_4.27/FeaturePacks/TP_PuzzleBP.upack)
[2026.05.02-10.12.54:934][  0]LogPakFile: OnPakFileMounted2Time == 0.000250
[2026.05.02-10.12.54:935][  0]LogPakFile: PakFile PrimaryIndexSize=183
[2026.05.02-10.12.54:935][  0]LogPakFile: PakFile PathHashIndexSize=101
[2026.05.02-10.12.54:935][  0]LogPakFile: PakFile FullDirectoryIndexSize=140
[2026.05.02-10.12.54:935][  0]LogShaderLibrary: Display: ShaderCodeLibraryPakFileMountedCallback: PakFile 'C:/Program Files/Epic Games/UE_4.27/FeaturePacks/TP_Rolling.upack' (chunk index -1, root 'root:/') mounted
[2026.05.02-10.12.54:936][  0]LogShaderLibrary: Display: ShaderCodeLibraryPakFileMountedCallback: pending pak file info (ChunkID:-1 Root:root:/ File:C:/Program Files/Epic Games/UE_4.27/FeaturePacks/TP_Rolling.upack)
[2026.05.02-10.12.54:936][  0]LogPakFile: OnPakFileMounted2Time == 0.000160
[2026.05.02-10.12.54:937][  0]LogPakFile: PakFile PrimaryIndexSize=185
[2026.05.02-10.12.54:937][  0]LogPakFile: PakFile PathHashIndexSize=101
[2026.05.02-10.12.54:937][  0]LogPakFile: PakFile FullDirectoryIndexSize=144
[2026.05.02-10.12.54:937][  0]LogShaderLibrary: Display: ShaderCodeLibraryPakFileMountedCallback: PakFile 'C:/Program Files/Epic Games/UE_4.27/FeaturePacks/TP_RollingBP.upack' (chunk index -1, root 'root:/') mounted
[2026.05.02-10.12.54:937][  0]LogShaderLibrary: Display: ShaderCodeLibraryPakFileMountedCallback: pending pak file info (ChunkID:-1 Root:root:/ File:C:/Program Files/Epic Games/UE_4.27/FeaturePacks/TP_RollingBP.upack)
[2026.05.02-10.12.54:937][  0]LogPakFile: OnPakFileMounted2Time == 0.000148
[2026.05.02-10.12.54:938][  0]LogPakFile: PakFile PrimaryIndexSize=188
[2026.05.02-10.12.54:938][  0]LogPakFile: PakFile PathHashIndexSize=101
[2026.05.02-10.12.54:939][  0]LogPakFile: PakFile FullDirectoryIndexSize=150
[2026.05.02-10.12.54:939][  0]LogShaderLibrary: Display: ShaderCodeLibraryPakFileMountedCallback: PakFile 'C:/Program Files/Epic Games/UE_4.27/FeaturePacks/TP_SideScroller.upack' (chunk index -1, root 'root:/') mounted
[2026.05.02-10.12.54:939][  0]LogShaderLibrary: Display: ShaderCodeLibraryPakFileMountedCallback: pending pak file info (ChunkID:-1 Root:root:/ File:C:/Program Files/Epic Games/UE_4.27/FeaturePacks/TP_SideScroller.upack)
[2026.05.02-10.12.54:939][  0]LogPakFile: OnPakFileMounted2Time == 0.000215
[2026.05.02-10.12.54:940][  0]LogPakFile: PakFile PrimaryIndexSize=190
[2026.05.02-10.12.54:940][  0]LogPakFile: PakFile PathHashIndexSize=101
[2026.05.02-10.12.54:940][  0]LogPakFile: PakFile FullDirectoryIndexSize=154
[2026.05.02-10.12.54:940][  0]LogShaderLibrary: Display: ShaderCodeLibraryPakFileMountedCallback: PakFile 'C:/Program Files/Epic Games/UE_4.27/FeaturePacks/TP_SideScrollerBP.upack' (chunk index -1, root 'root:/') mounted
[2026.05.02-10.12.54:940][  0]LogShaderLibrary: Display: ShaderCodeLibraryPakFileMountedCallback: pending pak file info (ChunkID:-1 Root:root:/ File:C:/Program Files/Epic Games/UE_4.27/FeaturePacks/TP_SideScrollerBP.upack)
[2026.05.02-10.12.54:940][  0]LogPakFile: OnPakFileMounted2Time == 0.000163
[2026.05.02-10.12.54:941][  0]LogPakFile: PakFile PrimaryIndexSize=187
[2026.05.02-10.12.54:941][  0]LogPakFile: PakFile PathHashIndexSize=101
[2026.05.02-10.12.54:941][  0]LogPakFile: PakFile FullDirectoryIndexSize=148
[2026.05.02-10.12.54:941][  0]LogShaderLibrary: Display: ShaderCodeLibraryPakFileMountedCallback: PakFile 'C:/Program Files/Epic Games/UE_4.27/FeaturePacks/TP_ThirdPerson.upack' (chunk index -1, root 'root:/') mounted
[2026.05.02-10.12.54:941][  0]LogShaderLibrary: Display: ShaderCodeLibraryPakFileMountedCallback: pending pak file info (ChunkID:-1 Root:root:/ File:C:/Program Files/Epic Games/UE_4.27/FeaturePacks/TP_ThirdPerson.upack)
[2026.05.02-10.12.54:941][  0]LogPakFile: OnPakFileMounted2Time == 0.000183
[2026.05.02-10.12.54:943][  0]LogPakFile: PakFile PrimaryIndexSize=189
[2026.05.02-10.12.54:943][  0]LogPakFile: PakFile PathHashIndexSize=101
[2026.05.02-10.12.54:943][  0]LogPakFile: PakFile FullDirectoryIndexSize=152
[2026.05.02-10.12.54:943][  0]LogShaderLibrary: Display: ShaderCodeLibraryPakFileMountedCallback: PakFile 'C:/Program Files/Epic Games/UE_4.27/FeaturePacks/TP_ThirdPersonBP.upack' (chunk index -1, root 'root:/') mounted
[2026.05.02-10.12.54:943][  0]LogShaderLibrary: Display: ShaderCodeLibraryPakFileMountedCallback: pending pak file info (ChunkID:-1 Root:root:/ File:C:/Program Files/Epic Games/UE_4.27/FeaturePacks/TP_ThirdPersonBP.upack)
[2026.05.02-10.12.54:943][  0]LogPakFile: OnPakFileMounted2Time == 0.000146
[2026.05.02-10.12.54:944][  0]LogPakFile: PakFile PrimaryIndexSize=183
[2026.05.02-10.12.54:944][  0]LogPakFile: PakFile PathHashIndexSize=101
[2026.05.02-10.12.54:944][  0]LogPakFile: PakFile FullDirectoryIndexSize=140
[2026.05.02-10.12.54:944][  0]LogShaderLibrary: Display: ShaderCodeLibraryPakFileMountedCallback: PakFile 'C:/Program Files/Epic Games/UE_4.27/FeaturePacks/TP_TopDown.upack' (chunk index -1, root 'root:/') mounted
[2026.05.02-10.12.54:945][  0]LogShaderLibrary: Display: ShaderCodeLibraryPakFileMountedCallback: pending pak file info (ChunkID:-1 Root:root:/ File:C:/Program Files/Epic Games/UE_4.27/FeaturePacks/TP_TopDown.upack)
[2026.05.02-10.12.54:945][  0]LogPakFile: OnPakFileMounted2Time == 0.000166
[2026.05.02-10.12.54:945][  0]LogPakFile: PakFile PrimaryIndexSize=185
[2026.05.02-10.12.54:945][  0]LogPakFile: PakFile PathHashIndexSize=101
[2026.05.02-10.12.54:947][  0]LogPakFile: PakFile FullDirectoryIndexSize=144
[2026.05.02-10.12.54:947][  0]LogShaderLibrary: Display: ShaderCodeLibraryPakFileMountedCallback: PakFile 'C:/Program Files/Epic Games/UE_4.27/FeaturePacks/TP_TopDownBP.upack' (chunk index -1, root 'root:/') mounted
[2026.05.02-10.12.54:947][  0]LogShaderLibrary: Display: ShaderCodeLibraryPakFileMountedCallback: pending pak file info (ChunkID:-1 Root:root:/ File:C:/Program Files/Epic Games/UE_4.27/FeaturePacks/TP_TopDownBP.upack)
[2026.05.02-10.12.54:947][  0]LogPakFile: OnPakFileMounted2Time == 0.000143
[2026.05.02-10.12.54:947][  0]LogPakFile: PakFile PrimaryIndexSize=185
[2026.05.02-10.12.54:947][  0]LogPakFile: PakFile PathHashIndexSize=101
[2026.05.02-10.12.54:947][  0]LogPakFile: PakFile FullDirectoryIndexSize=144
[2026.05.02-10.12.54:947][  0]LogShaderLibrary: Display: ShaderCodeLibraryPakFileMountedCallback: PakFile 'C:/Program Files/Epic Games/UE_4.27/FeaturePacks/TP_TwinStick.upack' (chunk index -1, root 'root:/') mounted
[2026.05.02-10.12.54:948][  0]LogShaderLibrary: Display: ShaderCodeLibraryPakFileMountedCallback: pending pak file info (ChunkID:-1 Root:root:/ File:C:/Program Files/Epic Games/UE_4.27/FeaturePacks/TP_TwinStick.upack)
[2026.05.02-10.12.54:948][  0]LogPakFile: OnPakFileMounted2Time == 0.000132
[2026.05.02-10.12.54:948][  0]LogPakFile: PakFile PrimaryIndexSize=187
[2026.05.02-10.12.54:948][  0]LogPakFile: PakFile PathHashIndexSize=101
[2026.05.02-10.12.54:949][  0]LogPakFile: PakFile FullDirectoryIndexSize=148
[2026.05.02-10.12.54:949][  0]LogShaderLibrary: Display: ShaderCodeLibraryPakFileMountedCallback: PakFile 'C:/Program Files/Epic Games/UE_4.27/FeaturePacks/TP_TwinStickBP.upack' (chunk index -1, root 'root:/') mounted
[2026.05.02-10.12.54:949][  0]LogShaderLibrary: Display: ShaderCodeLibraryPakFileMountedCallback: pending pak file info (ChunkID:-1 Root:root:/ File:C:/Program Files/Epic Games/UE_4.27/FeaturePacks/TP_TwinStickBP.upack)
[2026.05.02-10.12.54:949][  0]LogPakFile: OnPakFileMounted2Time == 0.000149
[2026.05.02-10.12.54:949][  0]LogPakFile: PakFile PrimaryIndexSize=183
[2026.05.02-10.12.54:949][  0]LogPakFile: PakFile PathHashIndexSize=101
[2026.05.02-10.12.54:949][  0]LogPakFile: PakFile FullDirectoryIndexSize=140
[2026.05.02-10.12.54:949][  0]LogShaderLibrary: Display: ShaderCodeLibraryPakFileMountedCallback: PakFile 'C:/Program Files/Epic Games/UE_4.27/FeaturePacks/TP_Vehicle.upack' (chunk index -1, root 'root:/') mounted
[2026.05.02-10.12.54:949][  0]LogShaderLibrary: Display: ShaderCodeLibraryPakFileMountedCallback: pending pak file info (ChunkID:-1 Root:root:/ File:C:/Program Files/Epic Games/UE_4.27/FeaturePacks/TP_Vehicle.upack)
[2026.05.02-10.12.54:950][  0]LogPakFile: OnPakFileMounted2Time == 0.000179
[2026.05.02-10.12.54:950][  0]LogPakFile: PakFile PrimaryIndexSize=186
[2026.05.02-10.12.54:950][  0]LogPakFile: PakFile PathHashIndexSize=101
[2026.05.02-10.12.54:952][  0]LogPakFile: PakFile FullDirectoryIndexSize=146
[2026.05.02-10.12.54:952][  0]LogShaderLibrary: Display: ShaderCodeLibraryPakFileMountedCallback: PakFile 'C:/Program Files/Epic Games/UE_4.27/FeaturePacks/TP_VehicleAdv.upack' (chunk index -1, root 'root:/') mounted
[2026.05.02-10.12.54:952][  0]LogShaderLibrary: Display: ShaderCodeLibraryPakFileMountedCallback: pending pak file info (ChunkID:-1 Root:root:/ File:C:/Program Files/Epic Games/UE_4.27/FeaturePacks/TP_VehicleAdv.upack)
[2026.05.02-10.12.54:952][  0]LogPakFile: OnPakFileMounted2Time == 0.000306
[2026.05.02-10.12.54:953][  0]LogPakFile: PakFile PrimaryIndexSize=188
[2026.05.02-10.12.54:953][  0]LogPakFile: PakFile PathHashIndexSize=101
[2026.05.02-10.12.54:953][  0]LogPakFile: PakFile FullDirectoryIndexSize=150
[2026.05.02-10.12.54:953][  0]LogShaderLibrary: Display: ShaderCodeLibraryPakFileMountedCallback: PakFile 'C:/Program Files/Epic Games/UE_4.27/FeaturePacks/TP_VehicleAdvBP.upack' (chunk index -1, root 'root:/') mounted
[2026.05.02-10.12.54:953][  0]LogShaderLibrary: Display: ShaderCodeLibraryPakFileMountedCallback: pending pak file info (ChunkID:-1 Root:root:/ File:C:/Program Files/Epic Games/UE_4.27/FeaturePacks/TP_VehicleAdvBP.upack)
[2026.05.02-10.12.54:953][  0]LogPakFile: OnPakFileMounted2Time == 0.000234
[2026.05.02-10.12.54:955][  0]LogPakFile: PakFile PrimaryIndexSize=185
[2026.05.02-10.12.54:956][  0]LogPakFile: PakFile PathHashIndexSize=101
[2026.05.02-10.12.54:956][  0]LogPakFile: PakFile FullDirectoryIndexSize=144
[2026.05.02-10.12.54:956][  0]LogShaderLibrary: Display: ShaderCodeLibraryPakFileMountedCallback: PakFile 'C:/Program Files/Epic Games/UE_4.27/FeaturePacks/TP_VehicleBP.upack' (chunk index -1, root 'root:/') mounted
[2026.05.02-10.12.54:956][  0]LogShaderLibrary: Display: ShaderCodeLibraryPakFileMountedCallback: pending pak file info (ChunkID:-1 Root:root:/ File:C:/Program Files/Epic Games/UE_4.27/FeaturePacks/TP_VehicleBP.upack)
[2026.05.02-10.12.54:956][  0]LogPakFile: OnPakFileMounted2Time == 0.000192
[2026.05.02-10.12.54:957][  0]LogPakFile: PakFile PrimaryIndexSize=192
[2026.05.02-10.12.54:957][  0]LogPakFile: PakFile PathHashIndexSize=101
[2026.05.02-10.12.54:957][  0]LogPakFile: PakFile FullDirectoryIndexSize=158
[2026.05.02-10.12.54:957][  0]LogShaderLibrary: Display: ShaderCodeLibraryPakFileMountedCallback: PakFile 'C:/Program Files/Epic Games/UE_4.27/FeaturePacks/TP_VirtualRealityBP.upack' (chunk index -1, root 'root:/') mounted
[2026.05.02-10.12.54:957][  0]LogShaderLibrary: Display: ShaderCodeLibraryPakFileMountedCallback: pending pak file info (ChunkID:-1 Root:root:/ File:C:/Program Files/Epic Games/UE_4.27/FeaturePacks/TP_VirtualRealityBP.upack)
[2026.05.02-10.12.54:957][  0]LogPakFile: OnPakFileMounted2Time == 0.000150
[2026.05.02-10.12.55:029][  0]LogNativeClassHierarchy: Verbose: Native class hierarchy updated for 'AddContentDialog' in 0.0003 seconds. Added 0 classes and 0 folders.
[2026.05.02-10.12.55:033][  0]LogNativeClassHierarchy: Verbose: Native class hierarchy updated for 'SceneOutliner' in 0.0003 seconds. Added 2 classes and 0 folders.
[2026.05.02-10.12.55:136][  0]LogSlate: Took 0.000560 seconds to synchronously load lazily loaded font '../../../Engine/Content/Slate/Fonts/Roboto-Regular.ttf' (155K)
[2026.05.02-10.12.55:137][  0]LogSlate: Took 0.000416 seconds to synchronously load lazily loaded font '../../../Engine/Content/Editor/Slate/Fonts/FontAwesome.ttf' (139K)
[2026.05.02-10.12.55:141][  0]LogSlate: Took 0.000284 seconds to synchronously load lazily loaded font '../../../Engine/Content/Slate/Fonts/Roboto-Bold.ttf' (160K)
[2026.05.02-10.12.55:206][  0]LogRenderer: Reallocating scene render targets to support 1168x440 Format 9 NumSamples 1 (Frame:1).
[2026.05.02-10.12.55:271][  0]LogSlate: Took 0.000462 seconds to synchronously load lazily loaded font '../../../Engine/Content/Slate/Fonts/Roboto-Light.ttf' (167K)
[2026.05.02-10.12.55:537][  0]LogNativeClassHierarchy: Verbose: Native class hierarchy updated for 'HierarchicalLODOutliner' in 0.0003 seconds. Added 0 classes and 0 folders.
[2026.05.02-10.12.55:537][  0]LogLoad: (Engine Initialization) Total time: 11.35 seconds
[2026.05.02-10.12.55:537][  0]LogLoad: (Engine Initialization) Total Blueprint compile time: 0.00 seconds
[2026.05.02-10.12.55:601][  0]LogAssetRegistry: Asset discovery search completed in 6.6106 seconds
[2026.05.02-10.12.55:609][  0]LogCollectionManager: Fixed up redirectors for 0 collections in 0.000005 seconds (updated 0 objects)
[2026.05.02-10.12.55:611][  0]LogContentStreaming: Texture pool size now 600 MB
[2026.05.02-10.12.56:940][ 74]LogTemp: Repeating last play command: Selected Viewport
[2026.05.02-10.12.56:950][ 74]LogPlayLevel: PlayLevel: No blueprints needed recompiling
[2026.05.02-10.12.56:950][ 74]PIE: New page: PIE session: main (2 мая 2026 г., 16:12:56)
[2026.05.02-10.12.56:953][ 74]LogOnline: OSS: Creating online subsystem instance for: NULL
[2026.05.02-10.12.56:956][ 74]LogOnline: OSS: TryLoadSubsystemAndSetDefault: Loaded subsystem for module [NULL]
[2026.05.02-10.12.56:956][ 74]LogPlayLevel: Creating play world package: /Game/UEDPIE_0_main
[2026.05.02-10.12.56:959][ 74]LogPlayLevel: PIE: StaticDuplicateObject took: (0.003350s)
[2026.05.02-10.12.56:960][ 74]LogAIModule: Creating AISystem for world main
[2026.05.02-10.12.56:962][ 74]LogPlayLevel: PIE: World Init took: (0.002227s)
[2026.05.02-10.12.56:962][ 74]LogPlayLevel: PIE: Created PIE world by copying editor world from /Game/main.main to /Game/UEDPIE_0_main.main (0.006150s)
[2026.05.02-10.12.56:975][ 74]LogUObjectHash: Compacting FUObjectHashTables data took   1.00ms
[2026.05.02-10.12.56:980][ 74]LogAudio: Display: Creating Audio Device:                 Id: 2, Scope: Unique, Realtime: True
[2026.05.02-10.12.56:981][ 74]LogAudioMixer: Display: Audio Mixer Platform Settings:
[2026.05.02-10.12.56:981][ 74]LogAudioMixer: Display: 	Sample Rate:						  48000
[2026.05.02-10.12.56:981][ 74]LogAudioMixer: Display: 	Callback Buffer Frame Size Requested: 1024
[2026.05.02-10.12.56:981][ 74]LogAudioMixer: Display: 	Callback Buffer Frame Size To Use:	  1024
[2026.05.02-10.12.56:981][ 74]LogAudioMixer: Display: 	Number of buffers to queue:			  2
[2026.05.02-10.12.56:981][ 74]LogAudioMixer: Display: 	Max Channels (voices):				  32
[2026.05.02-10.12.56:981][ 74]LogAudioMixer: Display: 	Number of Async Source Workers:		  0
[2026.05.02-10.12.56:982][ 74]LogAudio: Display: AudioDevice MaxSources: 32
[2026.05.02-10.12.56:982][ 74]LogAudio: Display: Audio Spatialization Plugin: None (built-in).
[2026.05.02-10.12.56:982][ 74]LogAudio: Display: Audio Reverb Plugin: None (built-in).
[2026.05.02-10.12.56:982][ 74]LogAudio: Display: Audio Occlusion Plugin: None (built-in).
[2026.05.02-10.12.56:982][ 74]LogAudioMixer: Display: Initializing audio mixer.
[2026.05.02-10.12.56:987][ 74]LogAudioMixer: Display: 0: FrontLeft
[2026.05.02-10.12.56:987][ 74]LogAudioMixer: Display: 1: FrontRight
[2026.05.02-10.12.57:026][ 74]LogAudioMixer: Display: Using Audio Device Наушники (HONOR CHOICE Headphones Pro)
[2026.05.02-10.12.57:026][ 74]LogAudioMixer: Display: Initializing Sound Submixes...
[2026.05.02-10.12.57:027][ 74]LogAudioMixer: Display: Creating Master Submix 'MasterSubmixDefault'
[2026.05.02-10.12.57:027][ 74]LogAudioMixer: Display: Creating Master Submix 'MasterReverbSubmixDefault'
[2026.05.02-10.12.57:027][ 74]LogAudioMixer: Display: Creating Master Submix 'MasterEQSubmixDefault'
[2026.05.02-10.12.57:027][ 74]LogAudioMixer: FMixerPlatformXAudio2::StartAudioStream() called
[2026.05.02-10.12.57:027][ 74]LogAudioMixer: Display: Output buffers initialized: Frames=1024, Channels=2, Samples=2048
[2026.05.02-10.12.57:030][ 74]LogAudioMixer: Display: Starting AudioMixerPlatformInterface::RunInternal()
[2026.05.02-10.12.57:030][ 74]LogAudioMixer: Display: FMixerPlatformXAudio2::SubmitBuffer() called for the first time
[2026.05.02-10.12.57:030][ 74]LogInit: FAudioDevice initialized.
[2026.05.02-10.12.57:030][ 74]LogAudio: Display: Audio Device (ID: 2) registered with world 'main'.
[2026.05.02-10.12.57:060][ 74]LogLoad: Game class is 'SnakeGameModeBP_C'
[2026.05.02-10.12.57:062][ 74]LogWorld: Bringing World /Game/UEDPIE_0_main.main up for play (max tick rate 60) at 2026.05.02-13.12.57
[2026.05.02-10.12.57:062][ 74]LogWorld: Bringing up level for play took: 0.000760
[2026.05.02-10.12.57:064][ 74]LogOnline: OSS: Creating online subsystem instance for: :Context_1
[2026.05.02-10.12.57:068][ 74]LogNativeClassHierarchy: Verbose: Native class hierarchy updated for 'MovieSceneCapture' in 0.0003 seconds. Added 20 classes and 0 folders.
[2026.05.02-10.12.57:069][ 74]LogActor: Warning: SnakeElemBP_C /Game/UEDPIE_0_main.main:PersistentLevel.SnakeElemBP_C_0 has natively added scene component(s), but none of them were set as the actor's RootComponent - picking one arbitrarily
[2026.05.02-10.12.57:070][ 74]LogActor: Warning: SnakeElemBP_C /Game/UEDPIE_0_main.main:PersistentLevel.SnakeElemBP_C_1 has natively added scene component(s), but none of them were set as the actor's RootComponent - picking one arbitrarily
[2026.05.02-10.12.57:070][ 74]LogActor: Warning: SnakeElemBP_C /Game/UEDPIE_0_main.main:PersistentLevel.SnakeElemBP_C_2 has natively added scene component(s), but none of them were set as the actor's RootComponent - picking one arbitrarily
[2026.05.02-10.12.57:071][ 74]LogActor: Warning: SnakeElemBP_C /Game/UEDPIE_0_main.main:PersistentLevel.SnakeElemBP_C_3 has natively added scene component(s), but none of them were set as the actor's RootComponent - picking one arbitrarily
[2026.05.02-10.12.57:071][ 74]LogActor: Warning: SnakeElemBP_C /Game/UEDPIE_0_main.main:PersistentLevel.SnakeElemBP_C_4 has natively added scene component(s), but none of them were set as the actor's RootComponent - picking one arbitrarily
[2026.05.02-10.12.57:071][ 74]PIE: Server logged in
[2026.05.02-10.12.57:072][ 74]PIE: Play in editor total start time 0,125 seconds.
[2026.05.02-10.12.57:157][ 75]LogActor: Warning: SnakeElemBP_C /Engine/Transient.World_0:PersistentLevel.SnakeElemBP_C_0 has natively added scene component(s), but none of them were set as the actor's RootComponent - picking one arbitrarily
[2026.05.02-10.13.05:985][598]LogSlate: Updating window title bar state: overlay mode, drag disabled, window buttons hidden, title bar hidden
[2026.05.02-10.13.05:985][598]LogWorld: BeginTearingDown for /Game/UEDPIE_0_main
[2026.05.02-10.13.05:986][598]LogWorld: UWorld::CleanupWorld for main, bSessionEnded=true, bCleanupResources=true
[2026.05.02-10.13.05:986][598]LogSlate: InvalidateAllWidgets triggered.  All widgets were invalidated
[2026.05.02-10.13.06:004][598]LogPlayLevel: Display: Shutting down PIE online subsystems
[2026.05.02-10.13.06:007][598]LogSlate: InvalidateAllWidgets triggered.  All widgets were invalidated
[2026.05.02-10.13.06:010][598]LogAudio: Display: Audio Device unregistered from world 'None'.
[2026.05.02-10.13.06:011][598]LogAudioMixer: FMixerPlatformXAudio2::StopAudioStream() called
[2026.05.02-10.13.06:013][598]LogAudioMixer: FMixerPlatformXAudio2::StopAudioStream() called
[2026.05.02-10.13.06:018][598]LogSlate: Updating window title bar state: overlay mode, drag disabled, window buttons hidden, title bar hidden
[2026.05.02-10.13.06:020][598]LogUObjectHash: Compacting FUObjectHashTables data took   0.85ms
[2026.05.02-10.13.06:046][600]LogPlayLevel: Display: Destroying online subsystem :Context_1
[2026.05.02-10.13.08:666][752]LogTemp: Repeating last play command: Selected Viewport
[2026.05.02-10.13.08:673][752]LogPlayLevel: PlayLevel: No blueprints needed recompiling
[2026.05.02-10.13.08:674][752]PIE: New page: PIE session: main (2 мая 2026 г., 16:13:08)
[2026.05.02-10.13.08:674][752]LogPlayLevel: Creating play world package: /Game/UEDPIE_0_main
[2026.05.02-10.13.08:676][752]LogPlayLevel: PIE: StaticDuplicateObject took: (0.002387s)
[2026.05.02-10.13.08:677][752]LogAIModule: Creating AISystem for world main
[2026.05.02-10.13.08:678][752]LogPlayLevel: PIE: World Init took: (0.001986s)
[2026.05.02-10.13.08:678][752]LogPlayLevel: PIE: Created PIE world by copying editor world from /Game/main.main to /Game/UEDPIE_0_main.main (0.005105s)
[2026.05.02-10.13.08:683][752]LogUObjectHash: Compacting FUObjectHashTables data took   0.63ms
[2026.05.02-10.13.08:684][752]LogAudio: Display: Creating Audio Device:                 Id: 3, Scope: Unique, Realtime: True
[2026.05.02-10.13.08:684][752]LogAudioMixer: Display: Audio Mixer Platform Settings:
[2026.05.02-10.13.08:684][752]LogAudioMixer: Display: 	Sample Rate:						  48000
[2026.05.02-10.13.08:684][752]LogAudioMixer: Display: 	Callback Buffer Frame Size Requested: 1024
[2026.05.02-10.13.08:685][752]LogAudioMixer: Display: 	Callback Buffer Frame Size To Use:	  1024
[2026.05.02-10.13.08:685][752]LogAudioMixer: Display: 	Number of buffers to queue:			  2
[2026.05.02-10.13.08:685][752]LogAudioMixer: Display: 	Max Channels (voices):				  32
[2026.05.02-10.13.08:685][752]LogAudioMixer: Display: 	Number of Async Source Workers:		  0
[2026.05.02-10.13.08:685][752]LogAudio: Display: AudioDevice MaxSources: 32
[2026.05.02-10.13.08:685][752]LogAudio: Display: Audio Spatialization Plugin: None (built-in).
[2026.05.02-10.13.08:685][752]LogAudio: Display: Audio Reverb Plugin: None (built-in).
[2026.05.02-10.13.08:685][752]LogAudio: Display: Audio Occlusion Plugin: None (built-in).
[2026.05.02-10.13.08:685][752]LogAudioMixer: Display: Initializing audio mixer.
[2026.05.02-10.13.08:691][752]LogAudioMixer: Display: 0: FrontLeft
[2026.05.02-10.13.08:691][752]LogAudioMixer: Display: 1: FrontRight
[2026.05.02-10.13.08:732][752]LogAudioMixer: Display: Using Audio Device Наушники (HONOR CHOICE Headphones Pro)
[2026.05.02-10.13.08:732][752]LogAudioMixer: Display: Initializing Sound Submixes...
[2026.05.02-10.13.08:732][752]LogAudioMixer: Display: Creating Master Submix 'MasterSubmixDefault'
[2026.05.02-10.13.08:732][752]LogAudioMixer: Display: Creating Master Submix 'MasterReverbSubmixDefault'
[2026.05.02-10.13.08:733][752]LogAudioMixer: Display: Creating Master Submix 'MasterEQSubmixDefault'
[2026.05.02-10.13.08:733][752]LogAudioMixer: FMixerPlatformXAudio2::StartAudioStream() called
[2026.05.02-10.13.08:733][752]LogAudioMixer: Display: Output buffers initialized: Frames=1024, Channels=2, Samples=2048
[2026.05.02-10.13.08:735][752]LogAudioMixer: Display: Starting AudioMixerPlatformInterface::RunInternal()
[2026.05.02-10.13.08:735][752]LogAudioMixer: Display: FMixerPlatformXAudio2::SubmitBuffer() called for the first time
[2026.05.02-10.13.08:735][752]LogInit: FAudioDevice initialized.
[2026.05.02-10.13.08:735][752]LogAudio: Display: Audio Device (ID: 3) registered with world 'main'.
[2026.05.02-10.13.08:755][752]LogLoad: Game class is 'SnakeGameModeBP_C'
[2026.05.02-10.13.08:756][752]LogWorld: Bringing World /Game/UEDPIE_0_main.main up for play (max tick rate 60) at 2026.05.02-13.13.08
[2026.05.02-10.13.08:756][752]LogWorld: Bringing up level for play took: 0.000836
[2026.05.02-10.13.08:757][752]LogOnline: OSS: Creating online subsystem instance for: :Context_3
[2026.05.02-10.13.08:761][752]LogActor: Warning: SnakeElemBP_C /Game/UEDPIE_0_main.main:PersistentLevel.SnakeElemBP_C_0 has natively added scene component(s), but none of them were set as the actor's RootComponent - picking one arbitrarily
[2026.05.02-10.13.08:761][752]LogActor: Warning: SnakeElemBP_C /Game/UEDPIE_0_main.main:PersistentLevel.SnakeElemBP_C_1 has natively added scene component(s), but none of them were set as the actor's RootComponent - picking one arbitrarily
[2026.05.02-10.13.08:762][752]LogActor: Warning: SnakeElemBP_C /Game/UEDPIE_0_main.main:PersistentLevel.SnakeElemBP_C_2 has natively added scene component(s), but none of them were set as the actor's RootComponent - picking one arbitrarily
[2026.05.02-10.13.08:762][752]LogActor: Warning: SnakeElemBP_C /Game/UEDPIE_0_main.main:PersistentLevel.SnakeElemBP_C_3 has natively added scene component(s), but none of them were set as the actor's RootComponent - picking one arbitrarily
[2026.05.02-10.13.08:763][752]LogActor: Warning: SnakeElemBP_C /Game/UEDPIE_0_main.main:PersistentLevel.SnakeElemBP_C_4 has natively added scene component(s), but none of them were set as the actor's RootComponent - picking one arbitrarily
[2026.05.02-10.13.08:763][752]PIE: Server logged in
[2026.05.02-10.13.08:764][752]PIE: Play in editor total start time 0,093 seconds.
[2026.05.02-10.13.12:385][967]LogSlate: Updating window title bar state: overlay mode, drag disabled, window buttons hidden, title bar hidden
[2026.05.02-10.13.12:385][967]LogWorld: BeginTearingDown for /Game/UEDPIE_0_main
[2026.05.02-10.13.12:385][967]LogWorld: UWorld::CleanupWorld for main, bSessionEnded=true, bCleanupResources=true
[2026.05.02-10.13.12:385][967]LogSlate: InvalidateAllWidgets triggered.  All widgets were invalidated
[2026.05.02-10.13.12:406][967]LogPlayLevel: Display: Shutting down PIE online subsystems
[2026.05.02-10.13.12:408][967]LogSlate: InvalidateAllWidgets triggered.  All widgets were invalidated
[2026.05.02-10.13.12:414][967]LogSlate: Updating window title bar state: overlay mode, drag disabled, window buttons hidden, title bar hidden
[2026.05.02-10.13.12:414][967]LogAudioMixer: FMixerPlatformXAudio2::StopAudioStream() called
[2026.05.02-10.13.12:416][967]LogAudioMixer: FMixerPlatformXAudio2::StopAudioStream() called
[2026.05.02-10.13.12:422][967]LogUObjectHash: Compacting FUObjectHashTables data took   0.66ms
[2026.05.02-10.13.12:466][970]LogPlayLevel: Display: Destroying online subsystem :Context_3
[2026.05.02-10.13.15:143][109]LogSlate: Only BGRA pngs, bmps or icos are supported in by External Image Picker
[2026.05.02-10.13.55:800][580]LogHttp: Warning: 00000218129B4F00: invalid HTTP response code received. URL: https://datarouter.ol.epicgames.com/datarouter/api/v1/public/data?SessionID=%7B84A0F01C-487C-E690-DD25-FDA0374B8DA4%7D&AppID=UEEditor.Rocket.Release&AppVersion=4.27.2-18319896%2B%2B%2BUE4%2BRelease-4.27&UserID=348e9f624b4a3ef3be7fedaafb7de6fd%7Cb26187d4ee3a43c1989627066fea8b63%7C8e2446b4-2747-4f1f-8a88-f04adb2f4bc8&AppEnvironment=datacollector-binary&UploadType=eteventstream, HTTP code: 0, content length: 0, actual payload size: 0
[2026.05.02-10.13.55:802][580]LogHttp: Warning: 00000218129B4F00: request failed, libcurl error: 7 (Couldn't connect to server)
[2026.05.02-10.13.55:802][580]LogHttp: Warning: 00000218129B4F00: libcurl info message cache 0 (  Trying 127.0.0.1...)
[2026.05.02-10.13.55:802][580]LogHttp: Warning: 00000218129B4F00: libcurl info message cache 1 (TCP_NODELAY set)
[2026.05.02-10.13.55:802][580]LogHttp: Warning: 00000218129B4F00: libcurl info message cache 2 (connect to 127.0.0.1 port 12334 failed: Connection refused)
[2026.05.02-10.13.55:802][580]LogHttp: Warning: 00000218129B4F00: libcurl info message cache 3 (Failed to connect to 127.0.0.1 port 12334: Connection refused)
[2026.05.02-10.13.55:802][580]LogHttp: Warning: 00000218129B4F00: libcurl info message cache 4 (Closing connection 0)
[2026.05.02-10.13.55:803][580]LogHttp: Warning: Retry exhausted on https://datarouter.ol.epicgames.com/datarouter/api/v1/public/data?SessionID=%7B84A0F01C-487C-E690-DD25-FDA0374B8DA4%7D&AppID=UEEditor.Rocket.Release&AppVersion=4.27.2-18319896%2B%2B%2BUE4%2BRelease-4.27&UserID=348e9f624b4a3ef3be7fedaafb7de6fd%7Cb26187d4ee3a43c1989627066fea8b63%7C8e2446b4-2747-4f1f-8a88-f04adb2f4bc8&AppEnvironment=datacollector-binary&UploadType=eteventstream
[2026.05.02-10.14.55:929][ 52]LogHttp: Warning: 00000218129B4100: invalid HTTP response code received. URL: https://datarouter.ol.epicgames.com/datarouter/api/v1/public/data?SessionID=%7B84A0F01C-487C-E690-DD25-FDA0374B8DA4%7D&AppID=UEEditor.Rocket.Release&AppVersion=4.27.2-18319896%2B%2B%2BUE4%2BRelease-4.27&UserID=348e9f624b4a3ef3be7fedaafb7de6fd%7Cb26187d4ee3a43c1989627066fea8b63%7C8e2446b4-2747-4f1f-8a88-f04adb2f4bc8&AppEnvironment=datacollector-binary&UploadType=eteventstream, HTTP code: 0, content length: 0, actual payload size: 0
[2026.05.02-10.14.55:930][ 52]LogHttp: Warning: 00000218129B4100: request failed, libcurl error: 7 (Couldn't connect to server)
[2026.05.02-10.14.55:930][ 52]LogHttp: Warning: 00000218129B4100: libcurl info message cache 0 (Hostname in DNS cache was stale, zapped)
[2026.05.02-10.14.55:930][ 52]LogHttp: Warning: 00000218129B4100: libcurl info message cache 1 (  Trying 127.0.0.1...)
[2026.05.02-10.14.55:930][ 52]LogHttp: Warning: 00000218129B4100: libcurl info message cache 2 (TCP_NODELAY set)
[2026.05.02-10.14.55:931][ 52]LogHttp: Warning: 00000218129B4100: libcurl info message cache 3 (connect to 127.0.0.1 port 12334 failed: Connection refused)
[2026.05.02-10.14.55:931][ 52]LogHttp: Warning: 00000218129B4100: libcurl info message cache 4 (Failed to connect to 127.0.0.1 port 12334: Connection refused)
[2026.05.02-10.14.55:931][ 52]LogHttp: Warning: 00000218129B4100: libcurl info message cache 5 (Closing connection 1)
[2026.05.02-10.14.55:932][ 52]LogHttp: Warning: Retry exhausted on https://datarouter.ol.epicgames.com/datarouter/api/v1/public/data?SessionID=%7B84A0F01C-487C-E690-DD25-FDA0374B8DA4%7D&AppID=UEEditor.Rocket.Release&AppVersion=4.27.2-18319896%2B%2B%2BUE4%2BRelease-4.27&UserID=348e9f624b4a3ef3be7fedaafb7de6fd%7Cb26187d4ee3a43c1989627066fea8b63%7C8e2446b4-2747-4f1f-8a88-f04adb2f4bc8&AppEnvironment=datacollector-binary&UploadType=eteventstream
[2026.05.02-10.15.55:962][231]LogHttp: Warning: 00000218129B7200: invalid HTTP response code received. URL: https://datarouter.ol.epicgames.com/datarouter/api/v1/public/data?SessionID=%7B84A0F01C-487C-E690-DD25-FDA0374B8DA4%7D&AppID=UEEditor.Rocket.Release&AppVersion=4.27.2-18319896%2B%2B%2BUE4%2BRelease-4.27&UserID=348e9f624b4a3ef3be7fedaafb7de6fd%7Cb26187d4ee3a43c1989627066fea8b63%7C8e2446b4-2747-4f1f-8a88-f04adb2f4bc8&AppEnvironment=datacollector-binary&UploadType=eteventstream, HTTP code: 0, content length: 0, actual payload size: 0
[2026.05.02-10.15.55:963][231]LogHttp: Warning: 00000218129B7200: request failed, libcurl error: 7 (Couldn't connect to server)
[2026.05.02-10.15.55:963][231]LogHttp: Warning: 00000218129B7200: libcurl info message cache 0 (Hostname in DNS cache was stale, zapped)
[2026.05.02-10.15.55:963][231]LogHttp: Warning: 00000218129B7200: libcurl info message cache 1 (  Trying 127.0.0.1...)
[2026.05.02-10.15.55:963][231]LogHttp: Warning: 00000218129B7200: libcurl info message cache 2 (TCP_NODELAY set)
[2026.05.02-10.15.55:963][231]LogHttp: Warning: 00000218129B7200: libcurl info message cache 3 (connect to 127.0.0.1 port 12334 failed: Connection refused)
[2026.05.02-10.15.55:963][231]LogHttp: Warning: 00000218129B7200: libcurl info message cache 4 (Failed to connect to 127.0.0.1 port 12334: Connection refused)
[2026.05.02-10.15.55:963][231]LogHttp: Warning: 00000218129B7200: libcurl info message cache 5 (Closing connection 2)
[2026.05.02-10.15.56:300][232]LogHttp: Warning: Retry exhausted on https://datarouter.ol.epicgames.com/datarouter/api/v1/public/data?SessionID=%7B84A0F01C-487C-E690-DD25-FDA0374B8DA4%7D&AppID=UEEditor.Rocket.Release&AppVersion=4.27.2-18319896%2B%2B%2BUE4%2BRelease-4.27&UserID=348e9f624b4a3ef3be7fedaafb7de6fd%7Cb26187d4ee3a43c1989627066fea8b63%7C8e2446b4-2747-4f1f-8a88-f04adb2f4bc8&AppEnvironment=datacollector-binary&UploadType=eteventstream
